,13.00,43.00,8.00
236366,3830,3719,2415,2585,3957,3973,3941,3935,3892,3976,576,-0.8752,-0.2538,-0.4258,0.3662,-1.0376,0.1221,13.00,43.00,8.00
236419,3845,3728,2464,2650,3964,3976,3947,3937,3906,3974,578,-0.8761,-0.2545,-0.4272,0.7935,-0.6714,-0.2441,13.00,43.00,4.00
236467,3849,3723,2518,2694,3966,3976,3951,3938,3912,3975,576,-0.8733,-0.2555,-0.4277,0.3662,-0.7324,0.8545,13.00,43.00,4.00
236530,3855,3734,2564,2734,3965,3976,3952,3937,3917,3976,576,-0.8713,-0.2567,-0.4279,0.4272,0.1831,0.3662,13.00,44.00,5.00
236580,3856,3748,2580,2764,3971,3981,3951,3938,3916,3974,577,-0.8724,-0.2554,-0.4272,0.4883,0.8545,0.4272,13.00,44.00,5.00
236642,3859,3763,2591,2767,3969,3978,3953,3937,3917,3979,576,-0.8750,-0.2562,-0.4260,0.2441,0.7935,0.4883,13.00,41.00,6.00
236690,3858,3773,2586,2752,3971,3982,3953,3938,3916,3979,583,-0.8761,-0.2573,-0.4257,0.0610,0.9155,0.5493,13.00,41.00,6.00
236753,3858,3783,2585,2752,3972,3983,3955,3939,3919,3978,576,-0.8729,-0.2598,-0.4257,-0.1831,0.5493,0.8545,14.00,43.00,7.00
236801,3855,3790,2577,2757,3970,3982,3953,3940,3919,3980,579,-0.8728,-0.2584,-0.4257,0.0000,0.4272,0.3662,14.00,43.00,7.00
236864,3854,3792,2551,2759,3969,3981,3952,3938,3916,3979,577,-0.8744,-0.2585,-0.4249,0.1831,1.0986,0.1221,13.00,40.00,8.00
236926,3850,3797,2519,2749,3970,3983,3949,3939,3912,3980,579,-0.8744,-0.2604,-0.4244,0.0000,0.7935,0.3052,14.00,43.00,1.00
236986,3847,3800,2488,2727,3967,3979,3946,3938,3907,3981,578,-0.8763,-0.2612,-0.4231,0.4272,0.7324,-0.2441,14.00,43.00,1.00
237038,3845,3801,2477,2714,3969,3982,3944,3938,3900,3978,580,-0.8779,-0.2592,-0.4236,0.3662,0.5493,-0.1221,14.00,40.00,8.00
237086,3841,3801,2473,2710,3966,3983,3946,3937,3900,3978,577,-0.8755,-0.2589,-0.4221,0.1221,0.5493,0.0000,14.00,40.00,8.00
237149,3842,3802,2441,2692,3965,3985,3943,3935,3901,3978,580,-0.8738,-0.2587,-0.4215,0.0610,0.6714,0.1221,16.00,42.00,6.00
237198,3841,3803,2391,2697,3962,3985,3940,3937,3894,3981,582,-0.8752,-0.2576,-0.4208,0.4272,1.4038,0.0000,16.00,42.00,6.00
237262,3840,3803,2328,2692,3966,3983,3939,3935,3890,3981,575,-0.8768,-0.2581,-0.4199,0.0610,1.0986,0.4272,13.00,40.00,4.00
237311,3837,3805,2316,2691,3959,3985,3938,3930,3890,3981,580,-0.8787,-0.2595,-0.4197,0.1831,0.6714,0.3662,13.00,40.00,4.00
237375,3839,3806,2313,2697,3964,3982,3935,3934,3888,3977,579,-0.8770,-0.2604,-0.4203,0.1221,0.1831,0.2441,14.00,41.00,9.00
237425,3839,3806,2308,2695,3956,3986,3934,3936,3885,3980,578,-0.8761,-0.2610,-0.4196,0.1831,0.0000,0.1831,12.00,40.00,7.00
237473,3839,3806,2310,2693,3963,3982,3936,3935,3885,3978,579,-0.8763,-0.2589,-0.4211,0.2441,0.1831,0.0610,12.00,40.00,7.00
237535,3839,3807,2312,2687,3961,3985,3935,3933,3887,3980,579,-0.8752,-0.2588,-0.4207,0.2441,0.4883,0.0610,14.00,39.00,7.00
237595,3833,3812,2295,2625,3959,3983,3931,3930,3878,3979,576,-0.8765,-0.2596,-0.4183,0.1221,0.8545,0.3662,14.00,39.00,7.00
237658,3830,3813,2285,2519,3958,3983,3929,3932,3873,3978,579,-0.8783,-0.2609,-0.4187,0.3662,0.9155,0.1221,13.00,42.00,4.00
237720,3827,3813,2268,2514,3963,3983,3927,3930,3872,3980,579,-0.8768,-0.2592,-0.4181,0.2441,0.4883,0.1831,14.00,43.00,8.00
237780,3827,3818,2274,2535,3960,3989,3927,3933,3876,3980,578,-0.8778,-0.2609,-0.4187,0.3052,0.3662,0.0610,14.00,43.00,8.00
237844,3829,3815,2273,2561,3961,3984,3929,3933,3871,3978,578,-0.8765,-0.2601,-0.4174,0.2441,0.1831,0.1831,14.00,43.00,8.00
237892,3827,3816,2293,2583,3959,3983,3930,3932,3876,3980,578,-0.8763,-0.2600,-0.4170,0.2441,0.2441,0.0610,14.00,43.00,8.00
237954,3829,3819,2281,2604,3961,3984,3928,3934,3875,3980,583,-0.8760,-0.2593,-0.4185,0.4272,0.4883,-0.1221,13.00,40.00,3.00
238002,3826,3816,2287,2603,3961,3983,3930,3931,3875,3983,577,-0.8781,-0.2601,-0.4167,0.3662,0.2441,0.0000,13.00,40.00,3.00
238065,3828,3819,2289,2601,3961,3984,3929,3935,3873,3982,577,-0.8785,-0.2606,-0.4169,0.2441,-0.1221,-0.0610,17.00,41.00,7.00
238127,3829,3816,2310,2609,3960,3982,3932,3931,3874,3979,576,-0.8771,-0.2587,-0.4166,0.1831,0.3662,0.0000,15.00,41.00,3.00
238187,3827,3818,2312,2605,3961,3985,3927,3933,3875,3978,578,-0.8772,-0.2585,-0.4170,0.3662,0.5493,0.1831,15.00,41.00,3.00
238249,3825,3818,2308,2601,3962,3986,3931,3931,3876,3980,578,-0.8781,-0.2596,-0.4174,0.1221,0.3052,0.0610,13.00,41.00,5.00
238297,3827,3818,2312,2607,3961,3983,3932,3935,3873,3980,579,-0.8778,-0.2603,-0.4176,0.1831,0.0610,0.0000,13.00,41.00,5.00
238360,3827,3815,2322,2616,3957,3985,3931,3935,3878,3981,578,-0.8776,-0.2594,-0.4174,0.3052,-0.0610,0.0000,14.00,43.00,9.00
238422,3831,3816,2318,2657,3960,3983,3933,3935,3880,3981,577,-0.8773,-0.2598,-0.4161,0.1831,0.0610,0.1221,13.00,40.00,8.00
238481,3830,3820,2311,2665,3961,3983,3933,3932,3880,3981,576,-0.8777,-0.2588,-0.4186,0.2441,0.0610,0.1221,13.00,40.00,8.00
238544,3826,3816,2321,2668,3960,3982,3932,3932,3879,3978,576,-0.8770,-0.2585,-0.4181,0.3052,0.1221,0.0000,16.00,42.00,5.00
238605,3830,3819,2325,2690,3962,3984,3935,3934,3884,3979,575,-0.8784,-0.2596,-0.4182,0.1831,-0.0610,0.0000,16.00,42.00,5.00
238667,3829,3816,2327,2696,3963,3985,3936,3931,3884,3979,578,-0.8770,-0.2594,-0.4185,0.1831,-0.1221,0.0610,13.00,40.00,5.00
238729,3832,3816,2326,2705,3960,3984,3934,3931,3883,3980,576,-0.8773,-0.2588,-0.4161,0.2441,0.1221,0.0000,13.00,43.00,8.00
238790,3831,3815,2326,2705,3960,3981,3935,3929,3886,3980,576,-0.8776,-0.2587,-0.4174,0.1831,0.1831,0.0610,13.00,43.00,8.00
238852,3832,3815,2335,2712,3960,3982,3936,3928,3885,3980,577,-0.8790,-0.2600,-0.4174,0.0610,0.0000,0.0610,11.00,41.00,9.00
238912,3835,3814,2350,2737,3961,3982,3937,3934,3889,3980,576,-0.8771,-0.2590,-0.4185,0.2441,-0.2441,0.0610,11.00,41.00,9.00
238975,3832,3811,2352,2766,3958,3983,3941,3933,3887,3982,576,-0.8757,-0.2579,-0.4181,0.2441,-0.1831,-0.0610,13.00,40.00,8.00
239037,3840,3810,2356,2779,3961,3981,3940,3933,3894,3981,577,-0.8767,-0.2574,-0.4185,0.2441,0.1831,-0.0610,13.00,43.00,3.00
239085,3840,3813,2360,2778,3960,3982,3941,3932,3896,3979,578,-0.8781,-0.2579,-0.4181,0.1831,0.3052,0.0000,13.00,43.00,3.00
239149,3838,3812,2362,2790,3962,3985,3939,3933,3894,3981,578,-0.8776,-0.2589,-0.4188,0.1831,0.0610,0.0000,13.00,44.00,8.00
239209,3839,3805,2374,2795,3964,3980,3942,3930,3896,3981,581,-0.8765,-0.2589,-0.4181,0.1221,-0.0610,0.1831,13.00,44.00,8.00
239272,3841,3807,2393,2825,3961,3982,3943,3933,3898,3978,576,-0.8770,-0.2587,-0.4183,0.2441,-0.1831,0.0610,15.00,41.00,3.00
239334,3846,3804,2407,2844,3963,3984,3947,3935,3899,3975,576,-0.8760,-0.2572,-0.4183,0.2441,-0.1221,0.1221,13.00,40.00,9.00
239394,3847,3804,2421,2843,3963,3982,3944,3936,3902,3978,577,-0.8757,-0.2588,-0.4198,0.2441,0.1831,0.0000,13.00,40.00,9.00
239458,3848,3802,2419,2839,3961,3984,3944,3932,3896,3979,580,-0.8772,-0.2572,-0.4205,0.2441,0.3662,0.0000,15.00,39.00,6.00
239507,3847,3807,2413,2822,3964,3986,3942,3933,3896,3979,577,-0.8760,-0.2582,-0.4189,0.1831,0.3662,0.1831,15.00,39.00,6.00
239571,3846,3810,2375,2812,3961,3982,3944,3935,3897,3979,577,-0.8772,-0.2576,-0.4175,0.3052,0.4883,0.0000,16.00,40.00,4.00
239633,3841,3808,2363,2792,3964,3983,3941,3931,3896,3980,577,-0.8771,-0.2585,-0.4172,0.3052,0.4883,0.0610,14.00,41.00,9.00
239681,3840,3811,2358,2775,3962,3981,3939,3934,3893,3979,580,-0.8773,-0.2579,-0.4175,0.3052,0.4272,0.1831,14.00,41.00,9.00
239745,3839,3814,2359,2763,3960,3984,3937,3931,3891,3981,578,-0.8781,-0.2579,-0.4178,0.1831,0.4272,0.0610,14.00,42.00,7.00
239793,3840,3814,2337,2755,3962,3985,3940,3932,3887,3980,580,-0.8774,-0.2590,-0.4171,0.2441,0.2441,0.1221,14.00,42.00,7.00
239856,3840,3817,2358,2751,3960,3986,3940,3932,3884,3981,579,-0.8772,-0.2578,-0.4161,0.2441,0.1831,0.1221,12.00,40.00,8.00
239904,3837,3816,2369,2747,3963,3984,3939,3933,3891,3976,578,-0.8783,-0.2581,-0.4166,0.2441,0.2441,0.1221,12.00,40.00,8.00
239967,3838,3815,2376,2749,3958,3981,3938,3932,3891,3978,578,-0.8781,-0.2579,-0.4158,0.1221,-0.0610,0.1221,14.00,41.00,9.00
240015,3836,3816,2374,2753,3962,3981,3939,3933,3888,3981,577,-0.8772,-0.2583,-0.4180,0.2441,0.1831,0.1221,14.00,41.00,9.00
240078,3838,3814,2372,2759,3962,3986,3939,3932,3891,3979,579,-0.8760,-0.2577,-0.4176,0.2441,0.0610,0.1221,13.00,42.00,9.00
240140,3840,3815,2372,2756,3961,3986,3936,3933,3893,3981,579,-0.8776,-0.2577,-0.4187,0.0610,-0.0610,0.1831,14.00,42.00,8.00
240200,3839,3815,2373,2757,3961,3984,3939,3934,3890,3979,581,-0.8766,-0.2583,-0.4171,0.3662,0.4272,0.0000,14.00,42.00,8.00
240263,3838,3811,2365,2754,3963,3984,3940,3932,3888,3982,577,-0.8774,-0.2585,-0.4171,0.3052,0.1831,0.0610,12.00,40.00,7.00
240325,3840,3815,2372,2759,3962,3984,3937,3931,3889,3982,578,-0.8789,-0.2584,-0.4175,0.0610,0.0000,0.2441,16.00,41.00,6.00
240385,3839,3811,2370,2759,3961,3984,3941,3933,3895,3976,577,-0.8778,-0.2585,-0.4172,0.3052,0.0000,0.1831,16.00,41.00,6.00
240448,3839,3811,2370,2759,3962,3981,3940,3932,3892,3982,580,-0.8778,-0.2583,-0.4185,0.1221,0.1831,0.1221,13.00,43.00,3.00
240508,3840,3815,2378,2756,3963,3984,3937,3933,3890,3977,578,-0.8774,-0.2596,-0.4180,0.2441,0.1831,0.1831,13.00,43.00,3.00
240570,3841,3817,2375,2754,3957,3980,3941,3933,3892,3979,577,-0.8777,-0.2581,-0.4171,0.2441,0.1831,0.0610,14.00,44.00,5.00
240631,3837,3816,2372,2750,3961,3983,3941,3931,3890,3981,580,-0.8782,-0.2596,-0.4177,0.1831,0.1831,0.0610,13.00,42.00,8.00
240691,3836,3816,2378,2754,3963,3983,3938,3935,3893,3983,580,-0.8777,-0.2587,-0.4174,0.1831,0.1221,0.2441,13.00,42.00,8.00
240754,3836,3817,2379,2748,3960,3986,3936,3932,3892,3979,578,-0.8770,-0.2592,-0.4176,0.1831,0.3662,0.1221,12.00,41.00,6.00
240802,3838,3815,2377,2745,3962,3985,3936,3931,3889,3981,580,-0.8778,-0.2576,-0.4180,0.2441,0.3052,0.1221,12.00,41.00,6.00
240865,3838,3815,2379,2731,3960,3984,3934,3934,3889,3981,579,-0.8784,-0.2584,-0.4183,0.1221,0.0610,0.0610,13.00,43.00,6.00
240914,3834,3818,2366,2724,3962,3984,3938,3935,3889,3976,577,-0.8768,-0.2588,-0.4178,0.3052,0.2441,0.0610,13.00,43.00,6.00
240978,3835,3818,2376,2715,3962,3985,3939,3934,3889,3980,576,-0.8783,-0.2572,-0.4175,0.3052,0.1831,0.0000,13.00,41.00,8.00
241028,3837,3818,2381,2704,3961,3984,3938,3935,3885,3980,579,-0.8772,-0.2576,-0.4175,0.1831,0.0610,0.0000,14.00,39.00,9.00
241088,3831,3817,2357,2685,3961,3982,3935,3932,3891,3978,578,-0.8774,-0.2585,-0.4171,0.2441,0.3052,0.1831,14.00,39.00,9.00
241151,3834,3821,2376,2677,3963,3982,3934,3936,3887,3977,581,-0.8774,-0.2592,-0.4180,0.1831,0.1831,0.1221,13.00,41.00,6.00
241211,3834,3821,2376,2672,3961,3986,3936,3932,3885,3980,578,-0.8770,-0.2587,-0.4183,0.1831,0.0610,0.1221,13.00,41.00,6.00
241273,3830,3820,2383,2676,3965,3984,3934,3933,3888,3979,580,-0.8765,-0.2578,-0.4169,0.1831,0.2441,0.0610,12.00,43.00,4.00
241335,3834,3818,2363,2677,3960,3981,3935,3928,3887,3980,581,-0.8773,-0.2592,-0.4180,0.2441,0.0610,0.0610,13.00,42.00,6.00
241383,3834,3818,2375,2687,3961,3985,3938,3934,3887,3978,581,-0.8767,-0.2585,-0.4164,0.2441,0.0610,0.1831,13.00,42.00,6.00
241447,3833,3819,2361,2703,3962,3986,3936,3934,3885,3980,578,-0.8770,-0.2588,-0.4169,0.2441,0.0000,0.0610,16.00,43.00,11.00
241496,3833,3818,2371,2707,3964,3982,3938,3933,3888,3982,579,-0.8777,-0.2582,-0.4196,0.2441,0.0610,0.1221,16.00,43.00,11.00
241558,3838,3817,2364,2716,3962,3986,3942,3933,3880,3979,578,-0.8772,-0.2583,-0.4185,0.1831,0.1831,0.0610,13.00,43.00,6.00
241606,3838,3819,2368,2719,3961,3984,3941,3933,3889,3980,582,-0.8770,-0.2579,-0.4185,0.3052,0.1221,0.1221,13.00,43.00,6.00
241669,3836,3818,2375,2718,3971,3983,3940,3930,3888,3981,580,-0.8770,-0.2588,-0.4187,0.1831,0.0000,0.2441,13.00,42.00,7.00
241719,3836,3818,2374,2724,3962,3983,3936,3932,3891,3980,580,-0.8770,-0.2577,-0.4186,0.1831,0.0610,0.1221,13.00,42.00,7.00
241771,3839,3817,2359,2728,3960,3985,3939,3932,3889,3979,578,-0.8778,-0.2588,-0.4185,0.1831,0.1831,0.1221,9.00,43.00,6.00
241819,3837,3815,2351,2729,3961,3986,3939,3933,3892,3980,579,-0.8776,-0.2593,-0.4182,0.0610,0.0610,0.2441,9.00,43.00,6.00
241883,3836,3811,2349,2725,3967,3981,3940,3933,3888,3982,578,-0.8806,-0.2614,-0.4180,0.0000,-0.3052,0.3662,14.00,42.00,7.00
241933,3835,3805,2345,2722,3961,3982,3936,3932,3889,3978,581,-0.8794,-0.2600,-0.4176,0.0000,-0.6714,0.7324,14.00,40.00,2.00
241983,3829,3798,2329,2712,3955,3983,3931,3931,3885,3976,578,-0.8755,-0.2606,-0.4186,0.1221,-0.3052,0.4272,14.00,40.00,2.00
242047,3827,3784,2316,2716,3956,3982,3928,3929,3884,3978,581,-0.8759,-0.2618,-0.4209,0.1221,-1.9531,-0.3052,13.00,42.00,9.00
242095,3830,3771,2294,2727,3953,3981,3931,3929,3888,3975,581,-0.8727,-0.2583,-0.4213,0.3662,-2.0142,-0.4883,13.00,42.00,9.00
242159,3835,3767,2332,2789,3953,3976,3934,3932,3891,3970,581,-0.8691,-0.2587,-0.4225,0.5493,-1.0986,-1.1597,15.00,41.00,7.00
242207,3842,3772,2326,2833,3961,3981,3941,3932,3896,3975,582,-0.8767,-0.2571,-0.4214,0.4883,-1.8311,-1.2817,15.00,41.00,7.00
242271,3850,3790,2427,2818,3965,3986,3944,3932,3899,3980,581,-0.8365,-0.2404,-0.4294,-0.1221,-0.8545,0.3052,13.00,43.00,10.00
242319,3836,3829,2442,2176,3967,3984,3933,3939,3875,3985,583,-0.8701,-0.2576,-0.4216,-0.4272,3.3569,2.8076,13.00,43.00,10.00
242383,3835,3862,2516,1679,3980,3989,3927,3938,3849,3987,578,-0.8813,-0.2732,-0.4220,0.0610,1.7090,4.1504,13.00,42.00,4.00
242434,3836,3872,2544,1688,3983,3988,3933,3939,3844,3988,574,-0.8969,-0.2690,-0.4243,0.6104,-0.3052,1.2207,16.00,41.00,9.00
242483,3855,3869,2590,2101,3978,3989,3946,3943,3874,3987,581,-0.8934,-0.2740,-0.4240,0.7324,0.1221,1.9531,16.00,41.00,9.00
242535,3874,3864,2661,2488,3976,3984,3955,3939,3900,3989,583,-0.8702,-0.2645,-0.4193,1.8921,-1.2817,-1.0376,14.00,42.00,8.00
242584,3891,3858,2683,2779,3978,3987,3961,3940,3921,3988,584,-0.8678,-0.2584,-0.4213,0.9766,-1.6479,-0.9155,14.00,42.00,8.00
242647,3895,3858,2683,2895,3982,3986,3963,3946,3927,3990,587,-0.8789,-0.2620,-0.4247,-0.6104,-1.5259,1.2817,13.00,41.00,6.00
242695,3894,3854,2644,2924,3980,3985,3962,3945,3927,3987,586,-0.8821,-0.2626,-0.4259,-2.1362,-2.7466,2.3193,13.00,41.00,6.00
242748,3876,3835,2418,2914,3973,3986,3957,3949,3921,3985,588,-0.8711,-0.2704,-0.4316,-2.9907,-1.1597,3.4790,14.00,40.00,7.00
242796,3839,3804,2087,2805,3959,3983,3942,3947,3900,3983,588,-0.8750,-0.2734,-0.4292,-2.0142,-0.7324,1.3428,14.00,40.00,7.00
242860,3699,3670,1500,2501,3898,3967,3882,3934,3810,3948,587,-0.8788,-0.2600,-0.4272,-3.1738,-1.3428,6.7749,14.00,40.00,1.00
242909,3227,3334,373,1694,3710,3914,3746,3904,3430,3837,573,-0.8959,-0.2461,-0.4269,-6.1646,-2.3804,14.3433,14.00,40.00,1.00
242961,2439,2475,3,1461,2733,3743,3529,3845,2833,3140,552,-1.1708,0.4843,-0.4409,-60.0586,-18.1885,-12.8784,11.00,41.00,4.00
243010,2339,1977,0,1293,1891,3614,3488,3822,2652,2312,546,-0.8616,-0.3967,-0.6696,-73.7305,-30.4565,-35.8887,11.00,41.00,4.00
243074,2322,1987,0,1254,2044,3617,3450,3807,2621,2328,543,-0.9879,-0.0382,-0.3466,-45.2881,-25.5737,-44.6777,14.00,41.00,2.00
243122,2326,1891,2,1218,2187,3593,3404,3807,2615,2349,543,-0.9630,-0.2496,-0.2598,-64.2090,-38.3301,-48.8281,14.00,41.00,2.00
243185,2299,1818,1,1248,2404,3555,3364,3811,2612,2425,538,-0.9457,-0.2446,-0.2106,-55.4810,-24.1699,-44.0674,17.00,44.00,4.00
243236,2299,1736,2,1252,2647,3545,3335,3808,2588,2518,543,-0.9231,-0.2489,-0.2355,-64.6362,-11.4136,-49.5605,20.00,41.00,3.00
243285,2310,1769,2,1292,2903,3551,3310,3773,2595,2631,541,-0.8367,-0.2412,-0.2908,-26.7334,13.3057,-120.6055,20.00,41.00,3.00
243348,2366,1803,0,1291,3214,3573,3287,3760,2486,2920,544,-0.8604,-0.1631,-0.3800,-67.1387,-11.0474,-94.6655,26.00,41.00,2.00
243397,2689,1952,1,1336,3398,3583,3460,3797,2795,3091,551,-0.6951,-0.1655,-0.3969,-90.8813,-25.6958,-26.2451,26.00,41.00,2.00
243449,3218,3244,126,1437,3862,3897,3746,3756,3218,3878,549,-1.1155,-1.4955,-0.8795,-86.6089,9.0332,13.0615,28.00,44.00,-3.00
243500,3685,3758,1814,1847,3955,3978,3907,3853,3764,3974,561,-0.9497,-0.1125,-0.3934,0.0000,-10.5591,-11.4746,28.00,44.00,-3.00
243563,3855,3847,2647,2210,3978,3987,3947,3864,3895,3985,573,-0.8860,-0.2019,-0.4591,-36.9263,-5.3711,67.7490,27.00,41.00,2.00
243612,3873,3861,2716,2309,3980,3986,3956,3911,3911,3987,573,-0.8898,-0.2443,-0.4332,6.5308,6.0425,-4.3335,27.00,41.00,2.00
243676,3857,3869,2632,1767,3981,3991,3945,3921,3880,3989,576,-0.8849,-0.2255,-0.4337,-5.3711,-13.1836,13.0615,26.00,39.00,0.00
243738,3817,3868,2327,1567,3983,3988,3922,3918,3807,3989,575,-0.8616,-0.2648,-0.4355,-3.7231,-1.2207,7.0190,24.00,42.00,0.00
243787,3819,3869,2082,1222,3981,3992,3920,3917,3783,3992,575,-0.8594,-0.2693,-0.4451,-4.2114,-6.0425,10.1929,24.00,42.00,0.00
243851,3826,3873,1927,1178,3976,3990,3926,3916,3789,3987,576,-0.8593,-0.2839,-0.4479,-3.8452,1.5259,7.6904,24.00,41.00,0.00
243901,3824,3864,1801,1464,3980,3986,3927,3912,3792,3989,579,-0.8737,-0.2845,-0.4458,0.1831,-2.9907,1.2817,24.00,41.00,0.00
243952,3745,3818,1318,1512,3944,3983,3856,3908,3634,3976,579,-0.9055,-0.2490,-0.4546,-4.8828,-1.0986,10.3149,23.00,40.00,-3.00
244000,2834,3194,1,987,2768,3882,3373,3803,2618,3523,548,-1.5458,0.6772,-0.2489,-56.8237,-15.8691,63.4155,23.00,40.00,-3.00
244052,2633,2491,1,1280,1462,3699,3457,3756,2539,2141,543,-1.3506,-0.4169,-0.1804,-165.2832,21.6064,-127.7466,22.00,41.00,5.00
244101,2425,2408,1,1272,1322,3686,3489,3760,2578,2087,541,-0.8685,-0.0439,-0.3224,17.0288,33.2642,-9.7656,22.00,41.00,5.00
244153,2342,2202,2,1248,1452,3649,3473,3758,2603,2021,537,-1.0005,0.1636,-0.3569,54.7485,18.4937,-17.2119,23.00,43.00,3.00
244214,2330,2065,3,1141,1630,3605,3456,3748,2591,2013,534,-0.8484,-0.3226,-0.4674,117.4316,28.9917,-11.2305,23.00,43.00,3.00
244265,2325,1834,0,1129,1865,3537,3456,3733,2584,1977,533,-0.8232,-0.3057,-0.3478,127.9907,34.6069,2.0752,26.00,41.00,1.00
244315,2335,1659,0,1121,2326,3431,3457,3724,2572,1946,539,-0.5663,-0.8490,-0.7897,121.0937,12.5122,9.3384,26.00,41.00,1.00
244366,3116,2131,438,2134,3212,3702,3780,3812,3436,3339,562,0.0769,-0.3038,-0.8074,-2.8687,-150.0854,195.9228,25.00,44.00,2.00
244428,3908,3828,2685,2958,3971,3986,3961,3907,3926,3981,593,-1.1283,0.0325,-0.3822,12.2681,-15.2588,-9.8877,24.00,42.00,0.00
244478,3937,3823,2982,3275,3980,3986,3973,3904,3952,3982,598,-0.9015,-0.2319,-0.4188,11.5967,-7.9346,-7.6904,24.00,42.00,0.00
244542,3947,3803,3042,3447,3981,3980,3974,3911,3964,3979,596,-0.8632,-0.2452,-0.4371,3.4790,4.8828,-6.4697,20.00,42.00,-2.00
244590,3950,3795,3078,3495,3980,3980,3977,3912,3967,3982,596,-0.8613,-0.2102,-0.4585,1.3428,-9.7656,-4.7607,20.00,42.00,-2.00
244654,3949,3794,3076,3507,3985,3979,3977,3910,3967,3986,594,-0.8635,-0.2428,-0.4496,0.6714,-4.3335,-1.3428,22.00,42.00,1.00
244704,3948,3804,3056,3507,3983,3982,3978,3905,3968,3985,593,-0.8567,-0.2406,-0.4514,0.8545,1.2207,0.0000,22.00,42.00,1.00
244767,3948,3810,3069,3500,3981,3981,3977,3905,3966,3983,592,-0.8685,-0.2456,-0.4581,-0.3662,-0.9766,2.3193,22.00,43.00,-2.00
244829,3946,3808,3233,3471,3982,3982,3981,3906,3968,3982,593,-0.8641,-0.2489,-0.4607,-0.3662,0.2441,3.7231,24.00,43.00,-1.00
244879,3945,3796,3175,3431,3981,3982,3976,3905,3963,3986,594,-0.8673,-0.2488,-0.4546,-1.8921,0.4883,3.0518,24.00,43.00,-1.00
244930,3929,3774,3032,3296,3979,3977,3968,3907,3957,3980,593,-0.8573,-0.2502,-0.4609,-2.3193,1.4648,2.2583,21.00,43.00,-3.00
244978,3894,3693,2893,3130,3966,3968,3951,3901,3941,3974,596,-0.8717,-0.2499,-0.4547,-4.2725,-1.0376,4.3945,21.00,43.00,-3.00
245030,3831,3521,2508,2837,3931,3947,3921,3902,3906,3944,596,-0.8553,-0.2604,-0.4586,-5.5542,-2.9297,6.4087,19.00,41.00,-3.00
245078,3639,3120,1677,2391,3822,3877,3841,3890,3804,3840,589,-0.8945,-0.2035,-0.4507,-7.2021,-3.4790,10.9253,19.00,41.00,-3.00
245142,3057,1957,212,1591,2789,3654,3583,3855,3196,3169,553,-1.2654,0.4691,-0.1866,-76.9653,-6.8359,-51.8188,22.00,42.00,-1.00
245191,2654,1739,50,1138,1849,3537,3336,3792,2712,2435,537,-1.0349,-0.2203,-0.2350,-113.3423,-33.5693,-64.3311,22.00,42.00,-1.00
245254,2485,1702,51,1213,1940,3526,3333,3782,2629,2399,533,-1.0927,-0.1110,-0.1084,-113.0981,-10.1318,-86.7920,23.00,45.00,-4.00
245304,2420,1636,0,1146,2059,3504,3319,3771,2619,2407,533,-0.9980,-0.2489,-0.1663,-130.7983,-30.2734,-84.7168,23.00,45.00,-4.00
245367,2409,1455,2,1139,2374,3446,3301,3766,2617,2381,533,-0.9425,-0.2961,-0.2383,-125.3662,-25.8789,-72.9370,29.00,42.00,-4.00
245416,2359,1403,1,1113,2649,3406,3302,3764,2602,2374,534,-0.9373,-0.1888,-0.2511,-135.4980,-31.0669,-68.1152,29.00,42.00,-4.00
245468,2336,1348,1,1134,2912,3394,3293,3769,2577,2456,534,-0.8621,-0.2675,-0.2795,-172.1802,-35.4004,-80.2002,29.00,43.00,-11.00
245518,2432,1359,0,1029,3073,3375,3312,3773,2608,2567,532,-0.7582,-0.4849,-0.4191,-169.2505,-62.2559,-60.6079,29.00,43.00,-11.00
245570,3191,3057,95,1580,3827,3877,3781,3861,3402,3860,545,-0.5986,-2.6658,-1.0308,-181.2744,-19.9585,-65.0024,27.00,43.00,-18.00
245620,3743,3731,2249,2190,3962,3981,3937,3905,3855,3976,559,-1.0237,-0.0854,-0.4264,16.7847,5.7373,-28.1982,27.00,43.00,-18.00
245671,3876,3814,2736,2718,3975,3986,3959,3902,3925,3985,566,-0.8698,-0.0907,-0.4209,-1.8921,-4.0894,-22.2778,30.00,40.00,-19.00
245721,3890,3852,2913,2575,3980,3987,3963,3789,3929,3985,566,-0.8973,-0.2922,-0.4397,7.5684,27.4048,16.1133,30.00,40.00,-19.00
245772,3873,3859,2870,2379,3978,3987,3952,3865,3925,3984,570,-0.8845,-0.2343,-0.4233,1.2207,-8.6670,-2.8076,29.00,41.00,-19.00
245823,3820,3863,2747,1892,3979,3986,3938,3887,3890,3987,572,-0.8721,-0.2404,-0.4576,-7.8735,-6.7139,15.0146,29.00,41.00,-19.00
245874,3782,3865,2648,1756,3980,3988,3930,3872,3862,3990,569,-0.8655,-0.2670,-0.4401,0.5493,-0.3052,-1.4648,29.00,41.00,-21.00
245923,3790,3866,2593,1926,3977,3986,3932,3890,3862,3983,570,-0.8733,-0.2454,-0.4344,0.9155,-1.4648,0.8545,29.00,41.00,-21.00
245986,3822,3865,2591,2110,3978,3988,3943,3896,3883,3986,576,-0.8713,-0.2581,-0.4415,1.2817,-0.5493,0.3662,27.00,41.00,-20.00
246036,3841,3867,2452,2257,3977,3988,3949,3895,3885,3986,576,-0.8704,-0.2557,-0.4412,-1.7090,-4.3335,1.5259,28.00,42.00,-15.00
246087,3854,3864,2285,2410,3975,3991,3951,3885,3888,3986,582,-0.8704,-0.2585,-0.4502,-2.3804,-5.4321,2.6245,28.00,42.00,-15.00
246150,3845,3848,1817,2587,3963,3985,3940,3895,3869,3980,586,-0.8833,-0.2520,-0.4506,-1.5869,-2.0752,-0.5493,28.00,42.00,-17.00
246200,3778,3791,1216,2625,3918,3977,3909,3859,3806,3966,587,-0.8912,-0.2518,-0.4476,-7.3853,-8.8501,7.9956,28.00,42.00,-17.00
246262,3628,3349,286,2559,3725,3925,3866,3850,3717,3872,587,-1.0107,0.0737,-0.4008,-15.2588,-10.3149,0.6714,27.00,41.00,-21.00
246311,3448,2058,215,2221,3447,3642,3789,3812,3539,3163,578,-1.1252,0.1107,-0.1252,-264.9536,-43.5791,-161.3769,27.00,41.00,-21.00
246362,2812,1811,1,1031,3227,3495,3606,3819,2967,2576,551,-0.7855,-0.2069,-0.6689,-233.7646,-73.4253,-87.6465,29.00,39.00,-26.00
246411,2524,1760,1,1139,3124,3463,3572,3833,2988,2390,532,-0.6780,-0.7328,-0.3145,-182.4951,-77.4536,-90.6372,29.00,39.00,-26.00
246474,2516,2599,0,1034,3566,3756,3654,3823,3059,3453,533,-0.9432,-1.3237,-0.0747,-40.7715,27.7710,-8.3618,21.00,33.00,-26.00
246523,3200,3687,452,1598,3911,3972,3840,3877,3552,3959,548,-0.9547,-0.1227,-0.4275,17.3950,19.4092,-30.8228,21.00,33.00,-26.00
246575,3601,3751,1509,2131,3931,3979,3898,3882,3764,3967,554,-0.9063,-0.1909,-0.4202,8.2397,5.2490,-11.3525,22.00,33.00,-29.00
246623,3677,3758,1786,2279,3942,3976,3903,3887,3805,3970,555,-0.8826,-0.2527,-0.4270,-4.9438,-3.9062,10.2539,22.00,33.00,-29.00
246687,3767,3759,2144,2562,3949,3978,3924,3896,3855,3971,562,-0.8621,-0.2615,-0.4398,0.0000,-8.9722,-5.1880,22.00,33.00,-31.00
246737,3824,3769,2348,2666,3958,3983,3943,3897,3889,3976,565,-0.8649,-0.2325,-0.4443,3.1128,1.5869,-1.6479,23.00,32.00,-32.00
246786,3835,3781,2441,2799,3959,3983,3949,3907,3894,3974,568,-0.8770,-0.2393,-0.4338,0.3052,-0.6714,-0.0610,23.00,32.00,-32.00
246838,3841,3788,2485,2862,3961,3982,3951,3900,3904,3978,569,-0.8696,-0.2424,-0.4397,-1.2207,-2.6855,3.2959,21.00,36.00,-29.00
246887,3858,3792,2576,2944,3963,3983,3957,3900,3911,3982,570,-0.8750,-0.2433,-0.4368,1.6479,0.0610,-1.2207,21.00,36.00,-29.00
246951,3873,3790,2670,3075,3963,3977,3959,3905,3923,3978,570,-0.8618,-0.2457,-0.4408,0.0000,-1.9531,0.3662,21.00,35.00,-26.00
247011,3884,3797,2728,3161,3961,3985,3964,3905,3929,3979,573,-0.8691,-0.2394,-0.4443,1.4648,-0.3052,-1.0986,21.00,35.00,-26.00
247074,3884,3815,2783,3053,3971,3983,3961,3910,3930,3980,573,-0.8612,-0.2343,-0.4397,-0.2441,2.7466,1.0376,22.00,35.00,-30.00
247136,3879,3839,2791,2713,3974,3987,3956,3908,3922,3984,576,-0.8655,-0.2389,-0.4403,-0.1221,2.0752,2.3804,23.00,32.00,-30.00
247196,3820,3855,2619,2041,3978,3986,3945,3909,3877,3988,576,-0.8737,-0.2573,-0.4365,0.0000,3.9062,1.8311,23.00,32.00,-30.00
247248,3660,3868,2198,1586,3977,3989,3919,3904,3794,3990,559,-0.8723,-0.2413,-0.4366,-0.0610,2.9297,1.2207,22.00,34.00,-31.00
247297,3303,3867,1944,1255,3978,3989,3875,3907,3633,3986,541,-0.8845,-0.2522,-0.4336,-1.4038,2.1973,3.7231,22.00,34.00,-31.00
247360,3075,3870,1839,1309,3977,3992,3856,3904,3529,3985,534,-0.8817,-0.2540,-0.4315,-0.6714,1.0986,1.4038,24.00,33.00,-30.00
247420,2458,3839,1228,1184,3963,3987,3771,3895,3339,3984,537,-0.9359,-0.2686,-0.4404,-4.0283,-1.0986,7.5073,24.00,33.00,-30.00
247484,1690,2403,3,1056,3581,3672,3511,3855,2865,3291,446,-1.4619,-0.5636,-0.0273,8.9722,-26.5503,31.9824,20.00,34.00,-27.00
247546,1416,2331,0,1012,2971,3575,3511,3809,2724,2472,1,-0.9846,-0.6859,0.4541,26.6113,17.0288,-58.7769,22.00,29.00,-30.00
247607,1684,2235,0,1034,2674,3556,3476,3799,2714,2367,1,-0.5394,-0.8673,0.5010,-39.2456,51.0864,13.8550,22.00,29.00,-30.00
247670,1976,1854,0,1072,2424,3417,3495,3772,2691,1900,0,-1.0863,-0.6111,0.1439,-82.5806,93.2007,37.4146,19.00,36.00,-30.00
247730,2079,1648,0,1050,2461,3295,3483,3751,2574,1611,0,-1.2648,-0.4392,-0.7240,-110.7178,97.2290,69.8853,19.00,36.00,-30.00
247794,2103,1561,1,1054,2523,3256,3485,3761,2621,1442,0,-0.6113,0.0198,-0.7151,-82.2754,41.3208,25.4517,11.00,38.00,-17.00
247844,2120,1527,0,1068,2648,3258,3490,3764,2666,1609,0,-0.7095,-0.0229,-0.9478,-54.6875,16.9678,1.5869,7.00,36.00,-10.00
247894,2126,1443,3,1125,2806,3227,3463,3759,2558,1773,0,-0.5115,-0.3784,-1.2004,22.1558,-23.9868,28.6865,7.00,36.00,-10.00
247957,1493,3575,1,1257,3723,3960,3106,3797,1600,3875,0,-0.9189,-0.5604,0.0292,90.6982,-93.6890,-218.2617,12.00,33.00,-15.00
248006,1991,3826,2,1031,3829,3989,3348,3849,1925,3967,0,-0.6027,-0.3665,-0.5990,49.0112,-166.5649,-55.7251,12.00,33.00,-15.00
248069,3814,3845,2297,2098,3970,3987,3908,3910,3838,3983,559,-0.9304,-0.1486,-0.4248,-5.2490,-20.8130,-9.9487,17.00,28.00,-26.00
248129,3918,3841,2959,3387,3980,3986,3971,3914,3951,3989,571,-0.8998,-0.2227,-0.4589,2.5024,0.4883,-12.9395,17.00,28.00,-26.00
248192,3940,3780,3075,3670,3981,3977,3983,3915,3968,3984,558,-0.8945,-0.2261,-0.4775,5.0659,0.0000,-6.9580,18.00,27.00,-26.00
248242,3953,3484,3120,3749,3978,3935,3981,3913,3973,3960,536,-0.8599,-0.2358,-0.4556,-1.9531,-18.2495,0.5493,16.00,28.00,-31.00
248290,3961,2095,3135,3798,3964,3653,3985,3910,3977,3817,511,-0.8473,-0.2839,-0.5006,-1.2817,-2.6855,-2.1362,16.00,28.00,-31.00
248353,3968,1028,3174,3820,3931,3295,3984,3911,3977,3577,495,-0.8694,-0.1821,-0.4872,18.9209,-44.4336,-17.8833,20.00,25.00,-30.00
248401,3977,586,3191,3832,3882,2773,3984,3908,3978,2623,473,-0.8821,-0.2081,-0.5466,26.9165,-40.7104,-22.6440,20.00,25.00,-30.00
248464,3977,244,3197,3847,3765,2004,3983,3905,3979,671,431,-1.0212,-0.1683,-0.6031,27.2827,-44.1894,-24.2920,22.00,24.00,-27.00
248524,3983,260,3155,3853,2735,1990,3976,3902,3980,307,379,-1.3481,-0.3055,-0.7091,28.5034,-89.9048,-4.4556,22.00,24.00,-27.00
248587,3982,279,2664,3848,2293,2134,3967,3865,3977,543,349,-1.7484,-0.7749,-0.7399,115.1123,-206.5430,-32.8369,23.00,18.00,-34.00
248649,3962,1,1456,2922,2252,1907,3942,3863,3913,116,413,-2.1500,-0.5698,-1.4396,192.6880,-373.5962,-34.4849,33.00,0.00,-36.00
248710,3142,0,0,1134,542,2000,3491,3773,2889,1,488,1.0930,-0.5713,1.0619,194.3359,-207.3364,118.8965,33.00,0.00,-36.00
248772,2376,468,0,1131,411,2227,3506,3741,2814,0,494,-0.4149,-0.1140,0.6027,-0.2441,161.8652,45.5322,43.00,-8.00,-24.00
248834,2267,587,1,877,962,2331,3493,3763,2667,0,497,-0.7118,-0.4717,0.5975,-186.0351,250.1831,104.9805,37.00,7.00,-29.00
248894,2315,524,0,925,1439,2196,3492,3779,2601,0,499,-1.4200,-0.8875,-0.2206,-273.7427,297.3022,112.7319,37.00,7.00,-29.00
248957,2559,0,0,837,1986,1580,3529,3813,2377,1,497,-2.3269,-1.1219,-1.2095,-192.1387,240.4175,80.3833,21.00,25.00,-24.00
249018,2755,0,0,726,2565,1491,3582,3827,2282,4,494,-1.2131,-0.0356,-2.3862,-236.8774,205.2612,123.2910,21.00,25.00,-24.00
249081,2163,1352,1,955,3323,3273,3488,3821,2008,1993,500,-1.4614,0.0773,-3.8302,-26.8555,-5.0049,94.1162,6.00,33.00,-9.00
249143,3061,3865,2,1202,3867,3989,3547,3890,2590,3978,507,-1.1868,0.4521,-0.4109,136.9019,-301.7578,-101.0132,18.00,29.00,-16.00
249203,3862,3858,2440,1585,3978,3987,3917,3898,3855,3986,559,-1.0120,-0.1149,-0.2975,0.9155,-16.4185,-20.7520,18.00,29.00,-16.00
249266,3930,3829,3032,3490,3983,3986,3975,3898,3961,3986,572,-0.8914,-0.2391,-0.4852,6.1646,3.0518,2.5024,20.00,27.00,-23.00
249326,3949,3599,3275,3704,3984,3953,3983,3910,3976,3972,529,-0.8302,-0.2667,-0.4716,-2.9297,-12.7563,1.0986,20.00,27.00,-23.00
249390,3957,1417,3399,3764,3964,3381,3978,3912,3980,3744,495,-1.3962,-0.4825,-0.4866,12.0850,-29.1138,13.3057,21.00,27.00,-24.00
249452,3966,768,3563,3800,3900,2673,3979,3906,3983,2942,471,-0.7670,-0.2666,-0.5046,11.7187,-42.4805,-6.1035,18.00,26.00,-23.00
249512,3970,184,3565,3828,3804,2065,3981,3877,3982,1201,455,-0.7150,-0.2542,-0.5452,14.0381,-13.7939,-20.5078,18.00,26.00,-23.00
249576,3979,187,3578,3849,3768,1621,3983,3896,3984,750,428,-1.0070,-0.2679,-0.6053,23.4985,-17.9443,-32.1655,22.00,23.00,-24.00
249624,3983,184,3552,3865,3080,1790,3987,3894,3985,537,395,-1.3329,-0.2479,-0.6484,27.7710,-59.1431,-22.3389,22.00,23.00,-24.00
249688,3983,153,3135,3868,1718,1915,3972,3705,3986,463,351,-1.8762,-0.6730,-0.7527,95.6421,-178.4057,-21.5454,22.00,20.00,-27.00
249750,3970,3,1614,3512,2351,1811,3966,3887,3953,240,402,-2.5686,-0.9210,-0.9844,261.7798,-373.9624,-103.0884,31.00,4.00,-29.00
249800,3108,1,3,1449,1408,1521,3601,3808,3316,74,471,-1.0829,-1.2543,0.4963,199.2798,-305.5420,-84.6558,31.00,4.00,-29.00
249862,2379,0,0,1148,549,1516,3566,3765,2956,35,482,-0.7887,-0.3264,0.5575,8.8501,169.9829,68.8477,40.00,-6.00,-21.00
249912,2330,0,0,1060,460,1479,3560,3795,2823,0,487,-0.2119,-0.3326,0.8265,-126.1597,207.0312,103.2104,40.00,-6.00,-21.00
249963,2332,0,1,970,724,1473,3544,3797,2770,2,491,-0.8188,-0.7273,0.3256,-179.3823,287.4146,128.9062,34.00,7.00,-28.00
250012,2479,0,1,905,1461,1460,3581,3815,2648,2,491,-1.8809,-0.9142,-0.4806,-221.1304,312.6831,166.6870,34.00,7.00,-28.00
250074,2898,0,1,739,2218,1371,3620,3837,2384,1,486,-2.5533,-0.7971,-1.7762,-253.8452,205.9326,129.6997,17.00,18.00,-17.00
250123,2960,4,1,766,2842,1295,3679,3660,2369,0,479,-1.3738,-0.4846,-3.2302,-181.7016,111.2060,122.8638,17.00,18.00,-17.00
250186,2006,718,1,837,3201,2689,3536,3739,423,1286,492,-1.3496,0.6294,-3.2396,65.6128,-103.1494,-15.5029,7.00,19.00,-11.00
250248,1417,3845,2,991,3869,3991,3628,3871,2636,3971,502,-1.4589,0.6011,-0.3522,118.5913,-239.5019,-215.3320,14.00,14.00,-17.00
250308,3866,3849,2790,2876,3976,3986,3958,3893,3911,3986,579,-1.1068,-0.0830,-0.2977,9.5825,-0.7324,-46.5088,14.00,14.00,-17.00
250371,3939,3805,3324,3707,3983,3983,3984,3882,3965,3985,580,-0.9042,-0.2083,-0.4651,4.3945,0.7324,0.3662,16.00,9.00,-20.00
250420,3950,3581,3460,3788,3983,3945,3987,3906,3978,3967,539,-0.9231,-0.2544,-0.4760,-4.6387,-17.0288,5.6152,16.00,9.00,-20.00
250472,3958,1469,3481,3808,3962,3414,3988,3897,3981,3752,505,-1.4227,-0.3060,-0.4980,1.0376,2.4414,11.0474,16.00,10.00,-16.00
250520,3963,693,3472,3816,3898,2632,3980,3894,3978,2904,481,-0.7120,-0.2128,-0.4841,16.0522,-54.5654,-6.7139,16.00,10.00,-16.00
250583,3966,180,3471,3824,3806,1692,3977,3895,3980,797,459,-0.6790,-0.2169,-0.5201,9.6436,-32.2876,-7.1411,16.00,11.00,-22.00
250633,3971,167,3491,3833,3814,1494,3978,3898,3983,489,436,-0.8694,-0.2269,-0.5691,13.6108,-6.1646,-20.5078,16.00,11.00,-22.00
250695,3978,3,3514,3857,3600,1522,3983,3890,3984,331,394,-1.1038,-0.2983,-0.6279,14.8926,-33.2031,-13.1836,17.00,10.00,-21.00
250745,3984,4,3475,3862,2429,1683,3980,3876,3985,191,358,-1.5470,-0.4724,-0.7064,26.4282,-91.6138,-4.5166,17.00,8.00,-21.00
250805,3983,3,2829,3849,2440,1872,3976,3849,3979,474,318,-2.0686,-1.2141,-0.6853,159.1187,-257.2632,-34.9121,17.00,8.00,-21.00
250869,3929,1,320,2375,1438,1465,3906,3823,3879,96,414,-2.2693,-0.4166,-1.1163,214.1113,-431.8237,-56.5186,28.00,-6.00,-18.00
250919,2809,0,0,1011,1081,1324,3638,3805,3147,2,471,2.1156,-0.5940,1.2916,202.6977,-122.9248,106.3843,28.00,-6.00,-18.00
250981,2603,0,0,995,294,1417,3541,3772,2907,3,480,-0.3401,0.1239,0.8668,-6.2866,211.9751,79.5288,36.00,-10.00,-20.00
251031,2433,1,1,890,705,1578,3513,3774,2813,1,487,-0.5138,-0.5907,0.6976,-211.1816,262.5732,92.7734,36.00,-10.00,-20.00
251093,2460,1,1,867,1188,1379,3522,3784,2661,0,486,-1.4917,-0.9287,-0.2524,-256.8359,312.2559,135.1929,31.00,2.00,-26.00
251143,2667,0,0,832,1862,1315,3550,3811,2480,0,487,-2.3021,-1.4344,-1.1168,-217.1631,291.3208,130.8594,15.00,19.00,-17.00
251192,2779,0,0,664,2706,1209,3583,3820,891,0,483,-2.0139,-1.2778,-2.5996,-206.9092,266.2964,166.9922,15.00,19.00,-17.00
251254,2950,0,0,647,3086,1187,3664,3780,1939,2,479,-0.6766,1.7885,-3.6011,-35.1563,29.6631,136.3525,5.00,22.00,-9.00
251303,1309,3510,0,959,3826,3954,3469,3839,2131,3846,499,-0.6694,-0.4290,-0.2747,39.6118,-201.6601,-454.8340,5.00,22.00,-9.00
251354,1438,3864,0,792,3915,3992,3729,3891,3082,3978,495,-0.2736,-0.1786,-0.9908,121.8262,-311.4624,-47.3633,14.00,18.00,-18.00
251415,3821,3856,2615,2421,3979,3988,3958,3946,3908,3985,549,-0.8945,-0.1239,-0.3778,-6.4697,-60.7300,3.4180,14.00,18.00,-18.00
251478,3919,3829,3034,3334,3985,3982,3977,3938,3963,3986,547,-0.9242,-0.2114,-0.4526,2.6245,-2.8687,-6.1646,16.00,16.00,-23.00
251526,3931,3649,3040,3542,3982,3958,3982,3938,3970,3976,520,-0.8451,-0.2710,-0.4763,-3.7842,-11.1084,11.6577,16.00,16.00,-23.00
251589,3939,1430,3112,3621,3977,3432,3974,3955,3975,3804,498,-1.0775,-0.3578,-0.5011,-9.2163,-6.8970,23.6206,15.00,16.00,-22.00
251651,3945,203,3007,3645,3957,2523,3978,3935,3973,3303,469,-0.8405,-0.2756,-0.5048,10.0098,-39.4897,-1.2207,12.00,15.00,-22.00
251700,3953,174,3139,3725,3924,1570,3976,3906,3977,1709,448,-0.7722,-0.2988,-0.5438,22.5220,-29.6020,-24.4751,12.00,15.00,-22.00
251762,3976,3,2825,3823,3859,1510,3987,3910,3983,866,409,-0.9221,-0.1912,-0.5815,24.7803,-22.7661,-33.6304,17.00,12.00,-18.00
251823,3984,2,3144,3846,3363,1755,3980,3741,3982,360,365,-1.3749,-0.2975,-0.6658,19.1040,-84.2895,2.5024,17.00,12.00,-18.00
251884,3984,3,2944,3841,2035,1736,3979,3907,3984,396,316,-2.1964,-0.9280,-0.6477,102.2949,-209.7778,-4.2725,15.00,9.00,-25.00
251946,3964,2,1614,2604,2321,1347,3950,3874,3913,98,389,-2.7485,-0.4302,-1.2426,205.2002,-464.1723,-66.1011,24.00,-12.00,-21.00
251996,3203,0,2,909,719,1175,3550,3816,2942,0,467,2.1913,-0.9041,1.6169,181.0913,-242.4927,129.5166,24.00,-12.00,-21.00
252058,3055,0,2,695,591,1815,3379,3783,2549,1,483,-0.4768,-0.1384,0.8237,5.4321,243.8965,66.4063,34.00,-10.00,-24.00
252107,2530,381,0,688,801,2138,3455,3774,2484,1,484,-0.4088,-0.4497,0.9153,-156.4941,299.6826,112.9150,34.00,-10.00,-24.00
252171,2419,1,0,531,1159,1854,3474,3782,2458,0,488,-1.5284,-0.7775,-0.0538,-201.2939,344.3603,152.0386,24.00,12.00,-26.00
252219,2554,0,0,621,1666,1202,3504,3791,2286,3,490,-2.4753,-0.8784,-0.9626,-226.8066,296.6919,153.6865,24.00,12.00,-26.00
252282,2822,0,0,620,2733,1201,3569,3820,406,0,486,-1.6226,-0.5042,-2.9420,-241.8213,204.2236,136.3525,12.00,23.00,-8.00
252331,2841,0,0,542,3160,1200,3624,3836,1159,1,483,-0.1066,1.2877,-4.0000,-136.7187,9.0332,163.9404,12.00,23.00,-8.00
252394,1142,3772,0,1181,3860,3984,3562,3674,2235,3934,497,-0.9288,-1.8414,0.9763,161.0107,-213.7451,-359.8022,4.00,26.00,-16.00
252445,3712,3869,878,27,3974,3989,3873,3886,3547,3987,502,0.4421,0.0010,-1.4548,120.3613,-108.2764,-90.6372,15.00,24.00,-21.00
252505,3903,3855,2715,2790,3982,3985,3966,3895,3929,3982,579,-0.7118,-0.2821,-0.4952,-5.0049,-47.6074,-4.5166,15.00,24.00,-21.00
252568,3939,3814,3165,3574,3980,3984,3981,3855,3965,3986,573,-0.9364,-0.2106,-0.4487,0.4272,-6.5918,-4.9438,15.00,23.00,-23.00
252617,3951,3336,3403,3749,3978,3905,3983,3897,3975,3948,542,-0.6237,-0.2549,-0.4783,-3.4180,-10.9863,9.7656,15.00,23.00,-23.00
252679,3966,949,3285,3815,3927,3192,3981,3897,3981,3536,502,-0.8773,-0.2415,-0.4548,23.7427,-56.5796,-5.8594,17.00,21.00,-23.00
252727,3972,469,3161,3832,3789,2616,3980,3897,3983,2117,480,-0.7910,-0.2607,-0.5236,23.8037,-73.0591,-34.3628,17.00,21.00,-23.00
252790,3977,2,3158,3842,3660,1517,3980,3894,3984,391,451,-0.7728,-0.1886,-0.5663,20.0195,-29.1748,-18.3105,14.00,18.00,-24.00
252838,3981,3,3207,3852,3486,1519,3980,3899,3986,253,412,-0.9111,-0.1797,-0.6161,24.9023,-31.2500,-19.5313,14.00,18.00,-24.00
252901,3985,3,3149,3865,2598,1595,3978,3144,3984,249,368,-1.4012,-0.3981,-0.7496,33.6304,-90.7593,-10.7422,19.00,14.00,-24.00
252951,3984,1,2730,3857,2221,1764,3975,3920,3982,271,336,-1.8916,-0.6982,-0.7195,109.6802,-192.0166,-20.3857,22.00,8.00,-27.00
253000,3977,4,1979,3385,2610,1618,3972,3928,3955,234,385,-2.8247,-0.8838,-1.0291,228.8208,-386.7798,-88.0127,22.00,8.00,-27.00
253063,3217,0,1,1225,1227,1260,3580,3836,3166,0,470,1.5793,-1.5032,1.1976,201.2939,-319.3359,-8.1177,33.00,-11.00,-20.00
253113,2968,1,0,818,392,1369,3477,3772,2850,0,483,-1.0645,-0.0531,0.6616,110.4126,219.5434,134.0942,33.00,-11.00,-20.00
253176,2575,0,0,757,743,1912,3473,3799,2736,0,490,-0.2186,-0.3364,0.8940,-177.1850,262.7563,150.7568,38.00,0.00,-22.00
253226,2512,0,1,803,1122,1849,3470,3763,2642,0,490,-1.0883,-0.6670,0.2175,-238.9526,299.6216,164.1846,38.00,0.00,-22.00
253288,2710,0,0,463,2070,1232,3531,3841,2524,0,488,-2.3716,-1.0692,-0.9943,-265.8081,249.5117,160.8276,23.00,18.00,-23.00
253338,2858,0,1,552,2479,1205,3576,3867,2275,0,485,-1.5895,-0.4279,-2.0270,-206.5430,213.9892,87.4023,23.00,18.00,-23.00
253402,2752,0,2756,1,2755,1170,2754,1171,1800,2,484,-0.4823,0.6387,-3.4171,-136.5967,84.9609,145.8740,10.00,30.00,-10.00
253452,2016,2314,1,536,3351,3591,3518,3865,2067,2603,488,-1.4786,-0.4277,-2.2524,32.8369,-105.3467,-63.7817,7.00,28.00,-13.00
253501,1309,3836,1,1124,3783,3988,3555,3899,2348,3955,498,-1.8579,0.5751,-0.1317,133.3008,-209.6557,-259.3384,7.00,28.00,-13.00
253564,3770,3851,1616,1002,3972,3987,3909,3892,3785,3982,535,-0.8058,0.0040,-0.4714,4.5776,-25.8789,-39.0625,21.00,24.00,-19.00
253612,3885,3857,3064,2534,3982,3988,3959,3931,3925,3987,571,-0.7742,-0.2848,-0.5211,-0.1221,-0.7935,4.6997,21.00,24.00,-19.00
253675,3920,3830,3078,3197,3985,3982,3974,3945,3958,3984,564,-0.9474,-0.2739,-0.4475,4.2725,-15.7471,-8.5449,17.00,23.00,-21.00
253723,3935,3582,3149,3418,3984,3950,3980,3944,3970,3971,542,-0.8199,-0.2736,-0.4850,-1.5259,-14.6484,4.5166,17.00,23.00,-21.00
253786,3943,1404,3109,3572,3975,3405,3978,3928,3975,3789,501,-1.2850,-0.4414,-0.4987,-6.2256,-17.5171,23.9258,19.00,23.00,-19.00
253834,3948,447,3311,3676,3953,2604,3976,3947,3978,3351,475,-0.8308,-0.3025,-0.5074,14.5264,-49.2554,-4.3335,19.00,23.00,-19.00
253898,3968,3,3292,3788,3865,1519,3979,3919,3981,1193,448,-0.7587,-0.2549,-0.5571,24.2310,-32.4707,-31.4331,18.00,20.00,-21.00
253949,3978,1,3312,3835,3781,1511,3984,3882,3984,461,411,-0.9158,-0.1222,-0.5741,30.0293,-33.1421,-33.0811,20.00,19.00,-17.00
253997,3986,2,3310,3855,3306,1510,3984,3940,3987,278,377,-1.2421,-0.2985,-0.6866,20.3247,-74.9512,-4.0283,20.00,19.00,-17.00
254060,3984,2,3064,3861,1880,1741,3977,1109,3988,313,328,-1.7709,-0.7118,-0.7448,97.8393,-170.1660,-16.9067,22.00,15.00,-26.00
254109,3981,2,2189,3629,2776,1647,3976,3936,3961,272,357,-2.6847,-1.1671,-0.7401,232.7270,-358.3374,-80.2612,22.00,15.00,-26.00
254171,3417,0,1,1216,1053,1178,3605,3826,3235,1,462,-1.4829,-1.3264,0.2655,215.9424,-356.5674,-62.7441,34.00,-6.00,-21.00
254220,3024,0,1,592,616,1250,3557,3813,2901,0,476,-1.1140,-0.3583,0.6571,68.4814,207.3364,114.1357,34.00,-6.00,-21.00
254283,2651,0,0,852,668,1359,3529,3823,2714,3,482,-0.2762,-0.2240,0.8281,-150.5737,235.7788,108.2764,42.00,-1.00,-19.00
254332,2457,0,0,809,824,1371,3537,3829,2611,0,483,-0.8411,-0.8409,0.3370,-227.2339,293.8232,117.6758,42.00,-1.00,-19.00
254394,2555,0,1,786,1804,1210,3575,3851,2452,0,484,-2.1191,-1.1362,-0.5677,-245.8496,336.1816,158.1421,31.00,15.00,-25.00
254445,2929,0,0,692,2354,1160,3630,3853,893,0,481,-2.5885,-0.8445,-2.1232,-193.6645,217.9565,114.5019,16.00,28.00,-19.00
254505,2918,1,0,668,2932,1136,3685,3886,2253,3,477,-0.2832,-0.0040,-3.3877,-179.3213,83.3130,115.0513,16.00,28.00,-19.00
254557,1960,1514,3,605,3323,3205,3561,3870,2039,2095,485,-1.3322,0.7908,-3.3008,31.5552,-119.9951,-105.4077,9.00,28.00,-15.00
254617,3067,3860,1,1176,3894,3993,3646,3922,2808,3982,495,-0.4529,0.1744,-0.8541,147.5220,-297.2412,-108.7036,9.00,28.00,-15.00
254681,3828,3858,2629,1925,3975,3987,3935,3941,3884,3984,538,-0.8556,-0.1952,-0.3848,-6.7749,-34.1187,-11.9019,21.00,21.00,-22.00
254729,3894,3851,3208,2843,3981,3988,3967,3943,3938,3986,557,-0.9188,-0.2520,-0.4717,5.7983,9.8877,2.2583,21.00,21.00,-22.00
254792,3931,3766,3396,3450,3986,3976,3977,3929,3965,3983,543,-0.9436,-0.1912,-0.4739,-2.8076,-19.8975,1.4648,22.00,20.00,-29.00
254840,3937,2967,3404,3554,3980,3835,3978,3947,3970,3932,519,-0.7062,-0.2256,-0.5321,-2.8076,12.2681,14.4653,22.00,20.00,-29.00
254903,3943,736,3453,3619,3971,2899,3976,3949,3974,3582,483,-0.8673,-0.2791,-0.4999,23.9868,-59.8144,-11.2305,19.00,19.00,-28.00
254965,3959,6,3531,3724,3910,1574,3976,3946,3978,1609,450,-0.6436,-0.2878,-0.5491,17.2119,-42.6025,-6.1646,21.00,18.00,-26.00
255026,3974,0,3541,3822,3814,1480,3978,3945,3983,884,417,-0.8562,-0.1937,-0.5780,24.1089,-16.5405,-38.3911,21.00,18.00,-26.00
255089,3983,2,3522,3858,3376,1680,3980,3939,3985,396,376,-1.3020,-0.2877,-0.6779,25.1465,-70.2515,-10.8643,23.00,18.00,-29.00
255139,3988,2,3330,3860,1983,1837,3976,2577,3984,263,328,-1.7667,-0.5811,-0.7412,77.3315,-166.5649,-8.4229,23.00,18.00,-29.00
255201,3980,3,2203,3545,2642,1600,3981,3928,3960,256,364,-2.8778,-1.1003,-0.7454,231.6284,-383.6059,-81.6650,28.00,10.00,-28.00
255251,3632,2,0,1376,1002,1204,3695,3850,3450,1,449,-1.5736,-1.2679,-0.0547,196.7163,-399.7802,-29.2969,40.00,-13.00,-24.00
255312,2952,0,0,921,299,1184,3519,3808,2872,0,474,-1.2861,-0.1841,0.6925,99.3652,226.6846,134.8877,40.00,-13.00,-24.00
255375,2649,1,0,866,482,1504,3502,3750,2651,1,478,-0.4371,-0.2736,0.8535,-194.8852,252.9907,111.5112,45.00,-2.00,-27.00
255436,2518,0,0,630,916,1546,3509,3822,2520,0,484,-1.1199,-0.9545,0.1759,-244.1406,312.0728,144.4092,45.00,-2.00,-27.00
255499,2944,1,0,760,2038,1183,3570,3767,1799,1,481,-2.6422,-1.2371,-1.0597,-241.0889,277.2217,150.5737,26.00,14.00,-31.00
255549,3058,0,0,693,2941,1133,3602,3850,412,1,483,-0.8851,0.6897,-2.5771,-195.7397,200.3174,77.2705,7.00,31.00,-21.00
255598,3071,0,0,720,3063,1152,3643,3857,406,0,480,-0.2472,0.5795,-4.0000,-169.1894,57.6782,94.4824,7.00,31.00,-21.00
255661,1285,3832,5,1201,3807,3988,3552,3865,2260,3951,496,-2.3385,-0.2155,0.7963,192.7490,-189.3310,-266.0522,10.00,23.00,-24.00
255710,3707,3867,536,5,3972,3989,3854,3933,3560,3987,498,-0.1086,0.1820,-1.1294,98.3276,-134.0332,-79.9561,10.00,23.00,-24.00
255773,3899,3848,3163,2505,3984,3987,3958,3935,3932,3986,559,-0.7635,-0.3439,-0.5026,-3.7842,-45.0439,-2.1973,14.00,18.00,-24.00
255822,3928,3807,3382,3249,3985,3981,3974,3942,3963,3984,555,-0.9253,-0.2739,-0.4331,8.6060,-8.0566,0.7935,14.00,18.00,-24.00
255884,3938,3030,3468,3506,3981,3855,3975,3942,3973,3937,525,-0.6630,-0.2130,-0.5001,-12.9395,-13.5498,7.5073,13.00,19.00,-33.00
255932,3945,704,3464,3506,3974,3126,3971,3944,3977,3703,502,-1.2368,-0.4994,-0.4965,7.6294,-41.5039,22.4609,13.00,19.00,-33.00
255995,3955,1,3517,3596,3935,1605,3971,3944,3975,2481,473,-0.7823,-0.3477,-0.5240,20.7520,-43.7622,-18.6157,13.00,16.00,-35.00
256044,3974,1,3508,3753,3885,1432,3974,3945,3981,997,446,-0.7386,-0.2672,-0.5720,22.1558,-23.7427,-32.9590,13.00,16.00,-35.00
256106,3981,3,3534,3833,3855,1482,3981,3953,3986,778,406,-0.9980,-0.1913,-0.6031,29.8462,-23.1323,-36.4990,15.00,13.00,-35.00
256157,3989,1,3534,3852,3520,1530,3978,3946,3984,364,371,-1.3636,-0.2712,-0.6863,17.9443,-66.4063,-5.3101,19.00,12.00,-31.00
256205,3987,0,3400,3857,2141,1623,3973,3702,3986,288,327,-1.8018,-0.6652,-0.7300,63.9038,-163.7573,-5.3101,19.00,12.00,-31.00
256257,3982,2,2675,3646,2772,1522,3975,3931,3964,299,344,-2.6686,-1.2971,-0.8282,212.4023,-369.2016,-72.5098,26.00,0.00,-34.00
256317,3415,0,0,1120,937,1155,3560,3823,3167,2,459,-1.5599,-1.5209,0.3187,196.0449,-399.7192,-1.2207,26.00,0.00,-34.00
256381,2818,0,0,569,344,1190,3401,3769,2725,0,477,-1.3798,-0.5132,0.6173,106.5063,260.8032,79.4067,38.00,-15.00,-28.00
256431,2590,0,0,519,421,1720,3417,3768,2686,0,484,-0.2898,-0.0520,0.8630,-109.1919,230.4077,82.3364,38.00,-15.00,-28.00
256493,2454,0,0,603,1127,1759,3427,3761,2566,0,489,-0.8461,-0.8840,0.2253,-252.8686,289.9170,112.1216,34.00,1.00,-33.00
256541,2706,0,0,554,1837,1141,3453,3825,2442,1,486,-2.1263,-1.3033,-0.7268,-255.3711,320.6177,161.1328,34.00,1.00,-33.00
256605,3031,4,0,654,2883,1120,3610,3878,430,0,484,-2.2526,-1.1340,-2.7841,-287.7197,197.6929,143.4326,11.00,22.00,-25.00
256655,3017,1,3017,0,3182,1114,3176,1116,436,1,477,-0.1945,0.1503,-3.4354,-64.1479,96.3135,170.7153,-5.00,26.00,-14.00
256716,1513,3155,0,489,3746,3847,3460,3866,1866,3610,490,-1.1921,-0.1943,-1.8741,87.4023,-183.4717,-241.6992,-5.00,26.00,-14.00
256779,3116,3857,116,5,3963,3990,3822,3937,3388,3982,499,0.4706,-0.0654,-1.4662,87.2803,-277.6489,-68.2983,5.00,23.00,-18.00
256828,3907,3843,3275,3307,3978,3984,3974,3937,3944,3984,596,-0.9620,-0.1830,-0.3871,-1.0376,-37.1704,-10.6812,5.00,23.00,-18.00
256891,3947,3765,3467,3755,3984,3973,3983,3943,3965,3983,581,-0.9130,-0.2031,-0.4491,4.8218,2.1362,-4.0894,7.00,21.00,-21.00
256941,3961,3207,3498,3819,3975,3884,3987,3949,3977,3933,552,-0.8094,-0.2611,-0.5043,-4.5776,-15.3809,2.9907,7.00,21.00,-21.00
257005,3968,811,3413,3842,3861,3126,3982,3945,3982,3326,519,-0.8418,-0.2275,-0.4429,19.2261,-65.3687,6.4087,7.00,22.00,-27.00
257056,3967,538,3263,3850,3666,2652,3982,3943,3979,1888,498,-0.7592,-0.2153,-0.5302,20.6299,-49.1943,-17.9443,10.00,17.00,-23.00
257105,3969,3,3337,3856,3576,2045,3979,3942,3983,736,475,-0.7899,-0.2146,-0.5698,20.7520,-35.8887,-15.0146,10.00,17.00,-23.00
257168,3980,1,3386,3865,3516,1475,3979,3946,3984,215,430,-0.8884,-0.1184,-0.5842,22.3389,-36.1328,-23.4985,11.00,15.00,-26.00
257229,3986,3,3328,3873,2739,1589,3979,4,3987,196,379,-1.3303,-0.3579,-0.7233,33.2642,-88.3789,-7.0801,11.00,15.00,-26.00
257280,3986,1,2750,3867,1966,1646,3975,3848,3984,197,356,-1.8390,-0.7241,-0.7753,104.4922,-184.4482,-19.8364,15.00,12.00,-26.00
257329,3979,3,2201,3591,2630,1599,3976,3925,3956,313,395,-2.8427,-1.3479,-0.9912,264.5874,-375.1831,-81.1157,15.00,12.00,-26.00
257392,3384,0,1,1067,1469,1151,3577,3829,3085,0,475,0.9941,-1.2876,1.2152,240.5395,-315.7959,-35.8276,27.00,-10.00,-27.00
257442,3260,0,0,646,908,1426,3512,3797,2738,0,483,-1.1002,-0.0516,0.4696,27.8320,160.2783,139.4043,27.00,-10.00,-27.00
257505,2619,0,0,929,999,1819,3562,3814,2718,0,487,-0.3997,-0.3331,0.9845,-188.4155,247.1313,154.7852,35.00,-10.00,-23.00
257555,2546,0,0,730,1358,1791,3550,3802,2628,1,488,-1.1771,-0.7064,0.2017,-229.2480,306.8848,162.9639,23.00,4.00,-28.00
257605,2618,1,0,897,1716,1277,3543,3836,2511,0,493,-2.1184,-0.6406,-0.3660,-290.2832,301.0864,151.4893,23.00,4.00,-28.00
257656,2865,2,0,864,2368,1059,3573,3854,2253,0,489,-2.4264,-1.1805,-1.8191,-263.1226,256.8359,76.0498,7.00,22.00,-18.00
257705,2954,1,0,738,2879,1063,3612,3865,408,0,488,-0.6844,-0.2484,-3.1448,-177.9785,151.3062,146.9116,7.00,22.00,-18.00
257768,2212,2973,1,788,3581,3795,3507,3870,1809,3331,494,-1.1516,0.3574,-3.2521,67.8101,-181.8848,-105.8960,1.00,20.00,-15.00
257816,2095,3866,0,1314,3869,3989,3631,3918,2772,3977,497,-1.8575,0.6476,-0.1340,161.6821,-321.7773,-174.3774,1.00,20.00,-15.00
257880,3872,3863,2759,2053,3978,3987,3939,3942,3881,3983,545,-0.9508,-0.1156,-0.3268,-6.7749,-10.6201,-30.6396,10.00,16.00,-24.00
257929,3913,3857,3276,2722,3982,3989,3965,3946,3938,3988,561,-0.8795,-0.2572,-0.4686,1.5259,-4.7607,-0.1831,10.00,16.00,-24.00
257993,3928,3798,3439,3127,3984,3981,3975,3942,3963,3985,548,-0.9281,-0.2357,-0.4856,-4.3335,-23.1934,-0.5493,11.00,15.00,-16.00
258041,3932,3342,3569,3317,3982,3905,3976,3907,3967,3952,533,-0.7174,-0.2388,-0.5060,-1.9531,-13.3057,10.3760,11.00,15.00,-16.00
258105,3938,849,3576,3504,3977,3129,3975,3930,3974,3716,499,-1.0912,-0.3997,-0.5151,17.4561,-34.0576,-8.2397,11.00,14.00,-17.00
258155,3948,186,3598,3633,3963,2343,3979,3935,3977,3310,469,-0.8151,-0.2601,-0.5074,17.3340,-30.1514,-7.5684,10.00,13.00,-20.00
258204,3964,3,3616,3773,3925,1520,3979,3937,3981,1882,447,-0.7455,-0.2299,-0.5486,22.3389,-21.7895,-32.0435,10.00,13.00,-20.00
258267,3975,3,3649,3835,3855,1426,3984,3920,3982,1037,402,-1.1141,-0.1815,-0.6090,16.0522,-41.5649,-23.6816,13.00,12.00,-25.00
258328,3985,2,3620,3850,2541,1542,3979,3882,3983,283,356,-1.5696,-0.5585,-0.7460,37.5366,-126.2817,-1.5869,13.00,12.00,-25.00
258391,3985,2,2791,3823,2569,1675,3976,3936,3975,498,324,-2.1404,-1.3710,-0.6727,171.3867,-280.8228,-52.6123,16.00,6.00,-27.00
258440,3945,1,812,2400,1946,1271,3921,3892,3894,237,407,-2.3386,-0.4547,-1.3693,224.9145,-428.9550,-106.3843,16.00,6.00,-27.00
258502,3001,0,0,858,591,1178,3597,3823,3005,0,470,0.7640,-0.0471,1.2313,213.4399,-34.6680,185.1806,27.00,-11.00,-20.00
258564,2705,0,0,651,564,1161,3544,3797,2818,0,480,-0.1359,0.0771,0.8060,-21.7895,191.2231,79.4067,37.00,-7.00,-22.00
258613,2480,0,0,489,672,1225,3545,3784,2715,0,483,-0.6992,-0.5697,0.6305,-216.6138,259.4604,104.7363,37.00,-7.00,-22.00
258675,2507,4,0,503,1210,1124,3545,3800,2654,6,486,-1.5747,-0.9001,-0.2335,-272.3389,296.6919,131.4087,25.00,6.00,-21.00
258724,2817,0,2,458,2056,1130,3566,3826,2431,3,483,-2.3413,-1.0548,-1.2162,-235.8398,237.5488,102.8442,25.00,6.00,-21.00
258787,2991,0,1,488,2755,1098,3646,3830,2316,1,479,-1.4642,-0.5846,-2.7438,-205.6885,212.5244,132.5073,12.00,17.00,-16.00
258836,2994,0,2996,0,3005,1101,3009,1103,2325,0,479,-0.0249,1.4065,-4.0000,-60.6689,-4.1504,170.3491,12.00,17.00,-16.00
258897,1099,3778,2,855,3835,3982,3567,3904,2156,3931,492,-0.2557,-1.9281,0.7228,158.4473,-188.9038,-339.1113,3.00,18.00,-16.00
258959,3829,3869,2210,1615,3976,3988,3941,3936,3864,3986,544,-0.7036,0.1865,-0.6478,60.3027,-25.7568,-94.4824,12.00,12.00,-21.00
259019,3939,3831,3471,3523,3982,3986,3978,3943,3963,3988,578,-0.8052,-0.1970,-0.4928,0.2441,-34.3018,-13.0615,12.00,12.00,-21.00
259083,3952,3631,3506,3711,3984,3956,3984,3922,3974,3974,523,-0.8613,-0.2520,-0.4808,-12.0239,-17.5171,15.2588,14.00,15.00,-24.00
259131,3951,1259,3578,3724,3972,3360,3978,3898,3980,3769,501,-1.5121,-0.3088,-0.5328,-9.9487,-6.6528,36.4990,14.00,15.00,-24.00
259194,3950,3,3582,3762,3890,2036,3978,3929,3978,1728,470,-0.7161,-0.2610,-0.5084,26.5503,-52.4902,-19.7754,12.00,12.00,-20.00
259256,3964,0,3552,3814,3731,1464,3978,3916,3981,337,447,-0.6571,-0.2025,-0.5693,21.3013,-29.3579,-27.8320,17.00,10.00,-22.00
259305,3978,0,3551,3845,3713,1398,3981,3933,3984,216,416,-0.8928,-0.1810,-0.6038,22.0337,-18.2495,-32.0435,17.00,10.00,-22.00
259367,3981,2,3559,3867,3396,1697,3982,3928,3988,193,376,-1.3259,-0.2385,-0.6931,21.7285,-55.9082,-14.6484,16.00,7.00,-24.00
259415,3983,0,3355,3866,1938,1761,3980,1948,3987,208,334,-1.7533,-0.7041,-0.8143,56.7017,-143.0664,-4.8828,16.00,7.00,-24.00
259478,3982,3,2305,3611,2664,1621,3978,3913,3962,242,366,-2.9291,-1.2716,-0.8586,257.3242,-403.3813,-78.7964,26.00,-4.00,-19.00
259539,3296,0,0,1138,1264,1133,3619,3832,3192,1,464,-0.3473,-1.8088,0.8638,221.3745,-314.0259,13.6719,26.00,-4.00,-19.00
259601,2986,0,0,672,659,1112,3563,3802,2796,0,475,-1.0452,-0.2090,0.6387,56.5796,215.0268,103.2104,37.00,-18.00,-12.00
259663,2653,0,0,753,784,1115,3583,3811,2723,0,481,-0.4131,-0.3926,0.7682,-155.3955,236.1450,149.2310,43.00,-9.00,-19.00
259713,2620,0,0,475,880,1111,3583,3812,2593,1,481,-1.0918,-0.7317,0.2932,-237.4878,293.3960,171.0815,43.00,-9.00,-19.00
259775,2889,0,0,536,2038,1078,3603,3857,2486,1,478,-2.7659,-0.8634,-1.0693,-291.5649,244.9341,176.9409,27.00,16.00,-31.00
259823,3039,0,2,607,2675,1088,3665,3881,2296,0,479,-2.4709,-0.6564,-2.4755,-313.5986,229.1260,72.3267,27.00,16.00,-31.00
259886,2985,1,1,617,2943,1067,3685,3888,435,0,472,-0.3895,1.0380,-4.0000,-60.1807,26.2451,214.1113,7.00,29.00,-26.00
259946,1010,3819,0,1062,3799,3983,3546,3908,2089,3926,494,-0.8927,-1.3164,0.7466,148.1934,-204.4678,-341.4917,7.00,29.00,-26.00
260010,3775,3862,1291,790,3974,3988,3913,3928,3768,3984,531,-0.5397,0.2775,-0.7412,69.7021,-34.7900,-94.9097,15.00,19.00,-34.00
260061,3920,3845,3206,3218,3980,3985,3974,3933,3947,3985,588,-0.6948,-0.3624,-0.5314,1.5869,-60.0586,-9.5825,22.00,15.00,-40.00
260110,3943,3811,3364,3612,3983,3981,3980,3944,3968,3982,572,-0.9041,-0.2084,-0.4402,0.0610,-2.3193,6.5918,22.00,15.00,-40.00
260174,3956,3062,3553,3709,3981,3863,3983,3943,3975,3931,534,-0.6395,-0.2183,-0.4904,-12.8784,-3.0518,14.4043,15.00,16.00,-38.00
260222,3959,825,3255,3744,3960,3140,3977,3944,3976,3586,499,-1.2015,-0.3778,-0.4800,15.7471,-53.3447,7.5073,15.00,16.00,-38.00
260285,3961,3,3495,3773,3891,1652,3978,3950,3982,1396,465,-0.7499,-0.2915,-0.5289,11.7187,-43.1519,-6.9580,17.00,14.00,-36.00
260333,3969,4,3544,3808,3811,1458,3979,3945,3976,387,437,-0.7266,-0.2173,-0.5439,14.4043,-22.0947,-18.9819,17.00,14.00,-36.00
260397,3981,4,3576,3843,3755,1438,3985,3950,3982,236,399,-1.0062,-0.2739,-0.6211,29.7852,-26.4893,-35.7666,19.00,13.00,-35.00
260459,3987,2,3540,3858,2922,1622,3980,3938,3985,217,360,-1.5172,-0.3906,-0.7367,31.7993,-98.7549,-12.1460,23.00,7.00,-36.00
260507,3987,4,3163,3859,1864,1771,3977,3926,3981,372,319,-2.0865,-0.8251,-0.7109,119.3848,-215.6982,-12.3291,23.00,7.00,-36.00
260571,3959,3,1535,2757,2127,1221,3950,3902,3927,136,390,-2.9893,-0.4686,-1.4170,246.8872,-462.5244,-90.2710,34.00,-14.00,-36.00
260619,3084,0,1,1000,1137,1098,3626,3833,3166,1,465,0.3892,-1.8484,1.1284,226.6846,-336.8530,76.1719,34.00,-14.00,-36.00
260682,3003,0,0,667,422,1145,3512,3809,2730,3,477,-0.4590,-0.1759,0.6815,0.6714,246.3989,65.1855,46.00,-21.00,-24.00
260742,2854,0,0,705,865,1372,3473,3817,2480,0,481,-0.6997,-0.5011,0.7185,-200.8056,284.0576,134.2163,46.00,-21.00,-24.00
260805,3074,0,0,642,1685,1356,3385,3815,2302,0,488,-1.6206,-0.8574,-0.0565,-264.4043,333.6181,141.9067,41.00,0.00,-35.00
260855,3267,0,1,468,2472,1079,3497,3846,415,0,486,-2.8585,-1.3430,-1.2742,-305.7251,281.4331,113.5254,18.00,28.00,-32.00
260904,3302,0,0,424,3075,1071,3648,3889,409,0,481,-1.4520,-1.0607,-3.0647,-240.4785,207.2754,96.9849,18.00,28.00,-32.00
260967,3051,0,3039,0,3172,1098,3173,1100,420,1,476,-0.4908,2.1594,-3.6786,-19.1650,-10.6201,96.0693,0.00,28.00,-20.00
261028,1142,3816,0,795,3848,3987,3557,3900,1895,3950,493,-2.5212,0.0983,0.4861,134.8267,-202.5146,-321.6552,0.00,28.00,-20.00
261090,3825,3853,2297,1788,3975,3987,3938,3915,3863,3980,555,-1.0361,0.1293,-0.3508,28.0151,18.9209,-74.3408,10.00,25.00,-28.00
261149,3926,3841,3280,3356,3983,3987,3976,3930,3955,3985,586,-0.8357,-0.2816,-0.5239,8.6060,-26.0010,-15.9302,10.00,25.00,-28.00
261211,3948,3774,3428,3680,3985,3975,3983,3932,3974,3984,552,-0.9410,-0.1709,-0.4857,-3.7231,-14.1602,-2.8076,13.00,23.00,-31.00
261272,3955,2163,3491,3750,3971,3641,3979,3924,3979,3859,512,-0.7590,-0.2429,-0.5310,-3.7842,16.6016,10.8032,12.00,22.00,-31.00
261332,3962,621,3027,3782,3916,2647,3979,3926,3980,3049,475,-0.7223,-0.2089,-0.4785,13.1836,-61.5845,-11.7798,12.00,22.00,-31.00
261395,3966,2,3498,3817,3807,1408,3980,3936,3982,402,447,-0.7020,-0.2145,-0.5355,11.1694,-42.1143,-4.0283,12.00,19.00,-29.00
261444,3977,3,3531,3837,3764,1396,3983,3917,3984,237,415,-0.8464,-0.2318,-0.6033,13.1226,-27.0386,-18.7988,12.00,19.00,-29.00
261505,3984,2,3527,3857,3464,1503,3982,3937,3985,146,373,-1.2169,-0.2714,-0.6711,23.9258,-58.2275,-20.7520,14.00,15.00,-32.00
261556,3987,1,3461,3864,2274,1641,3981,3742,3990,128,330,-1.6833,-0.6169,-0.7714,49.5605,-129.7607,-1.6479,18.00,8.00,-36.00
261604,3983,3,2660,3838,2727,1754,3982,3918,3977,457,319,-2.3198,-1.3480,-0.6307,166.1377,-270.3247,-30.8228,18.00,8.00,-36.00
261667,3907,2,1,1902,1374,1148,3858,3867,3811,185,423,-1.8337,-1.1155,-0.5782,218.3838,-449.4629,-78.5522,31.00,-21.00,-27.00
261717,3244,0,0,679,999,1100,3437,3807,2934,0,476,1.5012,0.0260,1.1833,151.1230,16.2354,197.2656,31.00,-21.00,-27.00
261779,3147,0,0,2,905,1431,3337,3774,2715,0,489,-0.2305,-0.2411,0.7104,-65.9180,236.0229,122.3144,43.00,-17.00,-26.00
261828,2789,0,2,1,920,1561,3400,3779,2578,0,492,-0.7346,-0.6003,0.7245,-215.7593,292.3584,154.7241,43.00,-17.00,-26.00
261890,2597,0,0,194,1255,1373,3440,3757,2551,0,491,-1.6263,-0.7128,-0.0327,-263.6108,326.8432,179.8096,28.00,14.00,-40.00
261939,2688,0,0,245,1897,1056,3508,3770,2438,5,488,-2.8715,-1.0928,-1.0186,-284.9121,291.5039,134.1553,28.00,14.00,-40.00
262002,3004,1,0,207,3041,1089,3594,3864,1797,0,485,-0.9540,-0.8851,-3.6692,-227.7832,159.7290,167.4805,0.00,31.00,-22.00
262051,2878,0,0,1,3166,1035,3516,3882,1158,0,489,-1.0919,1.4991,-3.8300,-67.1387,-56.2134,131.2256,0.00,31.00,-22.00
262113,3168,3857,3,930,3883,3989,3475,3924,2192,3972,502,-2.1981,0.6693,0.0253,147.3999,-236.2060,-292.9077,-2.00,27.00,-18.00
262175,3851,3859,2757,1563,3977,3989,3929,3920,3858,3985,549,-1.0415,0.0986,-0.3048,-2.5024,-9.4604,-18.9819,7.00,25.00,-29.00
262224,3932,3822,3373,3393,3981,3981,3978,3918,3961,3983,578,-0.7308,-0.3302,-0.5131,7.0801,-26.1230,-15.4419,7.00,25.00,-29.00
262287,3958,3618,3603,3735,3986,3955,3987,3914,3977,3975,529,-0.9186,-0.2507,-0.4935,-4.0894,-21.1182,3.6011,8.00,22.00,-28.00
262336,3961,1379,3573,3787,3964,3385,3984,3929,3982,3744,493,-1.8047,-0.4611,-0.5039,-0.7324,1.4038,15.5029,8.00,22.00,-28.00
262398,3964,0,3473,3814,3832,2078,3980,3930,3983,1301,462,-0.7034,-0.2659,-0.5060,31.2500,-66.4063,-21.2402,8.00,18.00,-33.00
262460,3969,2,3427,3834,3346,1466,3981,3924,3982,1,443,-0.6311,-0.2085,-0.5601,14.8926,-32.2876,-16.2354,10.00,18.00,-34.00
262510,3976,2,3523,3853,3271,1410,3981,3935,3983,4,423,-0.8724,-0.2026,-0.6154,24.1699,-15.3809,-30.7617,10.00,18.00,-34.00
262572,3982,4,3528,3869,2996,1482,3983,3936,3989,52,382,-1.1152,-0.1569,-0.6592,27.0996,-52.9785,-18.7988,14.00,16.00,-33.00
262633,3987,1,3202,3875,1704,1652,3979,0,3987,84,338,-1.7103,-0.6752,-0.8441,67.3218,-153.6865,-12.6343,14.00,16.00,-33.00
262695,3981,2,2261,3619,2687,1612,3974,3914,3963,319,378,-3.0061,-1.0894,-1.0918,249.2065,-369.3847,-73.9136,21.00,3.00,-37.00
262756,3256,0,1,1358,1295,1124,3616,3819,3200,2,468,0.1404,-1.4857,1.0393,212.2192,-354.9804,-33.7524,21.00,3.00,-37.00
262817,3112,0,0,690,867,1136,3526,3795,2869,1,480,-0.7810,-0.3068,0.4398,13.0615,188.3545,91.7969,37.00,-22.00,-28.00
262879,2960,0,0,550,1088,1102,3472,3757,2643,0,486,-0.5566,-0.4866,0.7885,-202.6977,251.1597,163.5132,34.00,-3.00,-32.00
262928,3066,0,0,630,1330,1106,3467,3773,2605,1,491,-1.0347,-0.7355,0.3195,-228.4546,324.5849,159.2407,34.00,-3.00,-32.00
262991,3261,1,0,335,2280,1099,3523,3824,2449,0,490,-2.7148,-0.8881,-1.0160,-240.0513,280.9448,144.9585,16.00,17.00,-39.00
263040,3252,0,0,354,2819,1044,3617,3853,2279,0,484,-1.7526,-1.1532,-2.5923,-319.2749,232.5439,76.9653,16.00,17.00,-39.00
263091,3150,0,0,289,3080,1073,3696,3766,2340,0,477,-0.2084,1.3031,-3.9210,-60.6689,37.9028,212.2192,-3.00,29.00,-14.00
263140,2071,2129,1,251,3592,3469,3580,3861,2011,2821,488,-1.3280,-0.5029,-1.7869,-4.4556,-143.3105,-157.5317,-3.00,29.00,-14.00
263203,3412,3856,2,611,3957,3986,3790,3923,3030,3983,497,-0.3917,0.3125,-1.0077,146.6064,-280.2124,-146.5454,2.00,29.00,-21.00
263252,3882,3848,2853,2598,3980,3986,3964,3918,3926,3981,576,-1.1537,-0.0701,-0.2793,-3.4180,-4.2114,-35.2173,2.00,29.00,-21.00
263315,3945,3795,3522,3640,3984,3979,3982,3937,3972,3984,563,-0.8673,-0.2090,-0.5020,5.3711,-5.1880,4.3335,10.00,23.00,-29.00
263365,3960,3547,3573,3738,3985,3938,3980,3851,3976,3968,520,-0.8944,-0.2657,-0.4869,-7.3242,-15.5029,1.7090,10.00,22.00,-29.00
263414,3959,1344,3529,3756,3965,3358,3982,3926,3981,3736,489,-1.6824,-0.3618,-0.5389,0.2441,-21.6675,35.0342,10.00,22.00,-29.00
263476,3962,3,3499,3758,3895,1570,3976,3928,3981,1634,461,-0.7087,-0.2371,-0.5081,21.4233,-50.9644,-13.6108,11.00,18.00,-29.00
263537,3967,5,3574,3788,3769,1329,3976,3896,3980,301,430,-0.7006,-0.2128,-0.5634,10.1318,-35.6445,-8.3008,11.00,18.00,-29.00
263600,3978,2,3585,3833,3719,1354,3983,3929,3985,164,393,-0.8925,-0.1831,-0.6055,26.4893,-26.0620,-35.6445,12.00,17.00,-34.00
263662,3984,5,3575,3859,3238,1520,3983,3822,3987,118,353,-1.3253,-0.2655,-0.7106,23.3154,-79.2236,-8.9111,14.00,16.00,-29.00
263712,3985,3,3351,3862,2185,1647,3978,1,3989,257,312,-1.7209,-0.6270,-0.7540,86.1816,-175.1709,-11.9629,14.00,16.00,-29.00
263774,3976,1,2194,3305,2659,1282,3968,3913,3953,297,367,-3.0662,-0.4348,-1.4252,219.1162,-414.0014,-76.1108,28.00,-1.00,-34.00
263823,3202,0,0,1168,1165,1095,3648,3811,3239,20,458,-0.1317,-1.8237,0.8142,194.1528,-382.1411,-6.5308,28.00,-1.00,-34.00
263885,2859,0,0,9,552,1083,3560,3776,2847,1,473,-0.8862,-0.2155,0.7274,124.8169,234.6802,51.2085,43.00,-10.00,-24.00
263934,2567,0,0,269,516,1069,3559,3794,2807,0,478,-0.1686,0.0051,0.9628,-84.4116,221.7407,127.1362,43.00,-10.00,-24.00
263996,2440,0,0,258,902,1037,3557,3760,2728,2,481,-0.9220,-0.8525,0.2100,-245.4223,303.5278,150.3296,37.00,13.00,-33.00
264057,2572,0,0,230,1573,1045,3578,3809,2524,0,482,-2.3947,-1.0658,-0.6466,-285.4614,328.1860,181.3965,37.00,13.00,-33.00
264108,2766,0,0,327,2597,1038,3623,3850,2301,1,477,-2.2125,-1.5308,-2.4958,-294.3726,275.5737,81.1768,17.00,36.00,-15.00
264157,2832,0,2831,1,3000,1050,2996,1049,2418,0,474,-0.5817,0.4963,-3.6722,-83.7402,77.3315,224.4873,17.00,36.00,-15.00
264219,1576,2848,1,45,3683,3755,3560,3868,1819,3271,483,-1.6505,-0.1632,-2.4340,47.5464,-163.0249,-196.2890,7.00,27.00,-6.00
264269,938,3861,1,724,3912,3992,3704,3915,2794,3982,488,-1.7487,0.4425,-0.1292,153.6255,-349.3652,-115.7226,16.00,26.00,-9.00
264317,3833,3861,2946,2729,3977,3988,3968,3927,3924,3989,557,-1.2499,0.0592,-0.2504,-0.8545,9.8877,-70.8618,16.00,26.00,-9.00
264369,3933,3826,3526,3552,3986,3984,3981,3929,3966,3987,562,-0.8129,-0.1863,-0.5421,-1.8311,-30.4565,0.9766,20.00,22.00,-14.00
264418,3943,3691,3568,3657,3984,3965,3982,3929,3972,3977,522,-0.8776,-0.2599,-0.5182,-8.5449,-21.7285,13.0005,20.00,22.00,-14.00
264480,3941,1247,3458,3610,3972,3327,3973,3926,3974,3762,502,-1.4464,-0.4486,-0.5626,-3.8452,-18.7988,24.9634,16.00,22.00,-18.00
264540,3940,3,3523,3556,3944,1430,3969,3930,3977,2296,473,-0.7372,-0.2686,-0.5157,12.6343,-43.7622,3.6011,16.00,22.00,-18.00
264603,3957,1,3365,3712,3883,1344,3976,3930,3981,1075,434,-0.6486,-0.2245,-0.5741,20.6299,-33.0811,-27.6489,19.00,19.00,-22.00
264665,3977,0,3617,3829,3838,1459,3982,3930,3984,882,395,-0.9031,-0.1788,-0.6112,34.0576,-18.0664,-47.9126,22.00,17.00,-21.00
264726,3984,2,3300,3859,3430,1645,3980,3900,3985,508,351,-1.4608,-0.3287,-0.7300,12.7563,-80.1392,-0.1831,22.00,17.00,-21.00
264788,3984,0,3036,3855,2027,1674,3974,3926,3983,451,296,-2.1121,-0.6422,-0.6130,90.6372,-195.8008,-0.7324,26.00,13.00,-19.00
264849,3961,0,1766,2735,2330,1174,3954,3905,3926,427,375,-2.4875,-0.6053,-1.4454,192.6269,-457.0923,-64.5142,26.00,13.00,-19.00
264911,2991,0,0,646,890,1071,3665,3824,3080,11,455,1.8468,-1.1680,1.0194,238.7085,-223.6328,219.5434,32.00,-8.00,-19.00
264973,2927,0,1,50,497,1072,3529,3799,2825,0,471,-0.3059,-0.0732,0.7549,3.3569,257.3853,89.2334,46.00,-1.00,-18.00
265034,2359,0,0,1,848,1082,3543,3809,2592,0,477,-0.8690,-0.7058,0.5798,-224.4263,302.4292,134.0942,46.00,-1.00,-18.00
265096,2353,0,0,2,1608,1072,3555,3793,2468,0,478,-1.7659,-0.9713,-0.2725,-257.6294,319.8242,153.9917,36.00,15.00,-27.00
265157,2838,0,0,352,2417,1068,3580,3837,1341,0,478,-2.2928,-1.0795,-1.6189,-308.1665,261.1084,52.1851,36.00,15.00,-27.00
265219,2999,0,3001,0,3081,1065,3081,1059,1347,1,471,-0.5673,-0.8444,-4.0000,-102.7222,68.2983,188.9038,11.00,33.00,-20.00
265281,1963,3065,7,101,3766,3833,3552,3865,1721,3592,484,-0.4578,-0.8525,-0.5571,44.6777,-193.3594,-218.1396,7.00,34.00,-16.00
265341,3524,3865,3,7,3969,3989,3857,3934,3440,3984,492,0.5365,0.2144,-1.5842,156.1890,-270.2026,-63.0493,7.00,34.00,-16.00
265404,3910,3844,3255,3100,3981,3987,3971,3916,3945,3984,582,-0.7448,-0.2964,-0.5024,0.1831,-62.5610,-10.1929,19.00,29.00,-24.00
265453,3942,3809,3378,3640,3985,3980,3983,3896,3969,3986,566,-0.9272,-0.2224,-0.5013,1.0986,-3.7231,8.2397,19.00,29.00,-24.00
265515,3954,3045,3532,3745,3982,3851,3981,3900,3981,3934,512,-0.6329,-0.2479,-0.5107,-11.7798,-0.5493,14.8315,20.00,26.00,-26.00
265577,3953,175,3302,3732,3945,2417,3971,3878,3979,3209,469,-0.7046,-0.2469,-0.4600,17.5171,-63.3545,14.2822,19.00,26.00,-31.00
265637,3958,8,3373,3725,3838,1438,3972,3886,3982,425,443,-0.7393,-0.2795,-0.5554,17.5781,-45.6543,-19.6533,19.00,26.00,-31.00
265699,3967,2,3392,3789,3737,1328,3975,3920,3984,209,415,-0.6891,-0.2386,-0.5818,11.0474,-16.9678,-17.9443,20.00,22.00,-31.00
265759,3980,4,3412,3846,3742,1513,3983,3927,3987,192,376,-1.0475,-0.2271,-0.6350,22.9492,-31.3110,-28.8696,20.00,22.00,-31.00
265822,3989,3,3492,3858,3244,1658,3981,3672,3985,258,334,-1.5614,-0.4626,-0.7550,29.7852,-111.0229,7.3853,22.00,22.00,-28.00
265884,3985,1,2796,3823,2878,1637,3980,3916,3975,570,305,-2.3593,-1.1423,-0.6353,159.1797,-289.0015,-18.3105,26.00,9.00,-35.00
265945,3834,0,1,1064,1228,1094,3811,3852,3669,181,418,-1.7964,-1.2604,-0.2299,201.7212,-451.0498,-27.5269,26.00,9.00,-35.00
266008,3033,0,0,29,599,1080,3592,3796,2758,0,464,-0.4972,-0.2565,0.8296,147.7661,118.1641,141.9067,40.00,-16.00,-28.00
266070,2807,1,0,138,545,1071,3551,3807,2640,0,472,-0.2151,-0.0624,0.9189,-101.6235,241.2720,114.5019,44.00,2.00,-29.00
266131,2623,0,0,299,847,1028,3547,3802,2482,1,474,-0.9646,-0.8685,0.2860,-217.7734,302.3682,139.4653,44.00,2.00,-29.00
266193,2802,0,0,315,1752,1037,3580,3822,2343,0,478,-2.6388,-1.1007,-0.9362,-247.0703,321.5942,157.8369,25.00,29.00,-29.00
266241,3045,0,0,411,2572,1038,3648,3832,2288,1,472,-1.9514,-0.8883,-2.2787,-322.0825,201.6601,116.6992,25.00,29.00,-29.00
266304,2974,0,2975,0,3018,1054,3013,1057,427,0,471,0.1832,0.6969,-3.7876,-101.9287,111.2060,117.0044,5.00,35.00,-15.00
266365,1317,3746,0,628,3831,3981,3494,3838,1876,3921,491,-0.5811,-1.0049,0.2666,171.0815,-204.4067,-361.2060,12.00,34.00,-23.00
266425,3778,3862,769,6,3975,3989,3856,3890,3519,3988,517,0.0050,0.1693,-1.2528,47.9126,-15.6860,-95.3979,12.00,34.00,-23.00
266488,3932,3809,3442,3367,3983,3982,3977,3919,3959,3984,590,-0.6152,-0.3365,-0.5554,2.8687,-48.4009,-25.6348,18.00,28.00,-30.00
266548,3958,3623,3439,3767,3983,3953,3985,3924,3976,3973,538,-0.8478,-0.2654,-0.5068,-1.1597,-16.5405,8.9722,18.00,28.00,-30.00
266612,3966,1032,3416,3825,3962,3262,3986,3927,3983,3713,490,-1.8296,-0.4318,-0.4756,-0.9155,-2.1362,16.2354,16.00,26.00,-29.00
266674,3970,1,3547,3835,3793,1707,3979,3923,3982,986,456,-0.6786,-0.2828,-0.5144,19.2871,-59.9365,-14.0381,18.00,25.00,-33.00
266734,3973,1,3512,3847,3344,1299,3977,3906,3983,84,432,-0.7004,-0.1962,-0.5636,15.9912,-29.4189,-15.9302,18.00,25.00,-33.00
266797,3979,1,3534,3857,3214,1315,3982,3904,3981,77,407,-0.7812,-0.1560,-0.6003,17.4561,-19.5923,-22.8882,17.00,22.00,-31.00
266857,3985,2,3498,3873,2927,1372,3982,3903,3986,153,371,-1.1870,-0.3301,-0.7164,19.5313,-39.6729,-12.9395,17.00,22.00,-31.00
266909,3987,2,3372,3878,1723,1436,3979,1,3988,101,340,-1.6599,-0.6234,-0.8125,49.8657,-109.7412,-14.4653,23.00,19.00,-33.00
266971,3983,2,2271,3793,2663,1583,3978,3899,3965,605,364,-2.6044,-1.5259,-0.7336,236.9385,-340.5151,-84.5947,31.00,2.00,-37.00
267032,3527,1,0,1766,1346,1076,3694,3769,3398,71,451,-1.0525,-0.7330,0.0964,203.3081,-362.9760,-87.9517,31.00,2.00,-37.00
267093,3029,0,0,702,939,1065,3592,3766,2952,0,471,-0.4944,-0.2168,0.5590,28.0151,208.2519,95.6421,45.00,-10.00,-32.00
267154,2773,0,0,272,1117,1054,3574,3777,2737,0,479,-0.3324,-0.2620,0.7886,-120.6055,219.9707,168.0908,45.00,-10.00,-32.00
267216,2645,0,0,209,1160,1048,3554,3789,2562,0,479,-1.1212,-0.7960,0.1438,-223.8159,299.9268,169.6167,38.00,14.00,-37.00
267278,2796,2,0,0,1920,1024,3613,3799,2464,0,479,-2.5992,-1.0078,-0.9781,-268.1274,235.2905,165.5884,14.00,37.00,-23.00
267326,2881,1,1,213,2599,1021,3642,3764,2338,0,477,-2.0427,-0.6558,-2.2462,-233.9477,202.0874,43.6401,14.00,37.00,-23.00
267389,2759,0,0,215,2840,1021,3669,3749,433,1,477,0.0992,0.6340,-3.5702,-122.4365,106.5674,40.4053,2.00,38.00,3.00
267450,1232,3773,2,623,3806,3982,3521,3772,1960,3920,492,-2.0083,-0.4727,0.7263,166.2598,-186.1572,-318.8477,2.00,38.00,3.00
267512,3799,3853,1267,1171,3969,3988,3917,3833,3826,3984,543,-0.6165,0.4097,-0.7838,73.4253,-40.8936,-117.4316,12.00,36.00,-19.00
267574,3927,3816,2605,3405,3981,3979,3974,3855,3956,3984,583,-0.7448,-0.3188,-0.5490,5.2490,-35.2173,-7.6294,16.00,35.00,-20.00
267634,3954,3737,3249,3745,3982,3976,3985,3863,3974,3982,552,-0.8590,-0.2399,-0.5076,1.0376,-18.6768,-7.7515,16.00,35.00,-20.00
267697,3963,2275,3415,3804,3973,3730,3985,3874,3977,3882,514,-0.6559,-0.2709,-0.5325,-7.4463,-0.5493,10.2539,14.00,33.00,-20.00
267757,3968,689,3426,3830,3926,2905,3978,3868,3982,3383,488,-0.7382,-0.1885,-0.4967,18.1885,-48.2178,-13.4888,14.00,33.00,-20.00
267820,3971,4,3413,3841,3833,2229,3982,3873,3984,1676,464,-0.7974,-0.2296,-0.5402,9.2773,-41.5039,-6.0425,15.00,33.00,-19.00
267871,3977,1,3418,3854,3742,1439,3981,3854,3983,440,440,-0.8259,-0.2039,-0.5636,18.6768,-25.9399,-23.1934,18.00,32.00,-21.00
267932,3978,2,3442,3869,3506,1482,3984,3851,3986,228,408,-0.9515,-0.2592,-0.6239,13.6108,-32.9590,-9.3384,18.00,32.00,-21.00
267994,3979,2,3392,3868,2293,1524,3978,3855,3982,231,367,-1.3105,-0.3311,-0.6953,31.1890,-83.5571,-10.1318,16.00,29.00,-25.00
268044,3981,1,2786,3856,1965,1544,3971,3800,3980,465,344,-2.1102,-1.0582,-0.7805,103.0884,-187.6221,-23.2544,16.00,29.00,-25.00
268107,3906,1,244,3004,1485,1164,3908,3836,3903,377,419,-1.9554,-0.1808,-1.2810,234.4360,-356.8115,-98.6938,27.00,15.00,-27.00
268157,2842,0,0,1238,1034,1056,3553,3790,3185,37,472,1.3610,-0.7524,1.1553,207.7637,-199.8901,4.4556,27.00,15.00,-27.00
268219,2565,1,0,590,659,1054,3502,3768,3016,1,479,-0.0742,0.0461,0.6266,20.0195,135.1318,83.9233,39.00,0.00,-24.00
268281,2527,0,0,420,936,1326,3513,3795,2889,1,483,-0.3210,-0.5388,0.6595,-181.9458,240.5395,137.8174,31.00,14.00,-24.00
268342,2610,0,0,399,1302,1114,3525,3799,2750,0,485,-1.5796,-0.4846,-0.3872,-300.4761,255.2490,177.0019,31.00,14.00,-24.00
268404,2099,304,1,617,2632,2109,3561,3825,2393,664,486,-2.3525,-1.2507,-1.8773,-242.1264,231.9336,48.7671,13.00,29.00,-17.00
268465,2414,0,0,336,2594,1208,3621,3805,2745,0,483,-0.6455,0.6526,-2.4913,-133.1177,66.1621,131.4697,13.00,29.00,-17.00
268527,1474,2348,0,536,3535,3669,3478,3826,2466,3362,490,-0.2731,0.5518,-2.7013,72.1436,-117.1875,-186.5234,10.00,32.00,-14.00
268589,3850,3831,2308,3029,3956,3986,3953,3904,3901,3978,558,-0.0037,0.4142,-0.9661,43.3960,-22.0337,-81.3599,13.00,29.00,-20.00
268650,3884,3814,2650,3176,3967,3981,3958,3909,3930,3982,569,-0.8361,-0.2660,-0.4005,-7.4463,-26.3062,13.5498,13.00,29.00,-20.00
268712,3920,3820,3022,3475,3981,3979,3973,3912,3959,3979,576,-0.8398,-0.2659,-0.4583,4.0894,4.0283,-2.8076,14.00,30.00,-26.00
268774,3929,3828,3170,3572,3983,3984,3979,3912,3960,3983,577,-0.8893,-0.2301,-0.4474,-0.6714,-6.5918,-0.6104,14.00,28.00,-23.00
268835,3925,3820,3055,3574,3982,3982,3976,3913,3962,3983,570,-0.8596,-0.2693,-0.4410,1.0376,2.5635,-2.5635,14.00,28.00,-23.00
268896,3923,3808,2991,3571,3978,3980,3978,3912,3961,3979,574,-0.8569,-0.2488,-0.4403,0.0000,1.4648,0.6714,13.00,30.00,-21.00
268956,3925,3816,3157,3541,3982,3981,3977,3912,3957,3983,575,-0.8459,-0.2518,-0.4371,1.0986,4.6997,-3.6621,13.00,30.00,-21.00
269018,3915,3825,3112,3451,3977,3983,3969,3910,3958,3985,576,-0.8730,-0.2407,-0.4346,-1.0376,1.0376,0.2441,15.00,29.00,-19.00
269080,3886,3817,2927,3255,3970,3981,3958,3908,3938,3980,576,-0.8741,-0.2535,-0.4324,-1.8311,1.2817,0.8545,16.00,29.00,-19.00
269140,3850,3798,2675,3109,3957,3980,3950,3908,3919,3979,574,-0.8536,-0.2498,-0.4310,-0.5493,1.7700,-0.3662,16.00,29.00,-19.00
269203,3789,3812,2322,2625,3954,3983,3928,3903,3886,3979,573,-0.8650,-0.2363,-0.4294,-0.5493,6.4697,0.0610,16.00,32.00,-23.00
269263,3677,3821,2032,2146,3953,3987,3891,3904,3821,3980,563,-0.8785,-0.2498,-0.4252,-2.4414,4.6387,2.9907,16.00,32.00,-23.00
269325,3600,3823,1651,1995,3946,3982,3847,3900,3710,3983,555,-0.8705,-0.2527,-0.4182,-1.8921,1.7700,1.0376,15.00,28.00,-16.00
269387,3558,3823,1481,1784,3943,3987,3820,3897,3622,3981,546,-0.8757,-0.2529,-0.4141,0.0000,4.2114,0.8545,13.00,31.00,-20.00
269448,3543,3826,1485,1779,3945,3987,3820,3897,3610,3980,541,-0.8837,-0.2622,-0.4091,0.4883,2.0142,-0.3052,13.00,31.00,-20.00
