262393,3918,3322,2296,3529,3907,3939,3951,3925,3934,3966,596,-0.9205,-0.1742,-0.3662,0.3052,0.1221,-0.0610,15.00,40.00,-26.00
262456,3912,3243,2257,3533,3899,3939,3949,3927,3934,3965,600,-0.9177,-0.1729,-0.3682,0.4272,0.3052,-0.2441,14.00,39.00,-28.00
262515,3914,3274,2268,3530,3900,3941,3947,3928,3928,3959,597,-0.9211,-0.1738,-0.3678,0.3662,0.2441,-0.2441,14.00,39.00,-28.00
262579,3917,3181,2291,3547,3901,3934,3949,3930,3935,3963,599,-0.9158,-0.1689,-0.3683,0.4272,-0.3662,-0.3662,14.00,35.00,-24.00
262630,3924,3134,2300,3559,3904,3932,3949,3928,3932,3961,599,-0.9167,-0.1702,-0.3693,0.3662,-0.3662,-0.4883,15.00,39.00,-25.00
262690,3930,3054,2326,3583,3910,3932,3955,3930,3940,3963,599,-0.9175,-0.1719,-0.3699,0.4272,-0.2441,-0.1221,15.00,39.00,-25.00
262754,3929,3012,2332,3596,3910,3928,3955,3934,3942,3958,597,-0.9172,-0.1691,-0.3695,0.2441,-0.1831,-0.3662,14.00,36.00,-30.00
262803,3932,2978,2349,3601,3910,3927,3956,3936,3942,3962,599,-0.9202,-0.1707,-0.3701,0.1831,0.0000,0.0610,14.00,36.00,-30.00
262855,3931,2942,2354,3604,3912,3922,3954,3937,3943,3960,598,-0.9187,-0.1724,-0.3682,0.5493,0.1221,0.0000,15.00,37.00,-29.00
262904,3937,2934,2361,3608,3910,3924,3955,3938,3941,3962,596,-0.9174,-0.1687,-0.3707,0.4272,0.1221,-0.2441,15.00,37.00,-29.00
262956,3935,2943,2372,3604,3916,3924,3956,3939,3943,3961,599,-0.9181,-0.1716,-0.3689,0.3662,0.3052,0.0610,16.00,38.00,-25.00
263004,3933,2987,2383,3604,3917,3928,3957,3945,3940,3963,598,-0.9185,-0.1707,-0.3698,0.3662,0.1831,0.1831,16.00,38.00,-25.00
263056,3939,3052,2401,3600,3919,3930,3960,3936,3942,3961,597,-0.9199,-0.1713,-0.3687,0.1831,0.5493,0.0610,13.00,40.00,-25.00
263105,3937,3107,2411,3583,3923,3932,3956,3942,3942,3965,597,-0.9205,-0.1707,-0.3699,0.3662,0.3052,0.1831,13.00,40.00,-25.00
263169,3935,3172,2427,3561,3926,3934,3956,3942,3940,3965,597,-0.9182,-0.1715,-0.3684,0.2441,0.5493,-0.1221,15.00,39.00,-30.00
263231,3934,3269,2434,3542,3927,3941,3953,3943,3941,3968,598,-0.9171,-0.1713,-0.3691,0.1831,0.5493,0.5493,15.00,37.00,-26.00
263291,3933,3348,2438,3506,3929,3948,3954,3944,3943,3970,597,-0.9200,-0.1715,-0.3684,0.2441,0.5493,0.0000,15.00,37.00,-26.00
263355,3933,3388,2447,3479,3934,3949,3950,3945,3938,3968,599,-0.9214,-0.1730,-0.3680,0.2441,0.6104,0.3052,14.00,39.00,-25.00
263403,3929,3404,2448,3472,3931,3949,3950,3942,3940,3969,596,-0.9194,-0.1716,-0.3671,0.2441,0.4272,0.1831,14.00,39.00,-25.00
263466,3928,3424,2446,3454,3934,3951,3952,3946,3940,3970,597,-0.9178,-0.1732,-0.3672,0.3052,0.6104,0.0610,14.00,40.00,-24.00
263526,3924,3450,2416,3406,3932,3955,3945,3944,3934,3969,598,-0.9182,-0.1724,-0.3671,0.1221,0.4883,0.1221,14.00,40.00,-24.00
263589,3918,3479,2426,3368,3936,3955,3946,3946,3935,3975,599,-0.9191,-0.1708,-0.3663,0.2441,0.1221,0.1221,13.00,39.00,-28.00
263651,3918,3497,2437,3351,3934,3954,3947,3942,3933,3973,597,-0.9191,-0.1718,-0.3676,0.2441,0.2441,0.0000,14.00,36.00,-32.00
263699,3919,3505,2442,3347,3936,3957,3944,3945,3935,3973,598,-0.9187,-0.1713,-0.3671,0.1831,0.0610,0.3052,14.00,36.00,-32.00
263763,3917,3515,2525,3335,3936,3959,3946,3942,3932,3975,598,-0.9192,-0.1724,-0.3661,0.1831,0.1221,0.4272,15.00,40.00,-25.00
263811,3917,3522,2470,3330,3941,3957,3943,3945,3932,3969,595,-0.9197,-0.1736,-0.3651,0.3662,0.4272,0.2441,15.00,40.00,-25.00
263874,3916,3540,2491,3299,3937,3959,3945,3946,3932,3977,599,-0.9200,-0.1744,-0.3662,0.1221,0.0610,0.3662,13.00,39.00,-28.00
263922,3916,3554,2454,3262,3939,3960,3944,3946,3929,3973,598,-0.9192,-0.1714,-0.3657,0.3662,0.1831,-0.0610,13.00,39.00,-28.00
263986,3912,3560,2451,3250,3939,3957,3942,3946,3927,3977,598,-0.9203,-0.1724,-0.3663,0.3052,-0.0610,-0.1831,17.00,40.00,-24.00
264038,3916,3556,2454,3243,3939,3959,3943,3941,3929,3972,596,-0.9198,-0.1753,-0.3667,0.3052,0.2441,0.3662,17.00,37.00,-26.00
264087,3912,3551,2456,3263,3937,3960,3942,3945,3928,3972,597,-0.9214,-0.1750,-0.3662,0.4272,0.1831,-0.2441,17.00,37.00,-26.00
264151,3914,3540,2464,3282,3939,3960,3943,3941,3932,3975,599,-0.9192,-0.1743,-0.3677,0.3052,-0.0610,0.1831,15.00,41.00,-31.00
264199,3919,3535,2466,3293,3938,3959,3946,3943,3933,3974,599,-0.9207,-0.1736,-0.3656,0.3052,0.1221,0.2441,15.00,41.00,-31.00
264262,3919,3524,2488,3336,3941,3959,3950,3947,3933,3973,598,-0.9191,-0.1748,-0.3678,0.4272,-0.0610,0.0000,15.00,39.00,-25.00
264322,3919,3513,2501,3355,3941,3959,3947,3947,3935,3974,598,-0.9197,-0.1726,-0.3665,0.2441,-0.1221,-0.0610,15.00,39.00,-25.00
264386,3923,3511,2522,3367,3941,3957,3948,3950,3934,3976,596,-0.9194,-0.1737,-0.3679,0.4272,0.3052,0.0000,14.00,39.00,-28.00
264436,3919,3510,2534,3373,3945,3957,3950,3946,3937,3970,598,-0.9187,-0.1733,-0.3668,0.3662,0.0000,0.2441,13.00,39.00,-27.00
264484,3923,3514,2542,3385,3945,3959,3954,3950,3936,3973,597,-0.9187,-0.1737,-0.3668,0.3662,0.1831,0.0610,13.00,39.00,-27.00
264548,3924,3514,2545,3384,3944,3960,3952,3949,3938,3973,596,-0.9183,-0.1727,-0.3671,0.1221,-0.1831,0.1221,14.00,38.00,-24.00
264596,3924,3516,2543,3389,3944,3957,3951,3949,3941,3975,596,-0.9197,-0.1726,-0.3690,0.2441,-0.0610,-0.0610,14.00,38.00,-24.00
264660,3928,3518,2544,3393,3948,3954,3949,3947,3938,3976,597,-0.9182,-0.1710,-0.3682,0.2441,0.0000,-0.0610,15.00,38.00,-31.00
264720,3925,3516,2544,3393,3944,3961,3949,3950,3938,3974,596,-0.9197,-0.1733,-0.3684,0.0610,-0.2441,0.1831,15.00,38.00,-31.00
264783,3924,3514,2545,3402,3944,3957,3949,3949,3937,3972,600,-0.9181,-0.1718,-0.3687,0.1831,-0.1221,0.0610,15.00,40.00,-24.00
264834,3924,3497,2548,3411,3944,3959,3950,3950,3937,3975,595,-0.9189,-0.1726,-0.3684,0.3052,-0.2441,-0.1221,19.00,36.00,-25.00
264884,3926,3488,2551,3421,3942,3957,3953,3951,3939,3971,594,-0.9187,-0.1724,-0.3693,0.1831,-0.1831,-0.1831,19.00,36.00,-25.00
264947,3928,3472,2552,3431,3941,3954,3952,3948,3940,3976,597,-0.9186,-0.1738,-0.3694,0.0610,-0.1221,0.0000,13.00,38.00,-27.00
265007,3929,3456,2561,3443,3943,3954,3952,3952,3942,3974,597,-0.9143,-0.1733,-0.3705,0.1831,-0.1221,-0.1221,13.00,38.00,-27.00
265071,3929,3454,2560,3450,3943,3955,3955,3949,3941,3974,596,-0.9171,-0.1733,-0.3705,0.1221,0.0000,-0.1221,15.00,37.00,-27.00
265133,3930,3443,2561,3459,3942,3954,3954,3949,3938,3977,595,-0.9172,-0.1725,-0.3710,0.3662,0.0000,-0.1221,13.00,40.00,-25.00
265193,3924,3437,2564,3461,3944,3954,3951,3948,3942,3974,596,-0.9192,-0.1737,-0.3715,0.1221,-0.0610,0.0610,13.00,40.00,-25.00
265256,3928,3416,2563,3472,3941,3948,3953,3952,3941,3973,594,-0.9187,-0.1719,-0.3704,0.3052,0.0000,-0.0610,14.00,38.00,-32.00
265305,3929,3401,2565,3479,3942,3952,3952,3950,3944,3972,595,-0.9158,-0.1725,-0.3699,0.0610,-0.0610,0.1831,14.00,38.00,-32.00
265369,3926,3389,2567,3476,3942,3949,3953,3948,3941,3967,596,-0.9197,-0.1736,-0.3721,0.1221,-0.1831,-0.3052,14.00,37.00,-24.00
265417,3924,3373,2568,3487,3941,3947,3954,3949,3943,3968,594,-0.9156,-0.1716,-0.3710,0.1221,-0.3052,-0.0610,14.00,37.00,-24.00
265469,3929,3371,2567,3491,3943,3947,3952,3949,3942,3972,594,-0.9166,-0.1711,-0.3733,0.1831,0.0610,-0.1831,15.00,37.00,-25.00
265519,3928,3372,2562,3490,3939,3944,3953,3949,3942,3968,594,-0.9175,-0.1740,-0.3708,0.3052,0.0000,0.3052,15.00,37.00,-25.00
265571,3925,3369,2563,3492,3940,3947,3952,3951,3940,3967,594,-0.9204,-0.1721,-0.3721,0.3052,-0.1831,-0.0610,13.00,39.00,-30.00
265620,3928,3360,2563,3495,3939,3946,3955,3950,3943,3967,594,-0.9158,-0.1729,-0.3723,0.1221,-0.1221,0.0000,13.00,39.00,-30.00
265684,3928,3366,2550,3494,3938,3948,3951,3953,3943,3969,592,-0.9158,-0.1704,-0.3721,-0.0610,0.0000,-0.5493,14.00,38.00,-26.00
265735,3929,3367,2548,3491,3937,3947,3953,3949,3942,3970,593,-0.9177,-0.1719,-0.3733,0.0000,-0.1831,-0.3052,14.00,37.00,-27.00
265783,3926,3360,2548,3493,3938,3948,3947,3950,3943,3970,593,-0.9171,-0.1719,-0.3722,0.0610,0.1221,-0.2441,14.00,37.00,-27.00
265847,3929,3344,2544,3496,3937,3946,3954,3946,3941,3966,592,-0.9164,-0.1713,-0.3733,0.1221,-0.0610,0.1221,13.00,39.00,-25.00
265897,3928,3305,2545,3499,3935,3944,3953,3946,3944,3969,595,-0.9176,-0.1713,-0.3727,0.2441,-0.0610,0.0000,13.00,39.00,-25.00
265961,3930,3257,2545,3499,3934,3942,3953,3947,3940,3969,592,-0.9165,-0.1716,-0.3727,0.1831,0.0000,0.0000,14.00,38.00,-26.00
266009,3929,3226,2547,3499,3934,3940,3950,3947,3944,3967,593,-0.9178,-0.1725,-0.3732,0.2441,0.1221,-0.0610,14.00,38.00,-26.00
266073,3933,3165,2563,3512,3937,3936,3954,3948,3947,3965,593,-0.9171,-0.1716,-0.3733,0.1221,0.3052,0.0610,17.00,36.00,-23.00
266121,3928,3133,2568,3518,3937,3935,3952,3950,3945,3969,594,-0.9164,-0.1732,-0.3728,0.3662,0.4272,0.0000,17.00,36.00,-23.00
266185,3930,3126,2567,3532,3934,3933,3953,3951,3943,3968,592,-0.9174,-0.1704,-0.3743,0.3052,0.1831,0.0000,15.00,35.00,-26.00
266236,3932,3127,2569,3532,3934,3934,3953,3951,3940,3965,593,-0.9210,-0.1724,-0.3723,0.3662,0.4272,-0.0610,15.00,37.00,-25.00
266285,3934,3126,2571,3533,3934,3937,3956,3951,3944,3962,591,-0.9182,-0.1718,-0.3739,0.1831,0.2441,0.2441,15.00,37.00,-25.00
266349,3934,3105,2580,3533,3936,3934,3957,3948,3946,3966,593,-0.9152,-0.1711,-0.3733,0.2441,0.2441,0.0610,18.00,37.00,-30.00
266397,3932,3108,2579,3531,3936,3933,3954,3950,3947,3966,592,-0.9164,-0.1708,-0.3718,0.3052,0.1831,-0.0610,18.00,37.00,-30.00
266461,3934,3123,2577,3532,3936,3935,3953,3949,3945,3964,593,-0.9166,-0.1714,-0.3724,0.1831,0.3662,0.3662,17.00,36.00,-31.00
266511,3930,3125,2581,3537,3936,3934,3954,3953,3945,3967,593,-0.9181,-0.1702,-0.3733,0.3052,0.0000,0.2441,17.00,36.00,-31.00
266575,3933,3123,2587,3537,3936,3933,3952,3951,3947,3967,593,-0.9166,-0.1702,-0.3727,0.4272,0.0610,0.2441,16.00,37.00,-27.00
266637,3933,3128,2596,3540,3938,3939,3954,3951,3944,3967,592,-0.9182,-0.1694,-0.3737,0.3052,0.2441,0.1831,15.00,36.00,-27.00
266685,3934,3148,2593,3535,3936,3940,3954,3948,3945,3965,590,-0.9166,-0.1704,-0.3743,0.2441,0.0610,0.3052,15.00,36.00,-27.00
266749,3934,3184,2587,3523,3937,3939,3950,3951,3943,3967,591,-0.9169,-0.1705,-0.3721,0.3052,0.3662,0.2441,17.00,37.00,-27.00
266797,3934,3231,2584,3524,3938,3941,3953,3951,3945,3966,592,-0.9161,-0.1724,-0.3744,0.1831,0.1831,0.0000,17.00,37.00,-27.00
266859,3932,3256,2586,3519,3938,3944,3953,3951,3945,3970,594,-0.9156,-0.1705,-0.3723,0.3052,0.1221,0.0000,15.00,35.00,-26.00
266908,3930,3285,2583,3515,3939,3944,3957,3951,3944,3969,592,-0.9171,-0.1710,-0.3730,0.1221,0.0610,0.0000,15.00,35.00,-26.00
266972,3932,3300,2584,3514,3940,3945,3957,3948,3945,3969,591,-0.9193,-0.1725,-0.3743,0.2441,0.1831,-0.1221,16.00,37.00,-25.00
267020,3935,3298,2585,3512,3942,3944,3956,3950,3944,3966,594,-0.9178,-0.1710,-0.3730,0.1221,0.1221,0.2441,16.00,37.00,-25.00
267073,3931,3294,2585,3514,3939,3944,3956,3947,3947,3966,592,-0.9181,-0.1710,-0.3727,0.3052,0.3662,0.0610,15.00,36.00,-27.00
267123,3930,3294,2588,3515,3944,3942,3951,3954,3945,3961,591,-0.9176,-0.1714,-0.3727,0.1831,0.0610,0.1221,15.00,36.00,-27.00
267187,3929,3302,2584,3513,3940,3945,3954,3951,3943,3969,594,-0.9164,-0.1720,-0.3717,0.1831,0.4272,0.0610,15.00,38.00,-31.00
267239,3933,3333,2581,3501,3940,3948,3949,3950,3942,3971,597,-0.9166,-0.1716,-0.3733,0.1831,0.2441,0.0000,12.00,39.00,-26.00
267288,3929,3351,2575,3499,3941,3947,3953,3950,3940,3969,593,-0.9177,-0.1720,-0.3729,0.0610,0.1221,0.1221,12.00,39.00,-26.00
267340,3931,3363,2569,3489,3942,3946,3954,3950,3945,3970,593,-0.9178,-0.1720,-0.3739,0.2441,0.1831,0.0000,15.00,35.00,-29.00
267400,3930,3371,2568,3485,3939,3948,3950,3949,3944,3971,592,-0.9161,-0.1724,-0.3733,0.1831,0.3052,0.1221,15.00,35.00,-29.00
267464,3932,3385,2563,3479,3939,3949,3951,3951,3942,3969,589,-0.9189,-0.1719,-0.3730,0.1831,0.2441,-0.3052,12.00,38.00,-28.00
267512,3931,3395,2557,3473,3941,3949,3955,3950,3944,3972,594,-0.9187,-0.1727,-0.3721,0.1831,0.0610,-0.1831,12.00,38.00,-28.00
267564,3930,3395,2544,3472,3939,3948,3949,3949,3941,3969,591,-0.9164,-0.1707,-0.3728,0.0610,0.1221,0.1221,14.00,37.00,-27.00
267613,3930,3398,2539,3470,3942,3947,3953,3948,3943,3969,591,-0.9191,-0.1715,-0.3717,0.1831,0.1221,-0.1831,14.00,37.00,-27.00
267665,3930,3398,2538,3470,3941,3950,3951,3950,3943,3971,593,-0.9166,-0.1732,-0.3727,0.1831,0.0610,0.1831,16.00,39.00,-24.00
267715,3930,3393,2539,3468,3943,3951,3953,3953,3941,3975,594,-0.9159,-0.1704,-0.3718,0.2441,0.2441,0.0610,16.00,39.00,-24.00
267767,3926,3398,2527,3465,3939,3945,3952,3948,3939,3967,590,-0.9166,-0.1724,-0.3726,0.3052,0.3052,-0.0610,14.00,38.00,-30.00
267816,3932,3396,2521,3458,3939,3950,3951,3946,3942,3971,592,-0.9169,-0.1689,-0.3727,0.2441,0.3052,0.0610,14.00,38.00,-30.00
267880,3924,3401,2505,3452,3941,3953,3950,3949,3941,3969,590,-0.9170,-0.1711,-0.3723,0.1831,-0.2441,0.0000,13.00,39.00,-25.00
267942,3922,3402,2510,3451,3939,3951,3950,3950,3941,3968,593,-0.9165,-0.1714,-0.3729,0.1831,0.0610,0.1221,15.00,36.00,-27.00
268002,3930,3394,2511,3457,3939,3947,3951,3947,3943,3969,594,-0.9171,-0.1705,-0.3733,0.3052,0.0610,0.0000,15.00,36.00,-27.00
268066,3927,3371,2528,3465,3936,3952,3947,3950,3944,3968,591,-0.9180,-0.1709,-0.3726,0.3052,-0.0610,0.0000,15.00,40.00,-25.00
268114,3930,3357,2535,3483,3938,3948,3951,3948,3945,3971,591,-0.9178,-0.1713,-0.3722,0.2441,-0.1221,0.0000,15.00,40.00,-25.00
268166,3932,3335,2550,3494,3938,3948,3955,3952,3944,3968,593,-0.9170,-0.1713,-0.3741,0.3052,0.0610,0.0610,14.00,37.00,-25.00
268215,3933,3311,2566,3499,3944,3946,3953,3949,3943,3971,593,-0.9152,-0.1709,-0.3730,0.3052,0.0000,0.1221,14.00,37.00,-25.00
268267,3930,3307,2570,3502,3937,3945,3952,3953,3949,3967,593,-0.9199,-0.1715,-0.3729,0.2441,0.0000,-0.1221,16.00,38.00,-23.00
268317,3933,3264,2577,3508,3938,3941,3953,3952,3943,3965,592,-0.9159,-0.1711,-0.3745,0.2441,0.0000,0.1831,16.00,38.00,-23.00
268381,3933,3220,2591,3517,3939,3943,3951,3951,3944,3969,590,-0.9169,-0.1725,-0.3730,0.3662,0.0000,-0.1221,14.00,37.00,-26.00
268430,3934,3180,2596,3520,3942,3940,3957,3954,3950,3967,594,-0.9164,-0.1718,-0.3745,0.1831,0.0000,0.2441,14.00,37.00,-26.00
268493,3935,3142,2605,3528,3940,3936,3954,3949,3954,3964,592,-0.9152,-0.1709,-0.3741,0.1831,0.1831,0.2441,14.00,39.00,-29.00
268544,3935,3130,2613,3538,3936,3937,3956,3949,3946,3963,592,-0.9155,-0.1719,-0.3740,0.2441,0.0610,0.0000,14.00,40.00,-27.00
268593,3939,3123,2616,3543,3943,3936,3958,3951,3947,3969,590,-0.9156,-0.1688,-0.3751,0.1831,0.1831,0.1831,14.00,40.00,-27.00
268657,3938,3132,2616,3534,3942,3941,3956,3950,3947,3964,593,-0.9156,-0.1713,-0.3745,0.1831,0.1831,0.0610,13.00,39.00,-25.00
268706,3937,3173,2618,3529,3943,3940,3957,3950,3946,3966,591,-0.9180,-0.1725,-0.3735,0.3052,0.3052,0.1831,13.00,39.00,-25.00
268770,3936,3218,2616,3524,3945,3942,3952,3954,3945,3967,590,-0.9163,-0.1727,-0.3749,0.2441,0.3052,0.0610,14.00,38.00,-30.00
268819,3933,3272,2606,3518,3941,3944,3956,3954,3948,3969,593,-0.9159,-0.1715,-0.3738,0.1831,0.3662,0.1831,14.00,38.00,-30.00
268871,3937,3306,2606,3511,3947,3943,3954,3950,3947,3967,592,-0.9170,-0.1725,-0.3733,0.1831,0.4883,0.0000,15.00,37.00,-27.00
268920,3937,3325,2607,3510,3942,3946,3955,3951,3944,3970,592,-0.9166,-0.1716,-0.3730,0.1831,0.3052,0.2441,15.00,37.00,-27.00
268984,3936,3336,2606,3505,3942,3949,3950,3950,3944,3969,590,-0.9160,-0.1709,-0.3746,0.1831,0.4272,-0.0610,17.00,38.00,-31.00
269032,3933,3364,2597,3499,3944,3949,3953,3951,3944,3968,591,-0.9166,-0.1730,-0.3730,0.1831,0.3052,0.1831,17.00,38.00,-31.00
269084,3934,3395,2586,3481,3943,3952,3954,3949,3943,3972,591,-0.9164,-0.1719,-0.3730,0.2441,0.4272,-0.0610,14.00,40.00,-21.00
269133,3931,3427,2573,3465,3941,3953,3949,3953,3942,3972,593,-0.9209,-0.1724,-0.3719,0.1221,0.2441,0.0000,14.00,40.00,-21.00
269196,3933,3431,2562,3460,3942,3952,3953,3951,3944,3972,591,-0.9180,-0.1731,-0.3719,0.4883,0.3662,-0.1831,15.00,39.00,-28.00
269246,3930,3430,2565,3463,3938,3952,3955,3952,3941,3970,591,-0.9163,-0.1718,-0.3726,0.1221,-0.1221,0.3662,14.00,36.00,-29.00
269295,3932,3428,2565,3466,3939,3952,3953,3950,3941,3970,591,-0.9178,-0.1713,-0.3726,0.3052,0.4272,0.1831,14.00,36.00,-29.00
269347,3931,3429,2569,3468,3941,3955,3954,3951,3945,3973,592,-0.9164,-0.1730,-0.3722,0.3052,0.3052,0.0610,17.00,39.00,-23.00
269395,3934,3433,2565,3465,3942,3953,3952,3951,3943,3972,595,-0.9172,-0.1722,-0.3718,0.2441,0.4272,0.0610,17.00,39.00,-23.00
269459,3935,3437,2562,3462,3942,3954,3952,3953,3942,3975,594,-0.9172,-0.1720,-0.3730,0.2441,0.2441,0.1221,16.00,37.00,-26.00
269519,3929,3443,2555,3465,3942,3951,3956,3951,3941,3973,594,-0.9171,-0.1735,-0.3716,0.2441,0.3052,0.0610,16.00,37.00,-26.00
269571,3931,3448,2545,3455,3944,3954,3953,3952,3943,3974,595,-0.9165,-0.1716,-0.3707,0.3662,0.4272,0.2441,14.00,40.00,-28.00
269621,3930,3454,2538,3450,3944,3952,3949,3952,3939,3974,594,-0.9177,-0.1725,-0.3706,0.3662,0.1831,0.0000,14.00,40.00,-28.00
269673,3930,3452,2535,3442,3942,3952,3953,3951,3947,3971,593,-0.9172,-0.1716,-0.3711,0.0000,0.0000,0.3052,15.00,38.00,-24.00
269721,3929,3447,2531,3446,3942,3955,3950,3948,3942,3974,592,-0.9170,-0.1705,-0.3718,0.2441,0.0610,0.0000,15.00,38.00,-24.00
269773,3929,3448,2533,3447,3941,3955,3952,3948,3941,3973,590,-0.9175,-0.1719,-0.3712,0.2441,0.1221,-0.0610,17.00,37.00,-25.00
269822,3931,3445,2538,3448,3942,3953,3953,3952,3941,3972,592,-0.9161,-0.1726,-0.3716,0.3052,0.0000,0.0000,17.00,37.00,-25.00
269886,3933,3435,2544,3452,3943,3953,3956,3950,3941,3970,593,-0.9177,-0.1721,-0.3713,0.1831,-0.0610,0.0610,14.00,37.00,-24.00
269935,3937,3419,2549,3460,3942,3952,3953,3951,3942,3973,591,-0.9177,-0.1724,-0.3727,0.2441,0.0610,-0.1831,14.00,37.00,-24.00
269987,3932,3409,2550,3463,3944,3953,3953,3953,3942,3970,595,-0.9163,-0.1719,-0.3723,0.3052,0.1831,0.0610,18.00,40.00,-24.00
270049,3931,3401,2557,3472,3942,3950,3957,3952,3944,3972,593,-0.9159,-0.1715,-0.3724,0.3662,0.3052,-0.0610,15.00,39.00,-23.00
270098,3932,3392,2557,3479,3941,3951,3953,3951,3943,3972,593,-0.9180,-0.1719,-0.3727,0.3052,-0.0610,0.0000,15.00,39.00,-23.00
270150,3933,3385,2558,3483,3945,3945,3955,3950,3947,3969,595,-0.9174,-0.1711,-0.3721,0.1831,-0.0610,-0.1221,15.00,37.00,-25.00
270198,3934,3378,2559,3489,3945,3951,3955,3952,3940,3969,595,-0.9169,-0.1711,-0.3723,0.1221,0.0000,0.0610,15.00,37.00,-25.00
270260,3933,3364,2564,3493,3941,3946,3955,3950,3942,3967,590,-0.9181,-0.1714,-0.3729,0.4272,0.0610,-0.3662,12.00,39.00,-29.00
270309,3932,3350,2568,3499,3942,3947,3955,3952,3943,3976,595,-0.9158,-0.1703,-0.3735,0.3052,0.1831,-0.1221,12.00,39.00,-29.00
270361,3932,3340,2569,3503,3941,3946,3954,3952,3945,3971,594,-0.9159,-0.1724,-0.3724,0.0610,-0.0610,0.2441,15.00,39.00,-31.00
270409,3932,3335,2572,3508,3940,3947,3954,3950,3946,3966,592,-0.9171,-0.1720,-0.3718,0.1831,0.0000,-0.1831,15.00,39.00,-31.00
270461,3933,3335,2573,3508,3942,3946,3956,3951,3948,3971,593,-0.9180,-0.1694,-0.3746,0.0610,0.0000,0.2441,15.00,37.00,-31.00
270509,3936,3336,2574,3508,3938,3947,3953,3952,3946,3972,594,-0.9176,-0.1722,-0.3730,0.3052,0.1831,0.0610,15.00,37.00,-31.00
270572,3931,3330,2571,3509,3942,3946,3956,3950,3941,3971,591,-0.9158,-0.1719,-0.3732,0.3052,0.1831,-0.0610,14.00,39.00,-29.00
270621,3934,3314,2570,3511,3939,3945,3956,3950,3945,3971,591,-0.9170,-0.1710,-0.3735,0.2441,-0.0610,0.0000,14.00,39.00,-29.00
270684,3935,3291,2572,3513,3940,3943,3955,3948,3944,3965,594,-0.9167,-0.1704,-0.3729,0.1831,0.0610,-0.1221,14.00,38.00,-28.00
270734,3936,3289,2571,3516,3942,3950,3957,3952,3947,3971,593,-0.9192,-0.1718,-0.3735,0.3052,0.3662,-0.2441,14.00,38.00,-28.00
270797,3935,3268,2574,3520,3940,3944,3952,3953,3945,3972,590,-0.9165,-0.1726,-0.3726,0.1831,0.3052,0.4272,15.00,37.00,-26.00
270848,3933,3265,2576,3524,3939,3940,3953,3951,3945,3969,592,-0.9177,-0.1715,-0.3726,0.2441,0.0610,0.1221,14.00,40.00,-29.00
270896,3938,3265,2579,3523,3941,3941,3954,3951,3945,3969,593,-0.9158,-0.1710,-0.3716,0.4272,0.3662,-0.1221,14.00,40.00,-29.00
270948,3935,3280,2582,3525,3939,3941,3955,3951,3947,3971,594,-0.9221,-0.1710,-0.3726,0.3052,0.1221,0.1221,13.00,36.00,-24.00
270996,3935,3252,2584,3523,3940,3942,3956,3948,3946,3965,590,-0.9154,-0.1720,-0.3730,0.3662,0.0000,0.3662,13.00,36.00,-24.00
271048,3934,3258,2585,3525,3938,3943,3957,3952,3945,3970,600,-0.9186,-0.1722,-0.3730,0.3052,0.3662,0.0610,14.00,37.00,-27.00
271096,3935,3258,2584,3517,3940,3940,3956,3948,3948,3965,593,-0.9161,-0.1697,-0.3729,0.1831,0.3662,0.1831,14.00,37.00,-27.00
271148,3933,3264,2582,3520,3941,3944,3958,3952,3950,3968,594,-0.9189,-0.1724,-0.3733,0.3662,0.0610,-0.0610,14.00,37.00,-28.00
271197,3939,3281,2583,3517,3940,3944,3956,3951,3944,3967,592,-0.9160,-0.1726,-0.3722,0.1831,0.3052,-0.3662,14.00,37.00,-28.00
271261,3935,3321,2578,3516,3941,3944,3956,3952,3942,3971,592,-0.9177,-0.1710,-0.3740,0.1221,0.4272,0.2441,13.00,37.00,-26.00
271310,3937,3333,2570,3516,3941,3945,3956,3949,3944,3973,593,-0.9180,-0.1700,-0.3724,0.1831,0.3662,0.0610,13.00,37.00,-26.00
271374,3932,3349,2561,3512,3940,3949,3956,3951,3945,3968,591,-0.9164,-0.1721,-0.3730,0.1831,0.4272,-0.3052,14.00,38.00,-29.00
271422,3934,3374,2543,3505,3941,3948,3953,3952,3946,3971,592,-0.9196,-0.1696,-0.3719,0.1221,0.5493,-0.0610,14.00,38.00,-29.00
271486,3936,3381,2525,3504,3940,3951,3956,3951,3942,3971,593,-0.9185,-0.1711,-0.3710,0.1831,0.3052,-0.1831,16.00,38.00,-26.00
271535,3934,3389,2515,3504,3940,3950,3955,3947,3944,3969,593,-0.9180,-0.1715,-0.3711,0.1831,0.0000,0.1221,16.00,38.00,-26.00
271599,3933,3397,2491,3502,3943,3951,3955,3949,3947,3970,593,-0.9153,-0.1709,-0.3706,0.3662,0.1831,-0.3662,14.00,39.00,-29.00
271661,3929,3401,2472,3501,3941,3952,3957,3949,3942,3971,593,-0.9186,-0.1710,-0.3722,0.0610,-0.5493,0.1221,15.00,39.00,-25.00
271710,3934,3390,2474,3498,3939,3952,3955,3950,3943,3972,594,-0.9147,-0.1708,-0.3718,0.1831,0.2441,0.2441,15.00,39.00,-25.00
271773,3929,3395,2470,3484,3941,3953,3957,3945,3943,3969,596,-0.9158,-0.1689,-0.3746,0.1221,-0.3052,0.1831,14.00,39.00,-26.00
271821,3929,3440,2444,3477,3934,3953,3949,3947,3941,3972,595,-0.9204,-0.1702,-0.3726,0.0610,-0.2441,0.1221,14.00,39.00,-26.00
271884,3925,3447,2410,3467,3935,3953,3952,3941,3939,3971,591,-0.9198,-0.1686,-0.3726,0.0000,-0.4272,-0.8545,16.00,36.00,-23.00
271934,3926,3426,2393,3466,3931,3952,3952,3941,3938,3965,593,-0.9169,-0.1719,-0.3738,0.1831,0.0000,-0.1221,16.00,36.00,-23.00
271997,3921,3382,2372,3462,3923,3950,3952,3939,3937,3969,593,-0.9135,-0.1670,-0.3734,-0.0610,0.2441,0.3662,14.00,36.00,-27.00
272058,3919,3365,2345,3451,3919,3946,3947,3936,3934,3968,597,-0.9165,-0.1694,-0.3729,0.0000,0.1221,-0.4883,15.00,37.00,-24.00
272107,3921,3357,2348,3451,3915,3944,3948,3934,3935,3968,594,-0.9167,-0.1703,-0.3746,0.1221,0.1831,-0.3662,15.00,37.00,-24.00
272160,3920,3349,2346,3449,3915,3947,3947,3936,3934,3966,592,-0.9178,-0.1691,-0.3745,0.0610,-0.1221,0.0000,14.00,38.00,-30.00
272208,3921,3206,2339,3430,3908,3942,3943,3932,3935,3961,600,-0.9229,-0.1671,-0.3748,-0.3052,-0.6714,1.5869,14.00,38.00,-30.00
272260,3917,2476,2235,3382,3830,3889,3934,3920,3933,3939,597,-0.9292,-0.1603,-0.3688,-1.7700,-2.1973,3.4180,15.00,39.00,-25.00
272309,3907,313,2061,3328,3608,3673,3918,3893,3929,3833,598,-0.9443,-0.0345,-0.3488,-2.8687,-4.8828,6.1035,15.00,39.00,-25.00
272361,3908,0,2031,3384,3284,3316,3904,3880,3933,3638,594,-0.9294,-0.0593,-0.3287,-47.1802,-11.5356,-16.2354,16.00,37.00,-25.00
272411,3914,306,2235,3453,3702,3638,3921,3913,3939,3838,589,-0.8276,-0.4296,-0.4161,-51.6357,-12.8784,-19.4702,16.00,37.00,-25.00
272464,3926,3301,2499,3481,3936,3941,3956,3950,3941,3964,584,-0.8781,-0.1870,-0.3937,-14.1602,8.4229,3.4180,11.00,39.00,-25.00
272514,3933,3650,2682,3508,3963,3970,3968,0,3948,3980,577,-0.9429,-0.1631,-0.3708,0.8545,6.3477,0.7935,11.00,39.00,-25.00
272578,3944,3716,2769,3533,3968,3971,3969,3949,3953,3981,575,-0.9220,-0.1854,-0.3741,0.1831,0.7935,-1.2207,11.00,37.00,-29.00
272627,3948,3718,2811,3562,3968,3970,3973,3936,3955,3983,578,-0.9187,-0.1980,-0.3748,-0.0610,1.3428,2.7466,11.00,37.00,-29.00
272679,3953,3705,2813,3597,3969,3968,3973,3964,3955,3981,581,-0.9100,-0.1912,-0.3726,-1.4648,-1.0376,3.0518,13.00,37.00,-26.00
272739,3953,3695,2835,3596,3969,3968,3970,3631,3953,3984,585,-0.9111,-0.1930,-0.3760,0.1221,-0.6714,0.4883,13.00,37.00,-26.00
272803,3955,3647,2833,3597,3970,3967,3972,3881,3955,3983,583,-0.9164,-0.2042,-0.3782,-1.4648,-1.7090,2.3193,15.00,34.00,-30.00
272855,3949,3562,2741,3586,3960,3960,3968,3822,3954,3977,590,-0.9077,-0.2059,-0.3789,-0.1831,1.8921,0.1831,12.00,36.00,-30.00
272904,3934,3458,2622,3514,3949,3950,3964,0,3952,3976,592,-0.9031,-0.1959,-0.3722,0.6714,3.2349,0.6104,12.00,36.00,-30.00
272956,3923,3442,2486,3414,3934,3953,3957,3,3946,3974,593,-0.9078,-0.2076,-0.3695,0.7935,3.2349,0.1221,11.00,35.00,-25.00
273005,3916,3453,2424,3390,3931,3954,3953,23,3947,3976,594,-0.9135,-0.2002,-0.3682,0.5493,-0.0610,-1.5869,11.00,35.00,-25.00
273057,3916,3462,2411,3392,3931,3952,3951,3619,3941,3969,594,-0.9086,-0.2020,-0.3726,-0.4272,0.1221,-0.0610,13.00,38.00,-23.00
273105,3916,3513,2460,3381,3936,3955,3953,3629,3938,3973,594,-0.9099,-0.1995,-0.3704,0.4272,1.5869,-0.6714,13.00,38.00,-23.00
273157,3914,3586,2530,3351,3944,3962,3953,3527,3940,3974,587,-0.9012,-0.2076,-0.3698,0.4883,1.2207,0.1221,10.00,38.00,-29.00
273217,3914,3674,2629,3282,3955,3972,3956,0,3940,3981,591,-0.9274,-0.2003,-0.3707,-0.0610,-0.5493,-0.1831,10.00,38.00,-29.00
273280,3858,3717,2510,2008,3953,3972,3932,3948,3910,3980,587,-0.9131,-0.2064,-0.3750,-1.7090,2.1973,-0.6104,10.00,37.00,-24.00
273340,3428,3263,1193,1,3728,3933,3766,3903,3690,3949,587,-1.0497,-0.2521,-0.3481,-3.2959,1.2817,1.5869,10.00,37.00,-24.00
273403,2263,0,778,0,672,3083,2701,3533,3029,2723,570,-1.3212,-0.5944,0.8923,13.8550,-80.0781,-30.3955,11.00,40.00,-29.00
273465,2102,1,765,0,470,2930,2427,3239,2870,2570,570,-0.6409,-0.7889,0.9811,42.5415,91.9189,29.9683,14.00,38.00,-25.00
273525,1652,0,630,0,332,1903,2543,1919,2889,1171,567,-1.4082,-0.0967,-0.1077,-4.6387,-32.8369,15.3809,14.00,38.00,-25.00
273589,1637,0,763,0,123,1821,2823,2626,2893,1342,565,-0.2582,-0.0753,-0.3370,-127.7466,116.3330,8.3008,13.00,37.00,-24.00
273637,1679,0,754,0,114,1615,2819,2819,2926,1239,567,-1.0752,-0.1311,-1.0253,-62.6221,84.4726,14.6484,13.00,37.00,-24.00
273701,1687,0,803,0,45,1876,2891,2896,2892,1456,567,-1.0483,-0.4132,-1.3588,-17.5171,3.9062,-1.2817,7.00,41.00,-10.00
273752,1344,2419,728,0,276,3857,3025,3070,2780,3743,569,-1.2659,0.5137,-1.1017,31.3721,-139.8315,-18.4326,10.00,37.00,-8.00
273800,1354,3400,938,0,1526,3950,3097,3441,2945,3919,567,-0.9487,-0.2063,-0.3213,14.5874,-106.0181,-17.9443,10.00,37.00,-8.00
273863,3364,3662,1301,610,3757,3968,3652,3805,3503,3969,575,-0.9630,-0.2264,-0.3204,-0.1831,-8.4839,-7.7515,8.00,34.00,-19.00
273911,3684,3773,1846,1682,3903,3974,3821,3898,3682,3977,581,-0.9084,-0.2037,-0.3666,-0.1831,-4.6387,-10.9863,8.00,34.00,-19.00
273975,3779,3816,2210,2680,3949,3981,3902,3931,3788,3983,580,-0.9291,-0.2269,-0.3580,-1.8921,6.6528,8.4839,9.00,34.00,-15.00
274024,3789,3815,1947,2972,3948,3975,3921,3931,3793,3983,581,-0.9265,-0.2125,-0.3652,-0.6104,-0.2441,-5.3711,9.00,34.00,-15.00
274076,3815,3797,1919,3237,3946,3979,3937,3927,3845,3982,579,-0.9352,-0.2139,-0.3514,7.8735,-2.1362,-7.5073,11.00,36.00,-13.00
274124,3872,3734,2368,3400,3956,3971,3955,3932,3905,3981,591,-0.9133,-0.2208,-0.3628,-2.4414,-4.6997,0.4883,11.00,36.00,-13.00
274188,3947,3297,2881,3656,3965,3941,3978,3,3955,3972,597,-0.9705,-0.1881,-0.3752,12.8784,-12.4512,-15.5029,11.00,37.00,-17.00
274250,3977,0,3151,3808,3909,2327,3983,89,3967,3363,570,-0.9003,-0.1669,-0.4407,13.3057,-9.5215,-20.9961,12.00,35.00,-15.00
274298,3981,0,2945,3839,2576,1658,3961,3962,3969,145,551,-1.1016,-0.2928,-0.4637,18.1885,-110.9619,8.0566,12.00,35.00,-15.00
274361,3981,1,1790,3637,2199,1646,3908,3909,3957,191,490,-3.9999,-1.1510,-0.2444,102.6001,-326.8432,-57.5561,16.00,23.00,-23.00
274410,3936,0,0,581,1001,1384,3408,3241,3798,0,537,-2.8226,-1.1229,0.1548,162.7807,-531.4331,-50.4761,16.00,23.00,-23.00
274472,3030,0,638,0,269,1382,2693,3070,3148,310,551,-1.1958,-0.9908,1.0532,68.4204,218.2007,-92.4072,28.00,-2.00,-28.00
274532,2660,0,574,0,202,1422,2612,2252,2770,1579,554,-0.6776,0.5338,0.8652,-66.7114,317.6270,34.1797,28.00,-2.00,-28.00
274596,2895,0,495,0,105,1178,2130,1998,2827,1125,557,-1.4437,-0.7198,-0.0026,-91.1255,315.7959,108.6426,26.00,11.00,-25.00
274646,3270,0,407,0,180,1132,1225,725,2898,573,558,-2.3214,0.2128,-0.3243,-79.8340,265.3198,110.0464,22.00,18.00,-14.00
274706,3486,0,242,1,246,2814,1060,482,3011,2599,563,-2.6226,-0.3558,-1.7571,-173.0347,322.9980,61.1572,22.00,18.00,-14.00
274769,2745,352,2713,369,13,3558,9,3561,2492,3436,563,-1.5403,-0.2545,-3.4141,-150.6348,124.9390,35.3394,9.00,23.00,-10.00
274830,1369,3836,697,0,687,3984,2010,2637,2474,3953,570,-0.5969,-0.4114,-1.5933,86.5478,-353.1494,16.5405,9.00,23.00,-10.00
274892,3670,3803,1126,0,3513,3978,2859,3771,3056,3983,572,-0.9437,-0.1063,-0.3180,17.7612,-73.8525,-35.4614,10.00,18.00,-13.00
274954,3903,3786,2070,2264,3952,3980,3921,3935,3773,3984,593,-0.9138,-0.1963,-0.4065,2.2583,-10.6812,0.3052,11.00,15.00,-18.00
275014,3922,3738,2324,3239,3961,3971,3951,3941,3905,3985,590,-0.8942,-0.2084,-0.3943,3.3569,-1.2817,-5.5542,11.00,15.00,-18.00
275077,3926,3567,2533,3502,3956,3957,3956,3950,3937,3978,592,-0.8950,-0.2216,-0.3792,-0.5493,-3.8452,-7.1411,11.00,16.00,-20.00
275137,3944,3142,2725,3574,3964,3930,3960,3860,3949,3969,602,-0.9258,-0.2184,-0.3820,10.3149,5.7373,-7.3242,11.00,16.00,-20.00
275200,3961,745,2841,3706,3961,3787,3970,3952,3958,3940,603,-0.9034,-0.2179,-0.3860,20.0806,-2.1973,-17.8833,11.00,15.00,-19.00
275262,3979,1,2923,3812,3897,1445,3975,0,3968,3400,585,-1.7898,-0.1589,-0.3962,17.8223,-31.6162,-3.7231,13.00,16.00,-17.00
275310,3987,0,2924,3833,2785,1886,3936,3962,3969,194,544,-1.4426,-0.3230,-0.4812,27.8931,-117.4316,-2.7466,13.00,16.00,-17.00
275373,3984,1,2848,3440,2563,2163,3876,3940,3959,197,471,-3.7168,-0.8638,-0.2928,90.5762,-330.6274,-18.3716,15.00,7.00,-28.00
275433,3849,0,356,0,631,1240,2912,3213,3665,74,542,-2.7242,-1.4984,0.5360,161.3159,-529.9072,57.1289,15.00,7.00,-28.00
275497,2806,0,1175,0,281,813,2130,1856,2784,931,554,-1.5809,-1.1353,1.0574,-3.6621,300.8423,-27.4048,26.00,-14.00,-19.00
275548,2276,0,1010,0,274,940,2244,1615,2650,1633,558,-0.0424,0.2749,0.7770,15.7471,328.1250,81.2988,27.00,-2.00,-25.00
275608,2866,0,741,0,262,942,1643,843,2607,1555,558,-1.6389,-0.3712,-0.1473,-86.1816,346.8628,121.0327,27.00,-2.00,-25.00
275672,3484,0,484,0,259,1048,1097,527,2759,1789,561,-1.2888,0.4353,-0.4905,-114.2578,220.1538,95.8862,23.00,15.00,-24.00
275721,3568,0,480,0,267,1122,895,490,2830,1731,562,-1.7177,-0.1874,-0.8561,-180.4809,295.4712,73.4253,23.00,15.00,-24.00
275784,3234,0,3220,1,135,629,131,633,2591,820,563,-1.4928,-0.5421,-2.6598,-122.3755,162.4756,102.1118,11.00,26.00,-13.00
275833,1876,0,519,0,2,2560,2336,2355,2488,1838,562,-1.9602,0.3025,-3.5870,-84.0454,-78.6743,-13.1836,11.00,26.00,-13.00
275895,746,3856,742,0,877,3989,1801,1857,2288,3961,571,-1.0350,0.0516,-0.0483,54.0771,-355.4077,-15.7471,9.00,23.00,-16.00
275944,3221,3846,797,0,3209,3984,2751,3698,2990,3981,575,-0.9010,-0.2961,-0.3898,40.3442,-92.5903,-25.6958,9.00,23.00,-16.00
276007,3898,3818,1994,3093,3949,3979,3932,3930,3753,3984,617,-0.8762,-0.2815,-0.4197,7.2632,-14.6484,-18.8599,13.00,13.00,-26.00
276057,3923,3790,1838,3568,3951,3976,3958,3930,3880,3982,617,-0.9110,-0.2349,-0.3953,4.8218,4.1504,-6.6528,12.00,15.00,-27.00
276117,3925,3652,1916,3701,3917,3962,3966,3895,3918,3976,616,-0.9176,-0.2347,-0.3593,0.7935,4.3335,-1.7090,12.00,15.00,-27.00
276180,3935,3307,2534,3743,3912,3933,3972,0,3940,3962,617,-0.9083,-0.2169,-0.3932,12.5122,5.0659,-9.6436,11.00,13.00,-23.00
276228,3958,2208,3011,3789,3937,3833,3979,3945,3953,3924,617,-0.9219,-0.2162,-0.3898,16.3574,0.1221,-8.8501,11.00,13.00,-23.00
276291,3978,0,3350,3832,3863,1507,3981,3824,3963,3305,612,-1.7167,-0.3206,-0.4302,33.5693,-27.4048,-20.5078,13.00,14.00,-27.00
276352,3985,0,3419,3855,2037,1844,3951,3949,3971,61,561,-1.3694,-0.3499,-0.4698,28.8696,-109.0698,3.6621,17.00,10.00,-27.00
276412,3986,0,2082,3578,2590,1817,3892,3874,3952,178,505,-3.9999,-1.0392,-0.0745,104.6143,-382.6294,-62.3169,17.00,10.00,-27.00
276465,3909,0,85,0,1093,995,2934,1786,3720,77,552,-2.6614,-1.1555,0.6063,162.9639,-593.7500,13.3667,27.00,-13.00,-26.00
276526,3335,0,825,0,330,487,1861,1067,2996,1483,559,-1.8901,-1.1284,0.8854,-74.9512,320.9839,-100.6470,27.00,-13.00,-26.00
276577,3324,0,767,0,285,1093,1481,864,2795,1956,564,-0.1025,-0.1013,0.8861,53.7720,346.3745,103.6377,28.00,-7.00,-29.00
276626,3169,0,542,0,234,596,1462,703,2739,1688,563,-1.1251,-0.0082,0.1636,-24.9634,325.5005,138.2446,28.00,-7.00,-29.00
276688,3271,0,374,0,304,475,1210,554,2745,1572,564,-1.6010,0.0790,-0.4102,-73.3032,288.2690,152.0386,25.00,17.00,-24.00
276736,3412,0,506,0,375,952,829,490,2714,1730,565,-1.9353,0.0209,-0.5187,-156.3721,218.9331,110.2295,25.00,17.00,-24.00
276799,3530,0,678,0,289,838,713,487,2728,1286,565,-1.9124,-0.5374,-2.7056,-240.9057,237.4267,40.3442,14.00,18.00,-18.00
276849,3317,0,1316,0,248,950,1204,490,2861,311,565,-0.4370,0.4889,-4.0000,-175.6592,48.5840,70.0684,11.00,21.00,-8.00
276909,2467,3863,495,0,851,3990,1231,572,2204,3962,578,-1.4696,-0.2971,0.7719,171.3257,-325.8056,-7.3853,11.00,21.00,-8.00
276973,3813,3861,836,0,3759,3984,1807,3184,2031,3987,582,-0.6924,-0.1565,-0.5243,12.6343,-65.6128,-26.9775,11.00,14.00,-10.00
277022,3920,3834,1645,1,3953,3978,3767,3893,3318,3984,616,-0.8003,-0.2543,-0.4656,11.6577,-14.8315,-26.3062,11.00,14.00,-10.00
277084,3918,3815,2118,235,3960,3980,3869,3895,3724,3983,616,-0.8826,-0.2468,-0.4166,-3.7842,4.0283,4.2114,13.00,15.00,-14.00
277132,3874,3771,2838,1084,3957,3974,3884,0,3837,3984,610,-0.9177,-0.2797,-0.3634,2.7466,6.8970,-4.6997,13.00,15.00,-14.00
277195,3887,3649,3039,1934,3963,3958,3913,3947,3905,3978,611,-0.9207,-0.2540,-0.3726,26.7944,8.7280,-18.5547,14.00,15.00,-15.00
277243,3933,3351,3154,3294,3971,3936,3958,3961,3944,3970,611,-0.9297,-0.2233,-0.3859,27.0386,5.1270,-13.4888,14.00,15.00,-15.00
277307,3974,0,3319,3747,3957,3127,3977,3964,3964,3820,592,-0.8683,-0.2000,-0.4496,23.3154,-15.9912,-29.6020,16.00,15.00,-11.00
277369,3986,0,2961,3831,3157,1801,3953,3960,3968,373,549,-1.1549,-0.3456,-0.4783,26.7334,-123.7183,7.7515,15.00,13.00,-21.00
277417,3986,0,2840,3776,2293,2022,3898,3949,3967,242,475,-2.3777,-0.6353,-0.3993,77.0874,-265.4419,-36.6211,15.00,13.00,-21.00
277481,3964,1,661,1106,1546,1304,3587,3603,3879,0,524,-3.0424,-0.5632,-0.1599,123.3520,-546.7529,3.2959,21.00,0.00,-17.00
277541,3380,0,848,0,207,1050,2818,3326,3281,222,547,0.3169,-0.8285,1.1505,167.8467,146.2402,-4.6997,21.00,0.00,-17.00
277604,3227,0,783,0,291,680,2531,2431,3034,1602,552,-0.0253,0.4023,0.8481,42.9687,282.2266,11.3525,28.00,-5.00,-12.00
277666,3420,0,700,0,275,567,1731,1403,2905,1453,557,-1.3453,-0.4567,-0.1410,-82.5806,307.4341,102.2339,25.00,5.00,-13.00
277714,3595,0,591,1,256,439,910,986,2968,1607,560,-1.9043,-0.3978,-0.6667,-47.2412,249.8169,105.5908,25.00,5.00,-13.00
277777,3607,0,809,0,348,430,667,529,3000,1499,562,-2.0549,-0.3765,-0.9552,-128.2349,177.7954,113.2812,20.00,7.00,-16.00
277825,3616,0,997,0,220,486,766,540,3106,1075,563,-1.1173,-0.2587,-1.4032,-182.2510,273.4985,100.4028,20.00,7.00,-16.00
277888,2706,0,772,0,3,719,2352,1898,2680,61,560,-0.1670,0.5986,-3.9833,-96.9849,30.8228,166.6870,13.00,18.00,-22.00
277936,1006,3856,565,0,1306,3989,1573,1918,2357,3938,571,-1.2648,-0.1150,-0.1566,230.9570,-259.7046,-146.1792,13.00,18.00,-22.00
278000,3412,3864,760,3,3150,3985,2707,3771,3068,3983,565,-1.0427,-0.2035,-0.2262,32.8369,-78.3691,-34.7290,12.00,9.00,-25.00
278050,3824,3824,1204,0,3926,3957,3807,3919,3454,3958,584,-0.8287,-0.2620,-0.4288,0.9155,-19.7754,-40.5884,15.00,7.00,-21.00
278098,3892,3834,1295,1673,3953,0,3918,3934,3653,3984,602,-0.9187,-0.2671,-0.3910,11.2915,18.4326,-20.5078,15.00,7.00,-21.00
278161,3883,3786,1720,2852,3949,3974,3935,3915,3823,3981,609,-0.9050,-0.2748,-0.3673,-0.1221,3.2959,-1.8921,16.00,6.00,-22.00
278209,3889,3694,2082,3314,3951,3962,3950,3854,3894,3975,612,-0.8884,-0.2247,-0.3895,15.8081,-1.2817,-17.4561,16.00,6.00,-22.00
278261,3916,3521,2387,3518,3959,3950,3962,3916,3933,3967,615,-0.9436,-0.2451,-0.3756,32.1655,6.1035,-21.3623,18.00,9.00,-23.00
278309,3951,2842,2633,3661,3969,3886,3975,3966,3957,3949,614,-0.9441,-0.1848,-0.3752,16.3574,-7.3853,-10.1929,18.00,9.00,-23.00
278373,3980,0,2872,3800,3924,1849,3976,3968,3967,3470,575,-1.6880,-0.2184,-0.4910,40.0391,-48.6450,-31.6162,17.00,7.00,-26.00
278433,3982,0,2906,3827,2448,2092,3933,3961,3968,411,501,-2.1804,-0.5638,-0.6270,39.6118,-143.9209,-27.7100,17.00,7.00,-26.00
278485,3984,0,2080,3243,2911,1939,3903,3942,3952,337,443,-3.9999,-0.9427,-0.1125,88.9893,-294.9219,-38.3301,22.00,0.00,-22.00
278534,3624,0,122,0,955,1140,3148,3591,3613,0,526,-2.4840,-1.0342,0.7197,140.3809,-594.2383,9.3384,22.00,0.00,-22.00
278597,2277,0,743,0,367,982,2875,3313,3042,75,541,-1.7772,-1.0825,1.2040,106.5674,295.9595,-1.5869,29.00,-20.00,-16.00
278645,1714,0,589,0,245,903,2725,2788,2851,485,544,0.2784,0.4280,0.8774,32.1655,332.6416,88.1348,29.00,-20.00,-16.00
278708,2426,0,496,0,268,753,2557,2425,2659,0,550,-1.2858,-0.1190,-0.1376,-93.9941,300.3540,138.0615,31.00,-7.00,-28.00
278758,3052,0,448,0,290,695,1954,1676,2579,0,550,-1.5057,-0.2351,-0.3689,-79.8950,299.1943,130.7373,24.00,20.00,-32.00
278807,3344,0,419,0,307,563,1029,791,2655,0,552,-2.1217,-0.2794,-0.9847,-82.1533,152.1606,143.1885,24.00,20.00,-32.00
278869,3296,0,585,0,219,717,1078,589,2691,874,557,-0.9911,0.1731,-1.8846,-182.1899,104.2480,78.6133,13.00,30.00,-20.00
278919,2570,0,1022,0,51,486,1963,1060,2545,0,559,-0.7026,0.3219,-3.9750,-221.1914,168.3960,34.7900,13.00,30.00,-20.00
278981,1007,3852,1208,0,840,3988,1504,1081,2301,3945,565,-1.6221,-0.2635,0.9475,85.7544,-261.7187,-90.0268,4.00,32.00,-16.00
279029,511,3860,979,0,3746,3984,3137,3803,2786,3982,565,-0.5190,-0.1444,-0.7614,34.9731,-191.7114,-16.1133,4.00,32.00,-16.00
279092,3775,3832,1987,1907,3958,3979,3916,3950,3801,3982,596,-0.8510,-0.2704,-0.4429,-3.8452,-14.1602,-21.9727,7.00,22.00,-19.00
279141,3862,3815,2141,2967,3963,3976,3947,3953,3887,3984,605,-0.9192,-0.2616,-0.3907,24.4141,11.8408,-22.4609,7.00,22.00,-19.00
279204,3904,3709,2384,3463,3963,3966,3963,1,3934,3979,614,-0.9011,-0.2762,-0.3766,-1.1597,-0.1831,5.3711,8.00,23.00,-29.00
279254,3924,3470,2530,3596,3959,1,3970,2,3946,3966,619,-0.8892,-0.1938,-0.4087,29.7241,-5.3101,-31.1890,10.00,23.00,-29.00
279302,3953,2655,2672,3713,3953,3861,3974,3961,3956,3935,616,-0.9098,-0.2251,-0.4117,28.1372,6.1646,-15.9912,10.00,23.00,-29.00
279365,3974,0,2964,3820,3909,1661,3979,0,3967,3476,599,-1.1156,-0.3304,-0.4768,26.6724,-10.0098,-25.9399,11.00,25.00,-26.00
279425,3986,0,2861,3842,3113,1517,3957,3967,3973,256,540,-1.2375,-0.3032,-0.4940,65.5518,-117.3096,-30.8838,11.00,25.00,-26.00
279489,3983,0,2574,3777,2489,2105,3914,3942,3964,223,455,-2.9225,-0.5447,-0.4912,73.3643,-278.5034,-31.9214,15.00,15.00,-31.00
279551,3949,0,343,718,1569,1315,3523,3539,3835,23,521,-2.9705,-0.8062,0.0052,116.5771,-552.9785,6.9580,22.00,-15.00,-33.00
279610,2683,0,746,0,464,685,2750,3023,3015,658,550,3.0481,0.4952,1.3973,74.0356,137.0239,-41.7480,22.00,-15.00,-33.00
279674,2590,0,733,0,301,566,2218,2244,2840,982,552,-0.6263,0.4052,0.8252,51.0864,274.1699,93.1396,29.00,-9.00,-32.00
279734,2784,1,537,1,324,643,1842,1856,2590,332,552,-1.5245,-0.2383,0.0940,-70.4346,369.6899,131.5918,29.00,-9.00,-32.00
279786,3220,0,522,0,329,524,1437,1172,2632,108,554,-1.8661,-0.1296,-0.5098,-72.8149,294.0674,109.4360,26.00,19.00,-35.00
279835,3297,0,557,0,435,453,852,736,2658,818,556,-1.6863,-0.0540,-0.8118,-164.4287,183.8989,126.0376,26.00,19.00,-35.00
279898,3120,0,888,0,334,644,937,756,2556,0,558,-1.7118,-0.6809,-2.3413,-195.8008,243.0420,64.3311,10.00,35.00,-19.00
279947,1596,0,1623,0,54,3133,1372,1172,2434,2650,560,-1.0229,-0.3563,-4.0000,-135.3760,16.2964,46.8140,10.00,35.00,-19.00
280010,633,3861,941,0,1273,3991,2139,2262,2372,3969,565,-0.4308,-0.2897,-0.4958,56.2744,-387.2680,-18.9209,2.00,32.00,-6.00
280060,3613,3840,1358,0,3924,3980,3677,3909,3400,3981,578,-0.5366,-0.1771,-0.5273,3.8452,-47.3022,-16.8457,5.00,22.00,-15.00
280108,3891,3823,2045,2543,3962,3984,3934,3922,3793,3986,613,-0.8574,-0.2886,-0.4279,3.8452,-13.3667,-22.7051,5.00,22.00,-15.00
280172,3920,3799,2036,3424,3957,3975,3955,3920,3879,3985,618,-0.9164,-0.2390,-0.3673,17.7002,17.1509,-12.5122,6.00,25.00,-21.00
280220,3925,3702,2284,3599,3938,3968,3959,1575,3909,3974,618,-0.9158,-0.2487,-0.3660,3.6621,-1.7700,-8.7280,6.00,25.00,-21.00
280283,3938,3464,2639,3661,3945,0,3971,3929,3929,3967,620,-0.9414,-0.2234,-0.3811,33.0200,1.4038,-26.6724,8.00,24.00,-20.00
280331,3952,2816,2875,3735,3954,3887,3978,3952,3950,3944,615,-0.9506,-0.1823,-0.3699,18.3716,0.6714,-12.9395,8.00,24.00,-20.00
280394,3975,0,3161,3819,3906,1913,3980,0,3959,3506,610,-1.0776,-0.2878,-0.4515,23.1934,-19.0430,-27.7710,10.00,26.00,-18.00
280442,3981,0,3329,3841,3433,1364,3970,3939,3960,278,578,-1.1859,-0.0282,-0.4414,31.0669,-106.0181,-6.7749,10.00,26.00,-18.00
280506,3982,0,3032,3820,2119,2127,3918,3938,3960,191,481,-3.0618,-0.7870,-0.5449,55.1758,-208.5571,-27.0386,12.00,23.00,-24.00
280556,3969,0,1185,2250,2301,1615,3813,3806,3915,127,508,-3.2258,-0.8962,0.1436,163.0859,-525.2075,-32.4707,19.00,-1.00,-35.00
280616,2402,0,118,0,502,2672,2959,3174,3010,2558,551,3.0695,0.7423,2.2938,204.6509,-360.1684,93.6279,19.00,-1.00,-35.00
280679,2333,0,556,0,223,570,2747,2838,2772,1501,554,-0.1672,-0.3994,0.6119,46.1426,134.7046,66.9556,25.00,-9.00,-32.00
280740,2115,0,574,0,245,410,2775,2648,2835,959,553,-0.6766,0.0544,0.7828,-62.8662,310.5469,96.0083,25.00,-9.00,-32.00
280802,2753,0,457,0,399,502,2133,2213,2741,0,554,-1.3242,-0.6943,0.2124,-82.8857,363.0981,141.0522,18.00,15.00,-29.00
280863,3264,0,278,0,414,535,951,569,2732,0,559,-2.1793,0.0736,-1.1136,4.3335,209.4116,227.9053,13.00,31.00,-11.00
280923,3554,0,496,0,251,517,652,535,3052,0,561,-1.4707,0.2178,-1.8771,-262.0239,253.6011,101.5015,13.00,31.00,-11.00
280984,3159,0,909,0,55,2733,1689,781,2711,1899,558,0.1298,-1.0006,-4.0000,-182.7392,-21.2402,-43.6401,4.00,35.00,-1.00
281044,2111,3868,1003,0,1282,3987,2529,3588,2791,3966,570,-0.7197,-0.0953,-0.2633,67.8101,-379.9438,-31.4331,4.00,35.00,-1.00
281107,3247,3852,1289,0,3931,3980,3675,3939,3621,3984,568,-0.3439,-0.2404,-0.7600,-2.8687,-60.0586,-22.3999,7.00,29.00,-16.00
281157,3675,3841,2515,0,3963,3982,3871,3947,3784,3983,587,-0.8177,-0.2678,-0.4529,1.8921,2.5024,-26.1230,5.00,27.00,-16.00
281205,3816,3819,2747,1518,3966,3980,3923,3935,3873,3983,592,-0.8944,-0.2537,-0.3950,13.9160,14.4043,-10.5591,5.00,27.00,-16.00
281269,3862,3760,2983,1964,3970,3973,3922,3247,3911,3982,600,-0.8718,-0.2603,-0.3822,-4.0283,-8.9111,-2.9297,8.00,29.00,-15.00
281329,3892,3625,3249,2161,3972,0,3934,3927,3930,3980,601,-0.8751,-0.2531,-0.4088,31.3721,3.4790,-29.6020,8.00,29.00,-15.00
281392,3926,3160,3403,3034,3975,3920,3955,3961,3944,3969,601,-0.9174,-0.2234,-0.3788,5.9814,-0.8545,-8.4839,9.00,28.00,-12.00
281454,3966,0,3505,3699,3965,3145,3975,0,3959,3850,588,-0.8862,-0.2218,-0.4417,19.2261,-13.4277,-27.8931,11.00,27.00,-21.00
281503,3982,0,3531,3814,3728,1652,3960,3942,3963,698,542,-1.6134,-0.2341,-0.4298,32.2876,-148.8647,9.3384,11.00,27.00,-21.00
281566,3982,0,3009,3761,2672,2190,3903,3952,3959,295,442,-3.3787,-0.8981,-0.4421,77.6367,-274.3530,-26.7944,13.00,17.00,-26.00
281614,3953,0,469,1407,1928,1273,3640,3753,3865,0,504,-2.7072,-0.7295,0.0713,170.2270,-585.8154,-33.2642,13.00,17.00,-26.00
281677,1860,1,876,0,500,915,3016,3385,3136,614,539,3.0415,1.0138,1.5740,123.5962,-24.2310,-31.0669,23.00,-9.00,-24.00
281737,2142,0,834,0,286,730,2666,2872,2802,980,548,0.6367,0.1986,0.8348,87.3413,288.5132,99.3652,23.00,-9.00,-24.00
281800,2342,0,728,0,283,746,2460,2457,2564,0,546,-1.2729,-0.0414,0.0094,-120.3003,338.3789,103.3325,24.00,7.00,-23.00
281862,3044,0,640,0,355,747,1906,1795,2529,0,552,-1.6447,-0.1411,-0.5728,-130.1270,271.2402,123.7183,16.00,22.00,-12.00
281911,3175,0,695,0,351,676,1642,1490,2619,0,552,-1.7673,-0.5383,-0.9481,-168.8843,180.6030,86.0596,16.00,22.00,-12.00
281963,3152,0,513,0,361,557,2038,1872,2709,0,553,-1.3911,-0.5352,-1.9724,-132.7515,165.8325,47.1802,9.00,21.00,-6.00
282011,2888,0,339,0,280,924,2598,2432,2659,0,555,-0.8561,1.1118,-3.7076,-100.0366,122.6807,199.5849,9.00,21.00,-6.00
282074,1184,3837,379,0,1070,3986,1887,2662,2341,3928,561,-1.4816,-0.2292,0.9736,153.1982,-222.7173,-81.7871,9.00,17.00,-9.00
282134,1591,3856,702,0,3581,3985,3141,3847,3168,3981,560,-1.0444,-0.2511,-0.3101,25.3296,-74.9512,-12.6953,9.00,17.00,-9.00
282197,3728,3837,2218,406,3962,3983,3888,3961,3766,3982,592,-0.8643,-0.2354,-0.3994,-1.9531,-16.1133,-36.6211,10.00,11.00,-11.00
282246,3822,3824,2341,2023,3968,3973,3934,3958,3866,3981,595,-0.9635,-0.2458,-0.3591,8.5449,17.4561,-8.4839,10.00,11.00,-11.00
282309,3852,3759,2906,2575,3969,3971,3941,1,3912,3982,602,-0.8853,-0.3030,-0.3560,1.7090,1.2817,0.1221,8.00,10.00,-18.00
282360,3871,3648,3047,3150,3967,3959,3953,3962,3928,3978,606,-0.8759,-0.2496,-0.4005,36.5601,-0.1831,-40.4663,11.00,11.00,-14.00
282420,3908,3399,3145,3514,3964,3936,3964,3970,3941,3967,613,-0.9048,-0.2208,-0.3816,8.8501,5.7983,-9.2773,11.00,11.00,-14.00
282484,3954,1759,3219,3715,3970,3816,3980,3975,3957,3937,603,-0.9584,-0.1598,-0.3895,10.5591,-22.0337,-16.4795,10.00,11.00,-18.00
282533,3977,0,3362,3813,3920,1786,3980,0,3964,3322,575,-1.7988,-0.2142,-0.4191,16.2354,-19.5923,-7.9346,10.00,11.00,-18.00
282595,3983,1,3299,3835,2315,2100,3942,3961,3966,129,518,-2.0732,-0.6680,-0.4880,39.6118,-140.1367,-14.6484,12.00,11.00,-12.00
282643,3982,0,1606,3534,2646,2088,3902,3933,3955,257,470,-3.8984,-1.2765,-0.2904,130.7373,-396.6064,-39.5508,12.00,11.00,-12.00
282707,2349,0,0,0,761,936,2844,2772,3415,0,539,-2.4050,-1.6803,1.4656,207.1533,-526.3672,83.0688,17.00,-2.00,-20.00
282768,1903,0,866,0,411,768,2626,2169,2922,337,544,-2.2593,-1.0664,0.7954,-0.6714,266.2964,-53.3447,25.00,-15.00,-19.00
282817,1732,0,761,0,282,883,2921,2666,2851,757,547,-0.3223,-0.0416,0.7063,10.0098,271.0571,22.4609,25.00,-15.00,-19.00
282879,2362,0,546,0,283,766,2672,2590,2662,0,550,-1.3165,-0.2169,0.0526,-93.0786,351.0742,133.7891,26.00,-1.00,-28.00
282928,2881,0,427,0,349,763,2169,1809,2626,0,551,-1.9595,-0.1538,-0.7338,-113.5254,280.3955,130.5542,26.00,-1.00,-28.00
282991,3017,0,416,1,352,713,2335,2198,2810,0,554,-1.6615,-0.1689,-1.4384,-178.8940,140.0146,59.3262,17.00,18.00,-34.00
283039,2802,0,367,0,333,893,3036,3434,2862,0,549,-1.9011,-0.6777,-2.1542,-158.2031,238.9526,105.6518,17.00,18.00,-34.00
283102,1225,0,366,0,457,2586,3154,3631,2541,2229,548,-2.1547,-0.0677,-3.2419,-93.0786,34.6680,36.6821,-1.00,44.00,-35.00
283151,1052,3863,993,0,1218,3987,2583,3688,2873,3965,563,-0.7275,-0.4106,-0.2321,165.9546,-362.0605,13.7939,-1.00,44.00,-35.00
283214,3428,3832,1181,0,3864,3981,3488,3920,3555,3984,569,-0.5955,-0.2108,-0.4559,7.0801,-60.5469,-45.3491,3.00,29.00,-52.00
283265,3858,3797,2063,2668,3960,3976,3923,3957,3867,3980,598,-0.8851,-0.2375,-0.4374,-3.4180,-13.1836,-16.4185,4.00,26.00,-60.00
283325,3914,3734,2437,3420,3974,3969,3962,3966,3931,3980,600,-0.8904,-0.2643,-0.3972,3.9673,5.8594,-2.1362,4.00,26.00,-60.00
283389,3945,3311,2670,3612,3971,3936,3963,3974,3949,3975,617,-0.8777,-0.2698,-0.3829,0.6714,-1.8921,-6.7139,3.00,24.00,-58.00
283449,3961,984,2768,3710,3968,3780,3967,3975,3958,3949,618,-0.8745,-0.2411,-0.4072,13.1836,7.9346,-12.3901,3.00,24.00,-58.00
283501,3971,0,2803,3766,3954,3178,3970,3968,3961,3883,613,-0.9032,-0.2080,-0.3837,6.3477,5.7373,-13.4277,7.00,27.00,-54.00
