447927,3953,1564,3344,3606,3927,3865,3940,3924,3959,3950,612,-0.9139,-0.2080,-0.3580,0.1831,0.3052,-0.0610,21.00,22.00,-31.00
447989,3948,1759,3287,3591,3919,3864,3933,3921,3954,3951,612,-0.9133,-0.2091,-0.3588,0.0000,0.7935,0.7324,21.00,22.00,-25.00
448039,3946,1810,3205,3572,3911,3872,3929,3917,3952,3948,612,-0.9127,-0.2101,-0.3579,0.1221,1.0986,0.0610,23.00,22.00,-25.00
448088,3939,2190,3160,3520,3911,3892,3922,3907,3951,3956,611,-0.9093,-0.2067,-0.3567,0.2441,1.5259,0.1831,23.00,22.00,-25.00
448140,3940,2771,3201,3498,3930,3919,3927,3918,3944,3966,611,-0.9099,-0.2091,-0.3546,0.4883,2.5635,-0.9155,23.00,22.00,-29.00
448190,3941,3254,3205,3495,3948,3940,3937,3921,3945,3972,612,-0.9219,-0.2012,-0.3525,0.4272,3.0518,-1.7700,23.00,22.00,-29.00
448253,3944,3522,3285,3518,3964,3959,3949,0,3947,3980,610,-0.9254,-0.2136,-0.3472,0.9155,3.9062,-1.5259,23.00,23.00,-30.00
448302,3948,3624,3323,3548,3968,3964,3957,0,3953,3979,609,-0.9252,-0.1937,-0.3456,1.1597,2.8076,-2.0752,23.00,23.00,-30.00
448355,3952,3684,3346,3558,3971,3972,3957,1,3954,3980,610,-0.9211,-0.1960,-0.3461,0.9766,1.2207,0.3052,22.00,23.00,-28.00
448404,3950,3718,3367,3513,3974,3970,3956,0,3951,3981,612,-0.9272,-0.1990,-0.3462,0.1831,0.1831,1.4038,22.00,23.00,-28.00
448467,3937,3730,3319,3251,3972,3974,3954,1,3939,3983,612,-0.9160,-0.1956,-0.3477,-0.1221,2.9297,1.8921,23.00,22.00,-26.00
448527,3909,3746,3211,2644,3965,3974,3935,3929,3911,3984,612,-0.9235,-0.2117,-0.3425,0.0610,2.0142,3.7842,23.00,22.00,-26.00
448591,3879,3751,3056,2415,3968,3974,3929,3921,3893,3982,614,-0.9263,-0.2108,-0.3412,0.5493,0.6104,3.1738,20.00,22.00,-28.00
448642,3848,3745,2906,2157,3964,3973,3910,3921,3871,3983,613,-0.9272,-0.2147,-0.3396,1.1597,2.3804,4.8218,23.00,22.00,-23.00
448692,3813,3726,2729,1508,3950,3971,3862,3912,3823,3983,610,-0.9258,-0.2202,-0.3430,1.7700,2.3804,9.7656,23.00,22.00,-23.00
448756,3758,3641,2443,899,3911,3966,3766,3887,3749,3978,610,-0.9261,-0.2374,-0.3322,2.3193,3.1128,6.4697,22.00,22.00,-28.00
448816,3350,3294,1765,0,3536,3941,3265,3757,3444,3962,597,-0.8734,-0.2126,-0.3590,-3.4790,5.0049,5.0049,22.00,22.00,-28.00
448868,2160,2634,1115,0,1823,3902,2427,3459,3140,3908,588,-0.6866,-0.1683,-0.4594,-9.9487,20.0806,9.8877,22.00,23.00,-23.00
448928,2428,562,920,0,595,3644,2324,3245,3044,3645,583,-0.9948,-0.2444,-0.3695,1.1597,70.0073,8.7891,22.00,23.00,-23.00
448980,2664,0,944,0,280,2845,2125,3055,2973,2904,578,-1.2761,-0.0073,-0.7168,26.2451,-23.6816,20.3857,22.00,27.00,-22.00
449042,2792,0,906,0,232,2202,1917,2918,2922,2654,580,-1.1163,0.2091,-0.6345,-47.9736,-60.3638,-50.4150,20.00,23.00,-23.00
449102,2653,0,899,0,189,1926,1781,3119,2962,2711,577,-0.9242,0.1727,-0.4092,-60.9131,-77.1484,-61.9507,20.00,23.00,-23.00
449165,2515,0,940,0,215,1362,1944,3312,2997,2592,574,-1.1443,-0.2156,-0.3228,-59.0820,-43.2129,-53.2837,16.00,19.00,-23.00
449213,2379,0,902,0,195,1443,1968,3238,2956,2699,573,-1.1791,-0.1807,-0.1243,-44.1894,-10.8643,-68.6646,16.00,19.00,-23.00
449277,2390,0,957,0,391,1583,1996,3257,2992,2786,572,-1.0153,-0.3495,0.1056,-84.0454,-13.7329,-36.4990,14.00,22.00,-19.00
449326,3090,0,1053,539,715,1747,3359,3611,3354,2994,576,-0.0543,-0.5251,0.7394,-69.6411,70.9229,53.2227,14.00,22.00,-19.00
449390,3744,3555,2402,2344,3897,3961,3851,3851,3809,3969,598,-1.0448,0.0765,-0.2947,2.9907,-5.1880,-25.0854,11.00,22.00,-20.00
449443,3831,3622,2673,2726,3918,3964,3895,3878,3886,3978,603,-0.9135,-0.1238,-0.3402,2.6245,-2.5635,-3.7842,11.00,19.00,-17.00
449492,3843,3703,2766,2720,3938,3967,3902,3865,3880,3979,604,-0.9253,-0.1803,-0.3606,-2.1362,0.3662,2.3804,11.00,19.00,-17.00
449544,3853,3729,2803,2786,3939,3967,3908,3889,3890,3978,604,-0.9377,-0.1438,-0.3445,2.0752,2.3804,-1.7700,7.00,23.00,-21.00
449594,3866,3738,2892,2833,3946,3967,3918,3888,3896,3978,607,-0.9343,-0.1637,-0.3479,-0.0610,-1.1597,2.9297,7.00,23.00,-21.00
449646,3877,3734,2914,2925,3955,3971,3924,3871,3909,3978,606,-0.9399,-0.1692,-0.3451,0.7324,0.0610,3.0518,10.00,22.00,-20.00
449695,3896,3716,2939,3053,3958,3969,3932,3637,3918,3979,608,-0.9253,-0.1663,-0.3516,1.0376,-2.0142,0.1221,10.00,22.00,-20.00
449758,3912,3692,2966,3215,3958,3971,3941,1,3931,3980,613,-0.9373,-0.1581,-0.3455,1.2207,-0.5493,-1.5869,7.00,23.00,-21.00
449808,3920,3658,2987,3304,3957,3966,3945,0,3935,3977,611,-0.9266,-0.1615,-0.3518,0.9766,-1.9531,-1.0986,7.00,23.00,-21.00
449871,3925,3597,2988,3334,3955,3963,3949,0,3940,3975,614,-0.9288,-0.1592,-0.3528,0.6714,-0.6104,-0.8545,11.00,21.00,-20.00
449920,3930,3545,2992,3363,3954,3963,3948,0,3940,3977,615,-0.9266,-0.1582,-0.3529,0.9766,0.7935,-0.1831,11.00,21.00,-20.00
449984,3931,3482,3022,3405,3952,3953,3951,0,3946,3975,616,-0.9294,-0.1555,-0.3500,0.4883,0.9766,0.9155,10.00,22.00,-18.00
450033,3934,3458,3044,3419,3951,3954,3947,0,3947,3976,615,-0.9279,-0.1624,-0.3525,0.5493,0.9766,1.0986,10.00,22.00,-18.00
450097,3937,3449,3069,3430,3949,3951,3947,0,3950,3973,617,-0.9290,-0.1608,-0.3490,0.4272,0.1221,0.5493,9.00,22.00,-18.00
450148,3935,3430,3075,3442,3954,3954,3948,0,3946,3975,613,-0.9301,-0.1616,-0.3521,0.6104,-0.1831,-0.7324,7.00,20.00,-16.00
450197,3937,3368,3084,3475,3952,3949,3952,0,3952,3975,617,-0.9299,-0.1560,-0.3512,0.6104,-0.7935,-0.6714,7.00,20.00,-16.00
450249,3939,3296,3092,3493,3949,3946,3951,0,3951,3975,614,-0.9255,-0.1564,-0.3560,0.7324,-0.9155,-0.9155,9.00,23.00,-18.00
450298,3940,3281,3089,3502,3948,3947,3952,0,3949,3970,616,-0.9249,-0.1503,-0.3550,0.1831,0.0610,0.0610,9.00,23.00,-18.00
450350,3942,3284,3111,3501,3948,3945,3953,0,3950,3970,615,-0.9231,-0.1538,-0.3546,0.0000,-0.3662,0.1221,7.00,20.00,-19.00
450410,3938,3295,3110,3507,3949,3945,3946,0,3953,3971,616,-0.9299,-0.1577,-0.3538,0.3052,-0.1831,-0.3052,7.00,20.00,-19.00
450463,3939,3292,3109,3506,3950,3946,3950,0,3955,3973,616,-0.9274,-0.1571,-0.3549,0.0610,-0.3052,0.1221,10.00,22.00,-22.00
450523,3943,3290,3113,3509,3948,3947,3953,0,3953,3969,614,-0.9274,-0.1539,-0.3575,0.2441,-0.4883,-0.3662,10.00,22.00,-22.00
450587,3939,3287,3116,3506,3950,3948,3951,0,3953,3974,616,-0.9279,-0.1553,-0.3558,0.2441,0.1831,-0.1221,9.00,23.00,-21.00
450635,3939,3289,3124,3513,3948,3947,3952,0,3955,3973,616,-0.9257,-0.1547,-0.3567,0.1221,0.0610,0.0610,9.00,23.00,-21.00
450699,3941,3292,3123,3511,3948,3946,3952,0,3953,3973,614,-0.9244,-0.1552,-0.3552,0.1221,0.4272,0.3052,9.00,23.00,-25.00
450749,3939,3287,3139,3513,3950,3944,3953,0,3954,3975,613,-0.9252,-0.1548,-0.3566,0.3052,0.4883,0.0610,10.00,20.00,-14.00
450799,3939,3293,3147,3519,3946,3949,3951,0,3955,3972,617,-0.9290,-0.1555,-0.3569,0.3662,0.3662,0.1831,10.00,20.00,-14.00
450851,3943,3275,3164,3529,3950,3947,3954,0,3955,3975,615,-0.9261,-0.1578,-0.3571,0.0610,0.0610,0.4883,10.00,24.00,-22.00
450900,3942,3240,3175,3538,3951,3944,3956,1,3956,3975,615,-0.9240,-0.1566,-0.3558,0.2441,0.1221,0.2441,10.00,24.00,-22.00
450964,3947,3201,3189,3549,3950,3942,3957,0,3960,3976,615,-0.9274,-0.1543,-0.3557,0.1831,0.0000,0.3052,10.00,23.00,-16.00
451012,3946,3195,3197,3557,3953,3943,3957,1,3959,3976,615,-0.9247,-0.1577,-0.3555,0.0610,0.1831,0.6104,10.00,23.00,-16.00
451065,3945,3209,3201,3559,3953,3944,3957,0,3960,3973,616,-0.9259,-0.1584,-0.3563,0.1831,0.1831,0.3052,7.00,22.00,-17.00
451114,3947,3229,3208,3556,3952,3944,3953,0,3954,3973,619,-0.9301,-0.1591,-0.3556,0.3662,0.3662,0.0610,7.00,22.00,-17.00
451178,3947,3181,3222,3566,3952,3941,3956,0,3959,3974,617,-0.9266,-0.1584,-0.3567,0.2441,-0.3662,0.1221,9.00,22.00,-20.00
451227,3952,3170,3226,3573,3953,3943,3957,0,3962,3973,614,-0.9269,-0.1580,-0.3569,0.2441,-0.0610,-0.2441,9.00,22.00,-20.00
451291,3950,3161,3231,3577,3953,3937,3955,0,3969,3974,614,-0.9237,-0.1564,-0.3564,0.1831,0.0610,0.0000,10.00,22.00,-19.00
451339,3947,3174,3226,3578,3955,3943,3956,0,3960,3974,615,-0.9269,-0.1583,-0.3568,0.3052,0.1831,-0.4272,10.00,22.00,-19.00
451391,3947,3162,3229,3577,3953,3941,3960,2,3960,3971,616,-0.9254,-0.1560,-0.3572,0.2441,0.0610,-0.2441,10.00,21.00,-21.00
451439,3949,3086,3234,3587,3951,3934,3955,1,3963,3970,616,-0.9243,-0.1556,-0.3566,0.1221,0.1831,0.1221,10.00,21.00,-21.00
451503,3943,3004,3235,3592,3954,3934,3958,0,3962,3974,616,-0.9221,-0.1549,-0.3573,0.2441,0.4883,0.0000,8.00,20.00,-17.00
451565,3952,2999,3238,3591,3953,3931,3960,0,3959,3971,614,-0.9279,-0.1580,-0.3563,0.3662,-0.0610,-0.1221,10.00,22.00,-19.00
451613,3953,2983,3235,3594,3952,3935,3956,1,3960,3973,616,-0.9263,-0.1565,-0.3571,0.3662,-0.1221,-0.0610,10.00,22.00,-19.00
451677,3949,2965,3238,3593,3945,3931,3959,0,3964,3974,616,-0.9232,-0.1560,-0.3572,0.3052,0.1221,-0.4272,9.00,22.00,-15.00
451726,3951,2965,3234,3595,3951,3932,3956,0,3961,3971,616,-0.9269,-0.1571,-0.3574,0.4272,0.2441,-0.3052,9.00,22.00,-15.00
451789,3947,2968,3238,3595,3951,3932,3959,0,3962,3969,615,-0.9266,-0.1565,-0.3572,0.1831,0.4272,-0.1221,10.00,21.00,-20.00
451838,3949,2962,3239,3594,3953,3931,3957,0,3964,3968,614,-0.9260,-0.1549,-0.3579,0.1831,0.3662,-0.0610,10.00,21.00,-20.00
451902,3947,2930,3241,3598,3950,3931,3959,2,3960,3968,615,-0.9244,-0.1571,-0.3566,0.1831,0.1831,0.0000,10.00,23.00,-23.00
451952,3951,2931,3238,3596,3949,3929,3957,0,3962,3967,617,-0.9266,-0.1550,-0.3551,0.1831,0.3052,0.0610,10.00,22.00,-19.00
452001,3951,2921,3240,3597,3950,3932,3956,0,3962,3970,615,-0.9260,-0.1553,-0.3563,0.3662,0.1221,-0.3662,10.00,22.00,-19.00
452054,3954,2920,3244,3600,3950,3930,3958,0,3961,3970,615,-0.9252,-0.1548,-0.3555,0.2441,0.0610,-0.2441,9.00,23.00,-22.00
452114,3951,2920,3247,3599,3949,3928,3957,0,3962,3967,614,-0.9253,-0.1544,-0.3568,0.0610,0.1831,0.0610,9.00,23.00,-22.00
452166,3948,2914,3249,3606,3949,3928,3955,1,3963,3971,616,-0.9271,-0.1558,-0.3557,0.2441,0.1831,-0.0610,10.00,23.00,-21.00
452215,3951,2911,3254,3604,3950,3929,3957,1,3960,3969,615,-0.9261,-0.1565,-0.3564,0.1221,0.1831,0.1831,10.00,23.00,-21.00
452279,3952,2910,3250,3605,3950,3930,3957,0,3964,3968,613,-0.9281,-0.1566,-0.3553,0.2441,0.1221,-0.0610,9.00,22.00,-16.00
452338,3954,2900,3254,3606,3949,3928,3960,0,3964,3970,613,-0.9246,-0.1562,-0.3577,0.0610,0.0610,0.0610,9.00,22.00,-16.00
452390,3953,2886,3259,3610,3949,3924,3959,1,3962,3969,617,-0.9250,-0.1558,-0.3567,0.3052,-0.1221,0.2441,10.00,22.00,-20.00
452439,3954,2886,3262,3612,3950,3927,3957,0,3964,3967,614,-0.9263,-0.1556,-0.3569,0.1221,-0.1221,0.1831,10.00,22.00,-20.00
452502,3954,2882,3259,3612,3947,3928,3963,0,3962,3970,613,-0.9237,-0.1558,-0.3622,0.3052,-0.7324,0.7935,10.00,23.00,-21.00
452554,3954,2883,3264,3617,3949,3928,3958,0,3962,3968,616,-0.9261,-0.1558,-0.3577,0.1831,0.0610,-0.0610,10.00,21.00,-22.00
452603,3950,2883,3265,3618,3949,3925,3956,0,3959,3971,615,-0.9268,-0.1565,-0.3588,0.3662,-0.3662,-0.4272,10.00,21.00,-22.00
452666,3955,2875,3265,3617,3951,3926,3959,0,3971,3968,615,-0.9218,-0.1571,-0.3588,0.2441,-0.0610,-0.0610,8.00,22.00,-24.00
452714,3952,2887,3266,3615,3951,3928,3959,0,3964,3969,613,-0.9275,-0.1550,-0.3580,0.2441,0.1831,-0.3662,8.00,22.00,-24.00
452777,3955,2895,3266,3615,3949,3930,3958,0,3966,3967,614,-0.9259,-0.1571,-0.3579,0.0610,0.4883,0.1831,11.00,22.00,-21.00
452826,3956,2906,3262,3612,3950,3929,3956,0,3964,3965,614,-0.9252,-0.1560,-0.3578,0.1221,0.3052,0.1221,11.00,22.00,-21.00
452889,3954,2945,3263,3607,3948,3929,3960,0,3963,3970,616,-0.9261,-0.1570,-0.3573,0.1831,0.3052,0.0000,7.00,23.00,-19.00
452939,3952,2965,3264,3603,3946,3938,3958,0,3960,3967,615,-0.9281,-0.1569,-0.3547,0.3052,0.1831,-0.0610,7.00,23.00,-19.00
452991,3954,3019,3259,3598,3950,3933,3957,1,3966,3973,614,-0.9259,-0.1550,-0.3580,0.1831,0.4272,-0.1221,10.00,23.00,-19.00
453039,3946,3076,3248,3594,3951,3938,3958,0,3963,3972,615,-0.9258,-0.1571,-0.3560,0.2441,0.1221,-0.1831,10.00,23.00,-19.00
453103,3952,3109,3244,3583,3950,3939,3955,0,3961,3973,617,-0.9259,-0.1547,-0.3574,0.1831,0.4272,0.0000,10.00,22.00,-16.00
453165,3950,3149,3236,3572,3949,3942,3957,0,3961,3972,617,-0.9249,-0.1565,-0.3586,0.1831,0.4272,-0.0610,10.00,22.00,-24.00
453214,3949,3190,3230,3562,3947,3943,3959,2,3959,3974,614,-0.9240,-0.1549,-0.3566,0.2441,0.1831,-0.0610,10.00,22.00,-24.00
453277,3949,3268,3206,3530,3952,3947,3955,0,3961,3974,615,-0.9254,-0.1522,-0.3569,0.1831,-0.0610,-0.6104,10.00,24.00,-20.00
453327,3946,3300,3196,3517,3951,3950,3956,0,3957,3968,615,-0.9265,-0.1564,-0.3578,0.1221,-0.6714,-0.7935,10.00,24.00,-20.00
453380,3948,3308,3190,3517,3948,3950,3956,0,3957,3972,618,-0.9230,-0.1550,-0.3588,-0.1221,-0.3052,0.2441,9.00,22.00,-17.00
453440,3943,3326,3187,3512,3948,3951,3958,0,3958,3972,615,-0.9264,-0.1539,-0.3575,0.1221,0.6104,0.3662,9.00,22.00,-17.00
453504,3947,3333,3183,3507,3948,3950,3958,0,3957,3968,614,-0.9258,-0.1559,-0.3584,0.2441,0.6104,0.0000,11.00,24.00,-21.00
453555,3946,3318,3187,3507,3953,3949,3955,0,3955,3974,616,-0.9259,-0.1559,-0.3552,0.3052,0.4272,0.1221,10.00,22.00,-19.00
453603,3945,3306,3191,3510,3949,3950,3955,0,3957,3970,615,-0.9259,-0.1556,-0.3561,0.2441,0.3052,0.2441,10.00,22.00,-19.00
453667,3949,3278,3199,3513,3951,3949,3956,0,3953,3975,617,-0.9247,-0.1552,-0.3575,0.2441,0.3052,0.1221,9.00,22.00,-21.00
453727,3947,3274,3203,3517,3950,3949,3959,0,3957,3973,616,-0.9265,-0.1577,-0.3566,0.2441,0.3052,0.0610,9.00,22.00,-21.00
453789,3946,3273,3205,3518,3949,3950,3956,0,3957,3974,615,-0.9285,-0.1560,-0.3568,0.1831,-0.3662,0.1221,10.00,23.00,-24.00
453837,3945,3268,3213,3522,3952,3946,3958,0,3961,3975,615,-0.9243,-0.1565,-0.3582,0.2441,-0.1831,0.0610,10.00,23.00,-24.00
453889,3946,3232,3218,3536,3952,3945,3956,0,3958,3976,616,-0.9276,-0.1577,-0.3579,0.3662,-0.3052,-0.2441,9.00,23.00,-22.00
453938,3946,3175,3230,3550,3953,3943,3958,0,3961,3971,617,-0.9225,-0.1550,-0.3582,0.0610,-0.0610,0.1221,9.00,23.00,-22.00
454002,3948,3127,3236,3563,3950,3940,3957,0,3961,3975,616,-0.9249,-0.1539,-0.3591,0.2441,-0.2441,-0.5493,10.00,22.00,-20.00
454054,3951,3069,3243,3571,3953,3942,3959,0,3963,3970,617,-0.9255,-0.1575,-0.3586,0.1831,0.0000,-0.1221,10.00,21.00,-23.00
454103,3951,3013,3248,3574,3951,3937,3958,0,3962,3971,615,-0.9261,-0.1564,-0.3582,0.1831,0.2441,0.1831,10.00,21.00,-23.00
454155,3951,2982,3250,3577,3952,3935,3957,0,3960,3972,616,-0.9233,-0.1550,-0.3589,0.2441,0.0610,-0.2441,12.00,23.00,-19.00
454204,3951,2974,3249,3583,3953,3934,3963,0,3964,3970,616,-0.9281,-0.1573,-0.3583,0.2441,0.1221,0.1831,12.00,23.00,-19.00
454266,3955,2936,3246,3579,3950,3931,3959,0,3959,3967,616,-0.9257,-0.1587,-0.3588,0.1831,0.3052,0.0610,10.00,23.00,-24.00
454314,3952,2938,3238,3577,3948,3931,3959,1,3964,3972,617,-0.9238,-0.1562,-0.3585,0.1221,0.5493,0.2441,10.00,23.00,-24.00
454366,3951,2965,3226,3573,3949,3934,3959,0,3959,3971,617,-0.9312,-0.1567,-0.3572,0.3052,0.3662,0.1221,10.00,21.00,-16.00
454415,3951,2964,3213,3574,3948,3933,3961,0,3959,3970,615,-0.9283,-0.1595,-0.3563,0.1831,0.3662,0.6714,10.00,21.00,-16.00
454467,3950,2846,3155,3614,3938,3926,3961,0,3958,3968,616,-0.9283,-0.1555,-0.3582,0.4883,-0.7935,-0.1221,9.00,22.00,-27.00
454527,3950,2541,3072,3659,3928,3911,3960,0,3962,3962,618,-0.9202,-0.1606,-0.3601,0.4272,0.1831,0.5493,9.00,22.00,-27.00
454579,3951,2476,3120,3688,3935,3909,3966,1,3963,3968,615,-0.9202,-0.1599,-0.3573,1.4038,1.2207,0.1831,11.00,24.00,-20.00
454629,3954,2719,3162,3732,3943,3921,3966,0,3964,3966,613,-0.9187,-0.1688,-0.3595,0.7935,-1.2817,-0.2441,11.00,24.00,-20.00
454693,3958,2960,3246,3777,3952,3932,3970,3865,3962,3971,613,-0.9135,-0.1561,-0.3627,1.4038,-2.1973,-2.1362,10.00,20.00,-15.00
454743,3963,3289,3292,3801,3963,0,3980,3868,3966,3978,615,-0.9253,-0.1433,-0.3604,1.2207,-1.2207,-2.6245,10.00,20.00,-15.00
454795,3966,3413,3363,3809,3966,0,3983,3870,3974,3977,616,-0.9369,-0.1406,-0.3690,1.2817,0.6104,-1.4648,6.00,23.00,-20.00
454844,3968,3402,3387,3811,3971,0,3979,3873,3970,3977,617,-0.9294,-0.1406,-0.3591,0.1221,1.3428,2.7466,6.00,23.00,-20.00
454896,3967,3341,3317,3816,3969,0,3986,3875,3977,3978,621,-0.9165,-0.1511,-0.3657,-0.4883,1.2817,1.4648,10.00,22.00,-23.00
454958,3969,3303,3376,3801,3967,0,3981,3870,3972,3979,619,-0.9150,-0.1479,-0.3590,-0.6104,0.1221,2.0752,9.00,22.00,-21.00
455006,3964,3375,3365,3760,3971,0,3979,0,3974,3981,623,-0.9263,-0.1523,-0.3619,-1.4648,1.0376,1.2207,9.00,22.00,-21.00
455070,3950,3253,3211,3666,3956,3944,3968,23,3964,3975,626,-0.9403,-0.1442,-0.3647,-2.1362,1.4038,4.6387,9.00,25.00,-21.00
455118,3868,2010,2588,3238,3809,3867,3919,3804,3932,3941,621,-0.8950,-0.1600,-0.3580,-2.8687,4.5776,10.8032,9.00,25.00,-21.00
455170,3482,467,1225,1049,2817,3633,3723,3702,3722,3723,608,-0.9641,0.0502,-0.3604,-4.1504,8.7891,11.0474,8.00,23.00,-17.00
455219,3024,0,842,0,670,2861,2986,3353,3261,2921,587,-0.7900,0.5204,-0.8989,-129.6997,-22.6440,-46.3257,8.00,23.00,-17.00
455283,2981,0,897,0,539,2486,2722,3251,3125,2767,581,-0.9847,-0.0032,-0.7396,-157.2266,-55.4810,-76.9653,5.00,23.00,-20.00
455332,3176,0,884,0,422,1618,2718,3327,3168,2554,580,-0.9741,0.0273,-0.3801,-168.2739,-34.6680,-86.6089,5.00,23.00,-20.00
455396,3061,2,889,0,471,1393,2299,3408,2991,2459,578,-0.6960,0.1091,-0.0645,-235.7178,-40.4663,-61.2183,1.00,22.00,-9.00
455448,3071,0,924,0,483,1329,2086,3429,2961,2491,578,-1.1876,0.3157,0.2177,-238.0371,-64.4531,-63.8428,-3.00,25.00,-7.00
455497,3166,0,925,0,500,1332,2080,3480,2987,2535,578,-1.2006,0.0209,0.2968,-281.6162,-69.3359,-75.6836,-3.00,25.00,-7.00
455561,2842,0,1189,1,2582,1439,2499,3684,2872,2835,574,-0.7732,-0.4447,0.1938,-235.4126,-42.9687,-180.7251,-7.00,26.00,3.00
455621,3897,3535,2641,2693,3937,0,3889,3840,3845,3975,609,-1.1183,-0.1047,-0.4209,-10.3149,-6.2866,0.7324,-7.00,26.00,3.00
455685,3947,3716,2643,3589,3962,3973,3960,3456,3934,3982,605,-0.9580,-0.1534,-0.3430,2.5635,15.4419,10.8643,-5.00,30.00,7.00
455734,3949,3732,2998,3665,3966,3975,3967,3856,3944,3987,609,-0.9078,-0.1866,-0.3866,-2.7466,-2.3804,4.5776,-5.00,30.00,7.00
455787,3954,3724,2839,3689,3961,3973,3965,3850,3948,3981,608,-0.9250,-0.1672,-0.3613,0.1221,2.0142,2.7466,-3.00,30.00,6.00
455849,3953,3679,2759,3735,3965,3969,3971,0,3954,3982,608,-0.9175,-0.1865,-0.3618,-2.6245,-4.3945,6.4697,-5.00,27.00,6.00
455898,3958,3642,2584,3772,3966,0,3973,3701,3958,3981,614,-0.9183,-0.1912,-0.3733,-1.7090,-5.9204,3.4790,-5.00,27.00,6.00
455950,3963,3561,2707,3796,3965,0,3981,3593,3965,3983,622,-0.9130,-0.1750,-0.3722,-1.5869,-7.7515,1.0986,-5.00,29.00,5.00
455998,3969,3471,2608,3815,3961,3958,3981,1,3967,3978,619,-0.9141,-0.1919,-0.3793,-2.1362,-10.5591,-0.9766,-5.00,29.00,5.00
456051,3971,3331,2469,3811,3955,3949,3980,0,3963,3976,619,-0.9065,-0.1967,-0.3909,-1.6479,-1.8311,-0.3662,-3.00,28.00,3.00
456101,3961,2810,2268,3779,3903,3914,3968,3837,3960,3964,621,-0.9349,-0.1824,-0.3835,-2.0142,1.0376,3.1128,-3.00,28.00,3.00
456153,3938,0,1739,3714,3588,3608,3937,3715,3951,3834,618,-1.0841,0.4319,-0.2151,-13.1226,-1.2817,-9.5825,-6.00,29.00,3.00
456201,3866,0,1052,3264,1894,2797,3819,3555,3892,3187,616,-1.2195,0.3818,-0.1936,-128.6011,-27.4048,-54.9927,-6.00,29.00,3.00
456254,3572,0,832,0,886,1856,3080,3556,3462,2531,599,-0.7858,0.3437,-0.7698,-266.5405,-56.6406,-102.4170,-1.00,36.00,13.00
456303,3185,1,790,0,726,1236,2460,3566,3086,2156,583,-0.6533,-0.3480,-0.7931,-254.6387,-44.9219,-78.6133,-1.00,36.00,13.00
456355,2393,0,751,0,553,1148,2236,3431,2847,2188,580,-1.0448,-0.3127,-0.5127,-146.4233,-54.9927,-80.3833,5.00,39.00,15.00
456405,2005,0,738,0,554,832,2366,3406,2833,2262,579,-1.0624,-0.3287,-0.1478,-131.7749,-49.4995,-52.5513,5.00,39.00,15.00
456469,2486,0,1040,0,804,641,2942,3625,3169,2372,566,-0.9100,-0.4810,0.1870,-95.9473,-79.0405,-39.6118,7.00,45.00,8.00
456518,3816,0,2244,3244,2848,224,3870,3908,3929,1708,588,-1.0497,-1.0372,0.5869,-39.7949,87.8296,-15.7471,7.00,45.00,8.00
456582,3939,2950,3340,3626,3961,3931,3966,3947,3967,3971,595,-0.7863,-0.0889,-0.3805,1.4038,-8.1787,-14.0991,11.00,47.00,20.00
456630,3947,3515,3472,3601,3971,3960,3969,0,3963,3979,594,-0.9250,-0.2178,-0.3523,-3.1738,2.0752,4.5776,11.00,47.00,20.00
456682,3938,3605,3329,3575,3971,3960,3966,1,3962,3975,592,-0.8977,-0.1884,-0.3817,0.1221,-1.8311,-2.0142,11.00,46.00,23.00
456742,3922,3722,3184,3415,3970,3970,3963,3966,3952,3980,596,-0.9205,-0.1757,-0.3737,-3.0518,0.0000,-1.8311,11.00,46.00,23.00
456804,3902,3776,3049,3179,3973,3979,3960,3965,3945,3982,602,-0.9104,-0.2097,-0.3776,-0.6104,2.6855,1.5259,10.00,47.00,18.00
456855,3895,3786,3011,3149,3972,3980,3956,3963,3939,3986,603,-0.9337,-0.1902,-0.3594,0.3052,4.3335,0.6714,11.00,47.00,16.00
456915,3894,3772,2909,3225,3966,3976,3957,3960,3935,3985,604,-0.9308,-0.1918,-0.3586,0.3052,0.0000,0.9766,11.00,47.00,16.00
456979,3823,3640,2381,2952,3921,3966,3932,3941,3910,3976,610,-0.9600,-0.1984,-0.3762,-0.9155,-5.0049,0.8545,9.00,46.00,20.00
457029,3256,1998,1552,550,3291,3836,3775,3855,3752,3877,605,-0.8801,-0.1808,-0.3770,-1.2207,-6.6528,5.3101,9.00,46.00,20.00
457081,1748,0,858,0,770,3075,2938,3550,3111,2982,577,-0.6914,0.0474,-0.8999,-19.1040,-2.8076,-4.0894,11.00,45.00,21.00
457129,1653,0,862,0,538,2128,2736,3456,2897,2452,575,-0.7727,-0.3190,-0.8368,-15.8081,4.2725,0.1831,11.00,45.00,21.00
457193,2028,0,900,0,555,2919,3211,3606,3155,2965,574,-0.6896,0.0309,0.0912,33.0200,-15.8691,-9.2163,10.00,50.00,20.00
457241,2919,3399,1202,634,3632,3954,3644,3763,3370,3949,576,-1.2345,-0.5828,0.1976,6.7139,33.8745,-4.6387,10.00,50.00,20.00
457305,3327,3510,1421,856,3753,3961,3704,3813,3555,3957,584,-0.9420,-0.2006,-0.3297,-3.2959,-2.4414,1.7090,11.00,47.00,20.00
457355,3430,3499,1442,974,3770,3958,3707,3827,3590,3957,589,-0.9066,-0.1945,-0.3687,-2.1362,-4.5776,2.7466,10.00,50.00,17.00
457405,3667,3463,1453,1410,3796,3959,3787,3830,3651,3963,596,-0.9354,-0.1833,-0.3550,3.4180,0.6104,-4.3335,10.00,50.00,17.00
457457,3818,3325,1914,2711,3846,3951,3868,3869,3809,3960,603,-0.8998,-0.1573,-0.3679,1.8311,-7.4463,0.1221,13.00,50.00,20.00
457505,3881,3203,2165,3166,3878,3939,3916,3901,3889,3956,610,-0.9524,-0.1835,-0.3564,0.7324,-2.1362,0.8545,13.00,50.00,20.00
457558,3919,2785,2571,3424,3896,3920,3942,3925,3934,3954,612,-0.9028,-0.1841,-0.3695,-0.1221,-4.5776,2.4414,10.00,49.00,15.00
457607,3935,2687,2802,3529,3906,3914,3951,3936,3947,3957,612,-0.8920,-0.1614,-0.3806,0.6714,-3.7231,-2.0142,10.00,49.00,15.00
457671,3934,3188,2886,3505,3922,3942,3952,3940,3947,3967,610,-0.9124,-0.1788,-0.3732,0.6104,3.6621,-0.9766,11.00,49.00,19.00
457719,3926,3556,2883,3105,3938,3963,3941,3942,3935,3974,609,-0.8926,-0.1490,-0.3698,-1.3428,7.6904,-1.5259,11.00,49.00,19.00
457782,3897,3725,2792,2270,3950,3971,3931,3949,3907,3978,604,-0.8955,-0.1628,-0.3668,-1.8311,1.6479,-2.8076,10.00,50.00,17.00
457842,3688,3802,2089,0,3946,3980,3806,3944,3690,3984,589,-0.9426,-0.1919,-0.3809,-5.0659,14.0991,3.4180,10.00,50.00,17.00
457904,3435,3197,1611,0,3831,3927,3746,3937,3685,3948,594,-1.1814,-0.3091,-0.3582,18.7378,-10.0098,9.5215,12.00,49.00,20.00
457966,1824,0,948,0,903,2954,2693,3627,3185,3082,577,-0.5754,-0.6122,1.4506,81.5430,-128.4790,-9.0332,11.00,50.00,12.00
458025,1695,0,941,0,550,2420,2670,3576,3090,2918,570,-0.5576,-0.3966,1.4202,58.3496,114.6851,26.6113,11.00,50.00,12.00
458088,1477,0,339,0,377,898,2738,3091,3072,1376,571,-1.7184,-0.0034,0.0063,-56.0913,26.1841,18.9209,10.00,39.00,22.00
458148,1317,0,784,0,257,791,3063,2885,3046,1183,568,-0.4998,0.0374,-0.7083,-109.1919,0.2441,-25.7568,10.00,39.00,22.00
458212,1293,0,882,0,243,722,3083,2958,3045,1294,571,-0.7529,-0.0781,-1.3306,-101.0132,105.6518,18.9209,12.00,35.00,17.00
458274,979,0,1000,0,262,3511,3114,3051,2826,3486,573,-1.3735,0.0685,-2.1382,2.5635,-61.4624,44.9219,11.00,35.00,20.00
458322,900,3549,1011,0,1783,3962,3282,3452,3022,3942,574,-0.7991,-0.3301,-0.2485,60.6689,-184.9365,-19.4092,11.00,35.00,20.00
458386,3661,3593,1996,2929,3811,3966,3819,3864,3776,3974,588,-1.0081,-0.2373,-0.2502,-2.1362,-14.8926,0.8545,13.00,36.00,15.00
458435,3830,3759,2475,2953,3926,3973,3884,3916,3855,3977,586,-0.9167,-0.2108,-0.3943,-3.8452,0.5493,-0.8545,13.00,36.00,15.00
458498,3839,3800,2757,2444,3952,3979,3887,3923,3866,3985,586,-0.9049,-0.2150,-0.3949,1.1597,11.2305,3.0518,13.00,39.00,14.00
458546,3741,3801,2647,2252,3941,3979,3857,3931,3838,3985,585,-0.9088,-0.2375,-0.3628,2.1973,3.2349,-1.5869,13.00,39.00,14.00
458609,3721,3782,2660,3184,3937,3977,3917,3939,3877,3983,580,-0.9305,-0.1750,-0.3668,20.0806,5.8594,-13.7939,12.00,36.00,13.00
458659,3845,3734,2824,3564,3946,3969,3954,3942,3921,3980,585,-0.9175,-0.2046,-0.3582,3.6621,-6.2866,-4.6387,11.00,37.00,10.00
458707,3918,3626,2995,3715,3955,0,3971,3950,3950,3981,592,-0.9404,-0.1561,-0.3822,15.0146,-11.2915,-23.1323,11.00,37.00,10.00
458770,3969,1959,3184,3825,3961,3867,3984,1,3972,3954,589,-0.9623,-0.1693,-0.4116,7.8125,-23.0713,-3.7231,13.00,40.00,12.00
458830,3984,0,3343,3863,3483,1667,3976,3951,3979,867,577,-2.3214,-0.3356,-0.4104,28.7476,-102.1728,7.3242,13.00,40.00,12.00
458893,3981,0,2436,3837,1872,2183,3908,3922,3973,298,481,-3.6334,-1.0835,-0.4113,112.9761,-261.9629,-38.0859,13.00,39.00,6.00
458942,3929,0,645,753,914,862,3388,3676,3853,16,538,-3.1053,-1.4174,0.3385,179.0771,-545.8374,-20.1416,13.00,39.00,6.00
459005,2956,0,905,0,230,1037,2803,3355,3385,290,553,-1.5013,-1.2562,1.3195,-20.7520,241.5771,-139.7095,20.00,28.00,-21.00
459055,2660,0,806,0,300,957,2756,2689,3192,1797,554,-0.1656,-0.0488,0.9299,-1.5869,221.8628,59.4482,16.00,36.00,-6.00
459115,3255,1,568,0,280,966,2319,2265,3079,269,558,-1.6398,0.2711,-0.2412,-133.4839,262.6953,103.0273,16.00,36.00,-6.00
459179,3475,0,613,0,242,730,1532,1960,2927,0,562,-1.7655,-0.3433,-0.8472,-158.9355,256.1035,102.6001,9.00,34.00,28.00
459228,3431,0,632,0,258,1304,1075,990,2722,1960,566,-1.7642,-0.1851,-1.7688,-159.4849,125.1221,8.3008,9.00,34.00,28.00
459291,2939,0,849,0,66,3317,1543,1679,2705,3356,566,-0.7274,-0.4440,-2.6035,-72.2656,74.8901,16.8457,29.00,13.00,-76.00
459353,1404,3753,1220,0,1888,3975,2124,3221,2678,3968,568,-0.7106,0.5533,-2.1080,83.2519,-293.1519,-8.4229,-7.00,103.00,-60.00
459413,3740,3682,1917,1076,3890,3972,3817,3916,3532,3979,585,-1.0917,-0.1382,-0.2710,-3.4790,30.2124,-26.9165,-7.00,103.00,-60.00
459476,3922,3735,2598,3428,3949,3969,3946,3931,3886,3974,612,-0.9508,-0.2191,-0.4102,3.2349,-7.7515,-11.0474,-5.00,101.00,-62.00
459536,3952,3689,2694,3730,3958,3969,3969,3932,3940,3984,618,-0.9137,-0.2273,-0.3956,4.0283,6.9580,2.3804,-5.00,101.00,-62.00
459599,3952,3510,2815,3781,3941,3956,3969,3929,3952,3975,615,-0.8790,-0.2097,-0.3987,0.0000,-0.9766,-2.9297,-1.00,101.00,-62.00
459661,3957,3170,2940,3803,3936,3935,3975,3751,3960,3968,613,-0.9185,-0.2004,-0.4033,7.1411,4.6387,-6.4087,-3.00,103.00,-60.00
459721,3973,370,3268,3835,3935,3762,3983,3939,3970,3912,611,-0.8949,-0.2167,-0.3983,19.1040,-7.6294,-22.8271,-3.00,103.00,-60.00
459784,3982,0,3512,3862,3783,1445,3981,3964,3979,3173,606,-1.9453,-0.2358,-0.4119,25.9399,-54.2603,-12.2070,3.00,101.00,-65.00
459844,3986,0,3499,3872,1623,2014,3928,3943,3980,266,549,-2.1892,-0.8275,-0.5663,32.7759,-137.5732,0.3662,3.00,101.00,-65.00
459907,3978,0,2039,3240,2168,1606,3855,3825,3951,218,526,-3.6670,-1.5437,-0.0535,194.2749,-461.1816,-47.3022,10.00,76.00,-50.00
459969,2409,1,1000,0,345,3419,2856,2486,3327,3501,564,0.3427,-0.7222,3.4108,253.6621,-429.9316,75.8667,23.00,28.00,-41.00
460018,2799,0,1019,1,337,927,2760,2358,3168,2040,562,-2.8691,-0.5249,0.8610,30.1514,207.4585,107.2388,23.00,28.00,-41.00
460080,2439,0,911,0,307,918,2827,2779,3131,1619,558,-0.9052,-0.4244,0.5304,-146.4233,299.0723,119.9951,22.00,45.00,-14.00
460129,3128,0,947,1,327,793,2208,2887,3064,977,561,-1.2343,-0.7615,-0.0951,-67.8711,311.7065,111.6943,22.00,45.00,-14.00
460191,3701,0,555,0,318,669,1044,2590,3152,1230,565,-2.1317,0.7637,-0.8601,-80.9936,203.3081,117.5537,13.00,42.00,13.00
460251,3738,0,599,0,269,825,913,1568,3226,1643,566,-0.9366,0.0597,-1.5272,-173.0957,162.4756,67.4438,13.00,42.00,13.00
460314,3461,0,633,0,253,229,1218,1852,2867,512,565,-0.8259,0.3507,-3.1385,-114.0137,189.3310,15.6860,16.00,35.00,29.00
460376,1503,3838,598,0,849,3987,1863,3038,2589,3943,574,-1.2029,-0.5594,-0.3595,176.0864,-324.0966,18.1885,21.00,31.00,25.00
460424,2758,3855,1162,0,3256,3988,2544,3816,3334,3984,574,-0.4640,-0.2897,-0.9056,9.2163,-142.1509,-46.8140,21.00,31.00,25.00
460487,3696,3820,2599,0,3955,3974,3829,3741,3757,3979,590,-0.8030,-0.2538,-0.4585,-2.6245,-24.7192,-10.6812,19.00,36.00,18.00
460539,3786,3808,2724,1895,3961,3980,3904,3574,3844,3985,597,-0.9464,-0.2462,-0.3893,6.5918,13.9770,-4.8218,19.00,36.00,18.00
460603,3840,3733,2968,2484,3964,3972,3917,3905,3906,3982,610,-0.8903,-0.2938,-0.3625,-2.6245,13.9160,0.9766,21.00,35.00,12.00
460651,3868,3631,3195,3054,3957,3954,3930,3908,3924,3970,613,-0.8713,-0.2354,-0.4099,9.6436,-0.7324,-16.4795,21.00,35.00,12.00
460703,3909,3420,3371,3503,3967,3944,3955,3924,3958,3973,613,-0.9172,-0.2405,-0.3881,20.2026,4.5776,-17.5171,22.00,36.00,15.00
460765,3958,1022,3505,3772,3969,3782,3979,3929,3972,3937,599,-0.9170,-0.1914,-0.4004,19.0430,-14.5874,-25.3906,22.00,36.00,17.00
460815,3979,0,3581,3846,3867,1639,3975,3351,3977,3038,558,-2.1283,-0.3207,-0.4236,14.5264,-39.1235,14.6484,22.00,36.00,17.00
460877,3985,0,3546,3847,2131,2034,3920,3920,3981,422,496,-2.7791,-0.9628,-0.4694,46.6919,-174.0723,-14.8315,22.00,36.00,10.00
460926,3980,0,2283,3428,2432,1722,3864,3859,3957,451,493,-3.7477,-1.3851,0.0369,170.6543,-455.7495,-67.5049,22.00,36.00,10.00
460989,2683,1,1091,0,367,2612,3065,3094,3480,3092,548,-0.3782,-1.1910,2.4657,215.6982,-471.1914,19.4702,26.00,28.00,-17.00
461038,3085,0,954,0,341,580,2666,2715,3216,2290,554,-2.2794,-1.3785,0.5294,87.5244,303.2227,3.1128,26.00,28.00,-17.00
461100,2642,0,818,0,316,661,2792,2493,3091,2528,554,-0.7335,0.5859,0.7103,-81.6650,273.6816,31.2500,30.00,28.00,-10.00
461148,3134,0,740,0,340,674,2631,2225,3052,1934,551,-1.4335,-0.5438,0.0974,-120.9717,320.1294,102.2339,30.00,28.00,-10.00
461211,3473,0,613,0,300,651,1946,1316,3026,1714,560,-2.0704,0.3822,-0.2782,-118.2251,225.3418,81.5430,24.00,36.00,-1.00
461261,3533,0,629,0,291,563,1464,632,2912,1568,564,-1.8950,-0.4711,-1.0498,-205.9326,180.2368,92.8955,21.00,38.00,10.00
461310,3448,0,233,0,255,670,2031,888,3047,1406,564,-1.1917,-0.7043,-2.0989,-167.4805,237.7930,41.6870,21.00,38.00,10.00
461372,2359,257,903,0,0,3540,2036,925,2678,3590,566,-1.2566,-0.1949,-3.5997,-72.5708,-36.8652,85.5102,16.00,32.00,20.00
461420,2984,3856,1291,0,937,3986,2150,3010,2841,3975,575,-0.5582,0.0162,-0.4121,118.6523,-322.5708,-24.2920,16.00,32.00,20.00
461482,3667,3807,2162,0,3936,3982,3714,3717,3658,3984,583,-0.6189,-0.2905,-0.5359,-0.8545,-23.3765,-22.9492,17.00,34.00,8.00
461530,3830,3797,2786,1433,3958,3975,3900,3882,3852,3981,610,-0.8599,-0.2621,-0.4368,2.5635,-12.8174,-11.4746,17.00,34.00,8.00
461594,3877,3757,2614,2778,3960,3974,3931,3929,3909,3985,611,-0.8829,-0.2312,-0.3999,0.9766,2.7466,-3.1128,15.00,35.00,6.00
461656,3899,3550,2943,3292,3963,3955,3933,3907,3942,3978,618,-0.8700,-0.2635,-0.3911,7.2021,-5.1270,-17.3950,16.00,34.00,5.00
461704,3905,3308,3273,3443,3952,3936,3938,3890,3946,3969,612,-0.8800,-0.2333,-0.4109,15.5640,5.8594,-13.5498,16.00,34.00,5.00
461767,3935,2674,2993,3591,3972,3902,3958,3927,3967,3966,599,-0.9186,-0.2009,-0.3749,11.7187,0.6714,-14.0991,17.00,35.00,6.00
461815,3960,0,3380,3754,3970,3314,3976,3928,3973,3910,552,-0.8716,-0.2308,-0.4335,6.2866,-5.1270,-5.4321,17.00,35.00,6.00
461878,3977,0,3413,3828,3624,1673,3952,3951,3982,780,495,-1.2599,-0.3347,-0.4900,27.4658,-128.1738,13.5498,17.00,34.00,6.00
461926,3987,0,3321,3749,2593,2157,3886,3940,3978,515,437,-3.2185,-0.6320,-0.4921,52.6123,-220.4590,-19.5313,17.00,34.00,6.00
461989,3950,0,1841,1925,1650,1047,3615,3797,3901,125,498,-2.5994,-1.0638,0.0287,143.5547,-556.8237,6.1035,20.00,28.00,-9.00
462037,1862,0,1161,0,380,1704,3024,3489,3354,2788,537,3.1602,0.1407,2.6256,173.6450,-283.9355,21.5454,20.00,28.00,-9.00
462100,2007,0,913,0,424,766,2801,3048,3040,1968,543,-0.3174,-0.3024,0.8928,87.7075,210.1440,113.7695,24.00,19.00,-24.00
462162,2104,0,778,0,457,676,2593,2877,2793,817,547,-1.4313,-0.1116,0.4226,-82.3975,354.5532,125.6714,24.00,31.00,-8.00
462222,3283,0,719,0,434,671,2216,2935,2655,0,550,-2.0885,-0.2992,-0.6497,-117.5537,287.0483,122.1924,24.00,31.00,-8.00
462286,3455,0,750,0,443,655,1881,2563,2623,0,554,-1.9490,0.2528,-1.6776,-204.4067,171.7529,83.9844,5.00,45.00,-10.00
462334,3220,0,583,0,408,544,2644,3234,2573,0,553,-0.4902,-0.4734,-2.8098,-228.8208,228.0273,-40.6494,5.00,45.00,-10.00
462397,1886,0,655,0,476,2530,3026,3588,2476,2850,553,-1.1832,-0.1276,-2.9347,-29.2358,-7.5073,44.7998,13.00,48.00,42.00
462446,993,3866,948,0,1157,3987,2523,3588,2966,3971,566,-0.9954,-0.2285,-0.0891,109.4360,-368.0420,-7.8125,13.00,48.00,42.00
462510,3574,3826,1309,0,3903,3981,3581,3897,3576,3984,579,-0.5394,-0.0743,-0.5724,9.8267,-41.6870,-30.2124,14.00,48.00,19.00
462560,3905,3799,2630,2996,3965,3977,3927,3910,3859,3985,615,-0.8409,-0.2349,-0.4799,8.9111,-19.5923,-18.9819,15.00,52.00,12.00
462608,3933,3748,2539,3517,3962,3971,3954,3929,3916,3985,621,-0.9019,-0.2336,-0.4291,0.4883,5.9814,3.2959,15.00,52.00,12.00
462671,3936,3541,2638,3697,3945,3955,3957,3919,3945,3975,626,-0.8763,-0.2288,-0.3937,14.8926,2.3193,-28.6255,17.00,52.00,13.00
462731,3940,3345,2704,3731,3949,3946,3965,3912,3953,3970,624,-0.8816,-0.1965,-0.4336,19.8364,3.1128,-13.9160,17.00,52.00,13.00
462795,3958,2776,2969,3761,3968,3915,3976,3922,3967,3964,626,-0.9512,-0.1896,-0.4075,15.1978,-7.2021,-17.9443,18.00,52.00,18.00
462843,3974,0,3093,3838,3953,3005,3979,3909,3976,3859,613,-0.8157,-0.1315,-0.4592,11.6577,-17.9443,-23.6816,18.00,52.00,18.00
462906,3982,0,3095,3860,3158,1479,3948,3925,3979,613,554,-1.3148,-0.2810,-0.5380,40.9546,-138.3667,-5.3101,19.00,51.00,9.00
462954,3985,0,2383,3737,2228,2155,3876,3895,3974,223,465,-3.5441,-0.9564,-0.6066,89.9048,-270.5078,-23.6206,19.00,51.00,9.00
463017,3786,0,665,445,985,762,3017,3340,3712,119,541,-2.8494,-1.4921,1.0228,197.4487,-573.6084,17.2729,22.00,43.00,-8.00
463079,3025,0,777,0,493,705,2459,2711,3173,96,552,-2.8895,-1.0332,0.8588,54.4434,321.2280,-90.9424,29.00,26.00,-20.00
463140,2540,0,933,0,419,725,2778,2968,3071,1777,553,-0.7010,0.0518,0.8464,-69.7021,339.0503,92.3462,29.00,26.00,-20.00
463203,2911,0,850,0,362,694,2584,2925,2973,1261,555,-1.1417,-0.5088,-0.0258,-67.3218,309.6313,113.7695,23.00,38.00,-15.00
463265,3382,0,660,0,333,677,1438,1772,2779,356,557,-2.4056,0.1118,-0.7412,-72.5098,247.8638,141.4185,13.00,44.00,6.00
463326,3432,0,794,0,329,634,1798,1980,2802,0,558,-1.7968,-0.2544,-1.8479,-223.7549,202.0874,68.6035,13.00,44.00,6.00
463388,3181,0,628,3,254,543,2622,2541,2745,53,560,-0.3113,0.0763,-3.9739,-140.6250,140.5029,20.0195,10.00,40.00,28.00
463436,1469,3825,596,0,1272,3983,2306,3346,2527,3934,567,-1.9443,0.2328,-0.6180,207.5806,-247.0093,-65.1245,10.00,40.00,28.00
463500,2416,3844,1271,0,3469,3983,3034,3331,3433,3982,568,-0.8199,-0.3151,-0.5699,8.8501,-84.1675,-33.8135,11.00,44.00,18.00
463548,3663,3817,2533,219,3956,3979,3836,3173,3785,3982,598,-0.7728,-0.2448,-0.4961,2.9297,-19.7144,-37.7808,11.00,44.00,18.00
463611,3807,3808,2714,2420,3964,3980,3917,3843,3871,3983,607,-0.9067,-0.2576,-0.4222,8.1177,24.7803,-4.0894,11.00,44.00,13.00
463662,3817,3766,2729,2900,3959,3974,3915,3904,3888,3984,608,-0.8892,-0.2281,-0.4010,-3.1738,5.9814,-3.4790,12.00,45.00,11.00
463711,3848,3665,2942,3395,3957,0,3939,3660,3924,3981,615,-0.8783,-0.2037,-0.4141,13.3667,-6.2866,-24.6582,12.00,45.00,11.00
463773,3898,3511,3189,3630,3961,3952,3957,3655,3948,3978,618,-0.9165,-0.2095,-0.4137,35.2783,14.2212,-27.8931,13.00,45.00,13.00
463822,3954,2631,3471,3770,3970,3906,3977,0,3971,3960,617,-0.9695,-0.1554,-0.3580,20.0195,-4.8218,-3.1738,13.00,45.00,13.00
463886,3979,0,3644,3853,3894,1812,3977,3953,3978,3419,585,-1.7294,-0.1820,-0.5342,19.5923,-34.6680,-11.7187,16.00,44.00,12.00
463934,3984,0,3630,3864,2350,1960,3926,3940,3980,569,535,-1.5087,-0.6331,-0.6454,45.1050,-155.7617,-21.1792,16.00,44.00,12.00
463998,3981,0,1980,3425,2067,1764,3823,3816,3953,310,508,-3.5563,-1.3799,0.2793,164.1235,-438.5986,-59.6313,16.00,39.00,-1.00
464048,3093,0,969,0,711,1113,2581,2763,3492,2564,548,-1.4716,-1.5634,2.2524,210.8764,-498.3520,2.8076,16.00,39.00,-1.00
464111,2933,0,390,0,480,703,2427,2579,3069,2366,554,-2.5610,-0.7139,0.5203,47.3633,240.4785,26.4282,26.00,26.00,-25.00
464173,2288,0,945,0,441,706,2518,2727,3003,2162,554,-1.0643,-0.3469,0.5356,-125.6714,303.4058,95.0928,21.00,37.00,-11.00
464234,2741,0,878,0,438,661,2384,2714,2938,1551,552,-1.3182,-0.5499,-0.0675,-81.8481,312.4390,100.7690,21.00,37.00,-11.00
464296,3143,0,787,0,438,699,2003,1855,2763,0,556,-2.3016,-0.2217,-0.6755,-104.4922,261.9019,122.1313,11.00,39.00,5.00
464345,3081,2,810,0,409,777,2570,2649,2896,0,557,-1.1812,0.1647,-1.7416,-187.8052,147.5830,105.1636,11.00,39.00,5.00
464406,2640,0,569,0,367,534,3116,3341,2663,83,556,0.6404,0.2198,-4.0000,-162.5976,81.3599,54.3823,10.00,36.00,29.00
464455,1135,3814,763,0,1512,3982,2675,3498,2608,3931,564,-1.2555,-0.6122,-0.3253,197.4487,-257.6294,-37.2314,10.00,36.00,29.00
464518,630,3830,1045,0,3559,3980,3479,3021,3535,3982,563,-0.6654,-0.2245,-0.6140,15.3809,-68.9087,-45.8374,9.00,37.00,27.00
464568,3732,3805,2472,2179,3943,3969,3902,3815,3803,3937,563,-0.8146,-0.2461,-0.4469,3.1738,-12.6953,-22.8271,10.00,38.00,20.00
464628,3828,3813,2696,2747,3966,3980,3937,2999,3870,3983,597,-0.8995,-0.2717,-0.4297,6.4697,25.2686,-1.0376,10.00,38.00,20.00
464680,3830,3768,2694,3336,3958,3977,3949,2999,3892,3983,603,-0.8875,-0.2175,-0.4143,10.9253,8.0566,-15.7471,11.00,38.00,21.00
464740,3867,3623,2787,3578,3953,3964,3957,3024,3925,3977,608,-0.8710,-0.1992,-0.4274,18.0664,-1.4038,-22.5220,11.00,38.00,21.00
464792,3916,3381,3130,3680,3960,3945,3970,3027,3950,3974,611,-0.9803,-0.2256,-0.4180,48.9502,4.2114,-44.0674,12.00,40.00,20.00
464852,3966,0,3485,3812,3957,3737,3982,3945,3972,3923,607,-1.0193,-0.2253,-0.4036,77.8198,-84.2285,-64.1479,12.00,40.00,20.00
464916,3985,1,3526,3862,3775,1600,3970,3953,3978,3143,576,-0.9572,-0.1121,-0.5990,1.4038,-94.7266,-5.3711,13.00,41.00,13.00
464966,3986,0,3507,3863,2080,1872,3918,3942,3980,583,515,-1.1292,-0.4855,-0.5677,40.1611,-124.8779,-39.4287,12.00,40.00,4.00
465014,3985,0,2014,3475,2534,1845,3881,3894,3962,202,489,-3.9999,-1.3215,-0.1401,179.0161,-335.7544,-33.9355,12.00,40.00,4.00
465077,2415,0,893,0,486,1359,3072,3276,3433,2495,544,-1.7369,-1.6792,1.5450,238.6474,-444.7632,1.2207,19.00,30.00,-20.00
465137,2762,0,912,0,474,727,2749,2577,3057,1717,550,-1.9689,-0.4500,0.7937,65.7959,242.3096,98.9990,19.00,30.00,-20.00
465201,2165,0,401,0,496,687,2833,2665,3047,974,553,-0.9806,-0.1310,0.7733,-115.6006,331.9702,117.0654,19.00,32.00,-5.00
465250,2758,0,570,0,498,665,2625,2861,2905,106,552,-1.3785,-0.8303,-0.3573,-103.8208,299.1333,151.5503,19.00,32.00,-5.00
465313,3244,0,255,0,353,630,1697,1315,2613,53,556,-2.0833,-0.0535,-0.8251,-129.3945,260.0708,111.1450,13.00,28.00,13.00
465363,3305,0,246,0,279,634,1412,666,2647,0,559,-1.8350,-0.2175,-1.2452,-154.6021,208.5571,94.7266,12.00,22.00,19.00
465423,2785,0,594,0,289,642,2671,1450,2613,65,556,-0.5413,0.4077,-3.6198,-205.6274,11.6577,36.9873,12.00,22.00,19.00
465486,1135,3839,708,0,1312,3986,2605,2626,2640,3944,568,-1.3870,0.1788,-0.2065,55.6030,-212.6465,33.0811,16.00,25.00,20.00
465535,427,3846,1408,0,3772,3982,3549,3647,3650,3986,565,-0.2080,-0.0708,-1.1382,41.6260,-270.0195,-46.3867,16.00,25.00,20.00
465597,3871,3778,2735,3571,3959,3976,3960,3678,3907,3984,616,-0.7902,-0.2490,-0.4768,-1.0376,-11.2915,-31.0669,14.00,27.00,10.00
465646,3923,3721,2623,3721,3957,3969,3968,3691,3939,3982,618,-0.8678,-0.2415,-0.4810,9.8267,11.9019,-3.1738,14.00,27.00,10.00
465710,3938,3428,2786,3780,3941,3944,3973,3440,3958,3972,626,-0.8856,-0.2643,-0.4170,0.2441,15.1978,2.0752,15.00,26.00,8.00
465760,3932,2740,2903,3791,3913,3899,3961,3625,3952,3938,623,-0.8613,-0.2461,-0.4623,-2.5024,-9.7656,-10.1318,15.00,28.00,5.00
465808,3956,1084,3132,3827,3925,3779,3975,3656,3967,3913,620,-0.8809,-0.2739,-0.4686,8.1787,10.9253,-6.7749,15.00,28.00,5.00
465871,3977,0,3337,3859,3852,1345,3983,3673,3978,3548,613,-1.6849,-0.3376,-0.4746,13.3057,-1.0376,-22.1558,16.00,28.00,6.00
465932,3982,0,3381,3872,2392,1437,3952,3668,3978,304,567,-1.4142,-0.4321,-0.5040,32.1655,-105.0415,1.7090,16.00,28.00,6.00
465995,3986,0,2315,3737,2055,2078,3898,3615,3965,318,495,-3.9198,-1.5029,-0.5929,163.3911,-375.0610,-40.2832,15.00,30.00,-4.00
466044,3858,0,555,1360,1041,784,3388,2494,3789,216,536,-3.2570,-1.5784,0.6603,266.0522,-574.0356,60.9741,15.00,30.00,-4.00
466106,2931,0,1094,0,699,523,2414,1817,3197,1704,556,-2.4614,-0.8909,1.0730,-1.4038,366.2109,7.7515,22.00,17.00,-20.00
466155,2912,0,1007,0,418,522,2460,2161,2984,2047,558,0.0150,-0.1005,0.5747,-58.5937,332.3364,99.8535,22.00,17.00,-20.00
466217,2899,0,770,0,374,595,2488,1806,2865,454,561,-1.5193,0.0271,-0.2469,-107.9101,296.3867,120.7886,19.00,29.00,-7.00
466279,3197,0,698,0,388,595,2278,1413,2772,0,561,-2.0994,-0.3217,-0.8888,-139.8926,219.1772,89.7217,13.00,32.00,4.00
466329,3151,0,744,0,271,551,2181,925,2805,623,562,-1.5303,0.0197,-1.1796,-148.4375,103.3935,28.6255,13.00,32.00,4.00
466391,2850,0,768,0,257,598,2583,1646,2763,3,560,-1.6024,-0.5011,-2.1919,-151.2451,236.3891,67.0776,4.00,36.00,14.00
466440,1993,0,633,0,125,1571,2989,2769,2543,2326,559,-0.8667,0.2118,-3.4301,-13.4888,-46.2036,-36.9873,4.00,36.00,14.00
466503,2362,3864,813,0,803,3988,2236,3361,3045,3975,575,-0.8740,-0.3307,-0.2095,112.1826,-340.2099,-27.3437,6.00,40.00,4.00
466551,3717,3830,1842,0,3910,3983,3751,3409,3629,3985,584,-0.3826,-0.1787,-0.8002,13.4888,2.1973,-27.8320,6.00,40.00,4.00
466614,3902,3793,2773,3138,3953,3968,3939,3756,3876,3974,621,-0.8490,-0.2953,-0.4971,2.6245,-12.6343,-16.2964,8.00,41.00,0.00
466665,3933,3761,2813,3602,3964,3974,3965,3736,3936,3981,625,-0.8907,-0.2284,-0.4294,7.2021,16.2964,-2.8687,9.00,41.00,-1.00
466713,3942,3623,2897,3710,3951,3963,3969,3745,3943,3976,626,-0.8630,-0.2671,-0.3992,-3.2959,9.3994,-4.3335,9.00,41.00,-1.00
466777,3940,3265,3110,3738,3942,3933,3967,3751,3956,3960,628,-0.8730,-0.2606,-0.4368,0.9766,-1.4038,-6.7139,11.00,40.00,-3.00
466825,3960,2236,3344,3792,3951,3862,3972,3762,3966,3939,626,-0.8906,-0.2520,-0.4242,9.7046,6.1035,-9.7046,11.00,40.00,-3.00
466888,3980,0,3513,3847,3893,1679,3981,3923,3974,3604,617,-1.2777,-0.2974,-0.4886,11.7187,-15.6860,-22.9492,9.00,42.00,0.00
466937,3981,0,3487,3860,3288,1408,3957,3933,3975,353,584,-1.2141,-0.2609,-0.5387,26.6113,-94.1772,-4.0894,9.00,42.00,0.00
466999,3982,0,3149,3846,1929,2080,3898,3902,3974,239,486,-2.8455,-0.9897,-0.6044,83.4351,-230.4077,-23.0103,11.00,41.00,-8.00
467060,3962,0,458,1700,1815,948,3659,3631,3906,194,525,-2.8304,-0.6951,0.0764,198.4253,-514.3433,-17.8833,11.00,41.00,-8.00
467123,2533,0,724,0,605,637,3001,3075,3217,1741,552,3.0382,0.9041,1.0052,191.2842,-158.0811,-93.0176,19.00,26.00,-23.00
467185,2598,0,963,0,402,631,2667,2264,2937,1740,557,-0.1073,0.3885,0.8339,-21.3623,295.6543,85.9985,23.00,27.00,-18.00
467234,2303,0,996,0,400,613,2669,2584,2878,1316,558,-0.4943,-0.3564,0.4397,-145.2026,331.1157,87.8296,23.00,27.00,-18.00
467296,2996,0,738,0,437,614,2147,1908,2704,566,557,-1.5378,-0.7219,-0.4159,-101.0742,303.7720,113.1592,15.00,39.00,3.00
467345,3266,0,709,0,277,627,1495,1516,2661,46,560,-2.2424,-0.2856,-0.7018,-178.2226,234.6802,125.2441,15.00,39.00,3.00
467407,3438,0,223,0,398,633,1464,1288,2714,56,562,-1.8148,-0.5112,-2.5946,-222.7173,203.7964,60.4858,11.00,32.00,23.00
467455,3241,0,657,0,258,459,2269,2186,2768,122,563,0.1953,0.6661,-4.0000,-47.1191,-17.6392,14.4653,11.00,32.00,23.00
467517,1595,3856,623,0,1296,3991,1771,2638,2447,3934,574,-1.4266,-0.3726,0.5925,165.9546,-211.1816,13.1836,14.00,27.00,24.00
467567,1374,3870,640,0,2526,3989,3181,3324,3363,3982,568,-0.7230,-0.3505,-0.7168,40.1001,-160.5225,-42.2974,13.00,32.00,13.00
467627,3724,3826,1936,2125,3946,3970,3911,3748,3800,3975,592,-0.7728,-0.2278,-0.5006,-0.4883,-33.7524,-23.9868,13.00,32.00,13.00
467691,3839,3820,2257,3001,3960,3981,3945,3741,3872,3985,609,-0.8798,-0.2505,-0.4376,1.1597,14.4043,4.9438,15.00,33.00,18.00
467739,3858,3770,2485,3279,3955,3973,3949,3731,3909,3983,614,-0.9022,-0.2590,-0.4064,2.8076,15.9912,-4.8828,15.00,33.00,18.00
467803,3906,3622,2901,3562,3964,3960,3965,3747,3952,3978,619,-0.8792,-0.2515,-0.4281,1.9531,-7.6294,-4.8218,15.00,31.00,13.00
467851,3938,3357,3150,3676,3966,3943,3973,3097,3963,3969,624,-0.8898,-0.2239,-0.4285,15.3809,10.6201,-14.6484,15.00,31.00,13.00
467914,3967,0,3397,3791,3962,3686,3982,3944,3980,3914,613,-0.8274,-0.2399,-0.4866,-0.8545,-24.7803,-10.9863,14.00,32.00,8.00
467964,3978,0,3494,3843,3845,1677,3968,3956,3971,2297,581,-1.8829,-0.3314,-0.4465,16.8457,-52.1851,0.0610,13.00,33.00,9.00
468012,3979,0,3480,3848,2011,2110,3927,3946,3977,234,523,-2.4000,-0.7504,-0.6259,29.9072,-108.4595,-4.0283,13.00,33.00,9.00
468075,3980,0,1503,3156,2242,1607,3852,3874,3952,211,498,-3.6646,-1.7206,0.0833,185.2417,-451.0498,-54.4434,19.00,32.00,-1.00
468125,3118,0,897,0,621,607,2710,3418,3375,2423,547,-1.5071,-1.9707,1.9728,246.7651,-441.5893,-23.4375,19.00,32.00,-1.00
468176,2604,0,963,0,602,762,2539,2439,3078,1543,553,-2.0726,-0.5436,0.9672,162.6587,283.3252,98.2056,26.00,23.00,-17.00
468226,1942,0,929,0,409,686,2927,2651,2994,1315,551,-0.3589,0.2515,0.8384,-132.4463,305.7861,77.3315,26.00,23.00,-17.00
468288,1826,0,729,0,327,601,2917,2776,2932,388,554,-1.0515,-0.5627,0.1371,-90.3931,316.0400,106.4453,21.00,32.00,-6.00
468337,2686,0,649,0,413,754,2476,2119,2763,51,552,-1.9281,-0.0259,-0.2217,-74.5850,296.9360,149.4751,21.00,32.00,-6.00
468399,3051,0,269,0,361,689,1970,903,2716,0,558,-2.1168,0.0956,-1.3160,-132.0801,100.0366,94.4824,15.00,30.00,8.00
468448,3121,0,800,0,249,709,2552,1373,2773,35,560,-0.5343,0.0062,-2.0746,-320.6787,199.8291,27.0996,15.00,30.00,8.00
468511,1501,2564,1032,0,574,3823,2178,2527,2486,3788,561,-0.9193,-0.8007,-3.7567,-21.3013,-102.0508,-46.9360,15.00,33.00,13.00
468561,2435,3854,1179,0,2574,3986,2283,3447,2805,3978,569,-0.3722,-0.2363,-0.6552,79.6509,-326.7822,-69.2749,15.00,33.00,13.00
468624,3893,3787,2343,1811,3949,3976,3866,2956,3750,3985,617,-0.7306,-0.2137,-0.4302,12.5732,26.1841,-38.1470,13.00,33.00,0.00
468686,3936,3750,2902,3566,3943,3944,3930,3011,3874,3904,609,-0.8473,-0.2544,-0.4917,7.5073,0.5493,-12.5122,14.00,35.00,-5.00
468734,3951,3667,2990,3718,3959,3963,3968,3428,3948,3980,622,-0.8636,-0.2195,-0.4323,0.1831,6.8970,1.7700,14.00,35.00,-5.00
468798,3951,3299,2733,3771,3937,3940,3970,3758,3958,3970,624,-0.8390,-0.2587,-0.4598,-5.1270,0.3662,-11.5967,17.00,36.00,3.00
468846,3957,2791,2981,3791,3937,3912,3973,3663,3964,3960,623,-0.8604,-0.2448,-0.4755,6.3477,4.8828,-5.5542,17.00,36.00,3.00
468909,3971,0,3370,3831,3946,3693,3973,3731,3972,3906,621,-0.8833,-0.2308,-0.4480,12.5732,1.5869,-24.3530,16.00,35.00,0.00
468957,3977,0,3515,3852,3884,1239,3974,3744,3971,3499,610,-1.7959,-0.2551,-0.4886,9.5215,-28.5034,-11.1694,16.00,35.00,0.00
469021,3985,0,3499,3861,1861,1812,3933,3743,3976,300,551,-1.4802,-0.4802,-0.5732,37.1704,-124.9390,-2.3193,18.00,33.00,0.00
469071,3981,0,2661,3819,2042,1981,3896,3718,3967,284,483,-3.0399,-1.0099,-0.4949,122.9858,-288.8794,-46.1426,20.00,31.00,-13.00
469120,3964,0,719,1650,1764,831,3592,3329,3893,189,533,-2.7953,-0.9412,0.0957,203.1860,-529.8462,-35.7666,20.00,31.00,-13.00
469184,2897,0,912,1,734,582,2644,2269,3167,1655,555,2.4928,1.3608,0.8086,130.0049,-103.5156,-107.9712,31.00,14.00,-30.00
469234,2717,0,958,0,504,497,2792,1747,2992,2132,557,0.1418,0.1569,0.6243,-5.0049,175.6592,100.1587,31.00,14.00,-30.00
469297,2280,0,875,0,512,605,2893,1973,3059,983,555,-0.9231,-0.2865,0.3954,-86.1206,307.8613,104.7363,24.00,37.00,-22.00
469347,2993,0,900,1,550,625,2481,1699,2865,171,559,-1.2357,-0.4412,-0.1118,-94.3603,342.3462,145.1416,24.00,37.00,-22.00
469410,3387,0,727,0,286,608,1331,444,2718,306,561,-2.3723,-0.1123,-0.8931,-116.2109,242.7368,121.7041,13.00,54.00,-14.00
469460,3408,0,802,1,240,580,1604,429,2834,54,562,-0.6377,0.0242,-1.7747,-267.1509,156.0059,73.1201,13.00,54.00,-14.00
469522,2620,0,771,0,126,804,3014,2240,2680,1724,559,-0.3702,-0.3914,-3.9294,-152.6489,-1.9531,-10.9253,0.00,81.00,25.00
469572,1540,3835,807,0,845,3987,2519,3498,2774,3961,567,-0.8076,-0.1853,-0.6691,125.9155,-340.6372,56.2744,0.00,84.00,20.00
469622,3550,3808,1755,0,3871,3981,3420,3360,3548,3981,576,-0.0920,-0.0344,-1.1794,9.8267,-60.9131,-43.8232,0.00,84.00,20.00
469684,3899,3770,2566,2796,3933,3954,3913,3599,3832,3979,617,-0.7723,-0.2443,-0.5344,-4.4556,-18.9819,-9.2163,5.00,88.00,13.00
469732,3917,3773,2663,3300,3957,3974,3943,3717,3890,3984,618,-0.8915,-0.2645,-0.4673,7.6904,5.6763,-2.6245,5.00,88.00,13.00
469795,3919,3716,2673,3578,3947,3969,3951,3723,3924,3982,616,-0.8751,-0.2411,-0.4318,-3.3569,-0.9766,5.4321,6.00,88.00,16.00
469845,3919,3654,2549,3666,3948,3967,3960,3732,3938,3981,618,-0.8608,-0.2164,-0.4415,1.0986,-0.8545,-12.1460,6.00,88.00,16.00
469907,3939,3486,2958,3732,3958,3955,3973,3753,3958,3969,616,-0.8998,-0.2465,-0.4240,13.9160,13.3667,-10.0098,6.00,86.00,16.00
469969,3967,1957,3261,3813,3957,3847,3982,3768,3977,3945,613,-0.9185,-0.2747,-0.4401,9.8877,-16.9678,-10.7422,6.00,89.00,14.00
470018,3982,0,3398,3856,3848,1745,3978,3770,3979,3299,604,-1.7974,-0.2656,-0.5148,17.1509,-15.0146,-18.1885,6.00,89.00,14.00
470082,3985,0,3306,3865,1697,1848,3915,3751,3977,187,540,-1.7086,-0.6193,-0.5237,50.6592,-151.3672,-3.1738,8.00,81.00,5.00
470132,3984,0,1577,3590,1861,1909,3878,3695,3962,227,507,-3.7212,-1.8898,-0.3363,188.4155,-366.3330,-28.3813,8.00,81.00,5.00
470195,2034,0,993,509,741,1338,3217,3270,3612,2744,544,-0.3434,-1.6733,2.8829,267.7612,-434.0210,71.6553,13.00,52.00,-34.00
470244,1823,0,1067,303,547,746,3043,2733,3370,712,551,-2.4567,-0.9675,1.2511,51.5747,427.1240,41.5039,13.00,52.00,-34.00
470307,1929,0,451,0,325,652,3050,2820,3250,207,551,-1.1571,-0.3737,0.3292,-116.9434,348.9990,170.5322,8.00,58.00,-11.00
470355,2238,0,315,0,392,687,2912,2433,3103,94,553,-1.7046,-0.0055,-0.5880,-135.6201,267.9443,142.8223,8.00,58.00,-11.00
470418,2901,0,248,256,399,639,2823,2403,3005,161,553,-1.7518,-0.3000,-1.1055,-193.0542,147.7661,58.7158,-3.00,49.00,27.00
470479,3028,0,702,0,264,625,2615,1630,2902,127,557,-0.7373,0.2849,-2.4520,-134.4604,55.1147,7.4463,-3.00,45.00,34.00
470528,2959,0,940,1,245,625,2876,2271,2947,813,558,0.2125,0.3292,-2.4950,-80.3833,56.2134,36.8652,-3.00,45.00,34.00
470591,2718,3788,939,0,1745,3977,1989,3288,2746,3966,569,-1.3245,-0.5879,0.3817,161.5600,-169.6777,-8.9722,-3.00,46.00,39.00
470640,3904,3715,2322,2625,3937,3972,3900,3797,3777,3982,613,-0.7820,-0.0656,-0.8470,6.5918,-93.2617,-51.7578,-3.00,46.00,39.00
470703,3949,3640,3072,3615,3957,3965,3957,3789,3943,3981,624,-0.8617,-0.2220,-0.5244,0.4272,-16.7847,-19.7144,-2.00,54.00,22.00
470752,3959,3530,3147,3729,3963,3959,3966,3805,3958,3981,625,-0.8557,-0.2158,-0.4651,2.0752,15.7471,5.3711,-2.00,54.00,22.00
470813,3965,3076,3288,3788,3950,3932,3967,3806,3965,3974,627,-0.8733,-0.2378,-0.4122,3.6621,10.6201,-7.8735,-1.00,54.00,26.00
470863,3967,2467,3138,3807,3936,3912,3968,3798,3962,3968,626,-0.8546,-0.2273,-0.4329,3.5400,6.1035,-3.3569,-1.00,54.00,26.00
470925,3966,2665,3130,3810,3937,3924,3971,3796,3969,3970,622,-0.8781,-0.1732,-0.4049,2.4414,7.9346,-4.5776,-1.00,55.00,32.00
470976,3957,2087,3078,3790,3893,3904,3956,3786,3962,3957,619,-0.8899,-0.2643,-0.4219,-7.9346,-10.7422,8.3008,-1.00,54.00,27.00
471036,3939,0,2863,3720,3732,3741,3920,3753,3952,3900,618,-0.8654,-0.2189,-0.4114,-3.2959,3.4790,-5.6763,-1.00,54.00,27.00
471100,3920,0,2599,3663,3688,3757,3904,3734,3938,3891,614,-0.8781,-0.1874,-0.4003,5.2490,8.9722,2.3193,0.00,53.00,26.00
471148,3922,1254,2632,3650,3801,3855,3911,3739,3936,3930,609,-0.9004,-0.2053,-0.4022,1.0986,6.8970,-0.2441,0.00,53.00,26.00
471211,3926,1970,2799,3645,3850,3888,3918,3752,3937,3942,610,-0.8993,-0.2329,-0.4001,0.1831,0.5493,1.4648,-1.00,53.00,28.00
471273,3919,2071,2775,3602,3844,3897,3910,3744,3928,3948,611,-0.8876,-0.2288,-0.4050,-0.0610,0.0000,-1.2817,-1.00,55.00,28.00
471322,3917,2274,2745,3574,3847,3900,3903,3745,3928,3949,609,-0.8969,-0.2187,-0.3977,0.8545,3.3569,-1.7700,-1.00,55.00,28.00
471383,3922,2432,2838,3570,3864,3907,3910,3755,3929,3953,606,-0.8890,-0.2245,-0.3977,-0.1831,-0.7935,1.0986,0.00,54.00,29.00
471443,3922,2749,2950,3485,3891,3921,3907,3770,3929,3957,609,-0.8958,-0.2268,-0.3948,0.5493,3.6011,0.8545,0.00,54.00,29.00
471506,3921,2949,3020,3452,3906,3926,3907,3778,3929,3967,606,-0.8997,-0.2236,-0.3910,1.0376,1.8921,-0.9766,0.00,53.00,28.00
471565,3923,3030,3075,3434,3915,3929,3910,3780,3937,3964,608,-0.8958,-0.2249,-0.3912,0.4883,0.7324,0.0000,0.00,53.00,28.00
471617,3926,3126,3059,3371,3919,3935,3910,3785,3932,3970,606,-0.9009,-0.2253,-0.3892,0.0000,0.8545,-0.3052,-2.00,53.00,29.00
471665,3922,3159,3135,3324,3926,3939,3906,3787,3932,3964,607,-0.9034,-0.2269,-0.3879,1.0376,3.1738,0.3662,-2.00,53.00,29.00
471729,3922,3193,3171,3300,3929,3937,3909,3792,3932,3969,608,-0.8994,-0.2242,-0.3853,0.7324,2.0752,0.3662,-2.00,54.00,30.00
471779,3925,3234,3193,3288,3935,3943,3912,3801,3937,3969,612,-0.9047,-0.2278,-0.3870,-0.1221,0.4883,0.7935,-1.00,54.00,28.00
471828,3924,3222,3211,3303,3934,3941,3911,3799,3936,3971,609,-0.9045,-0.2269,-0.3845,0.6714,0.2441,-0.2441,-1.00,54.00,28.00
471891,3928,3160,3236,3360,3938,3938,3922,3798,3943,3970,613,-0.9045,-0.2262,-0.3856,0.4272,-0.3662,-0.2441,-2.00,52.00,26.00
471939,3931,3090,3254,3409,3938,3934,3923,3798,3945,3972,611,-0.9001,