613075,3924,3845,3368,3641,3976,3985,3949,3969,3967,3985,0,-0.8137,-0.3391,-0.4838,0.2441,0.1831,-0.4883,0.00,31.00,-4.00
613137,3922,3841,3375,3655,3976,3984,3946,3968,3966,3991,0,-0.8119,-0.3365,-0.4825,0.1831,0.3052,-0.3052,-1.00,32.00,-4.00
613185,3924,3844,3366,3653,3977,3983,3946,3970,3963,3996,1,-0.8143,-0.3397,-0.4828,-0.2441,-0.1221,0.1221,-1.00,32.00,-4.00
613249,3918,3842,3361,3651,3977,3982,3944,3972,3967,3993,1,-0.8136,-0.3396,-0.4841,0.0610,0.5493,-0.2441,0.00,32.00,-8.00
613299,3920,3842,3352,3644,3976,3983,3943,3969,3963,3989,0,-0.8142,-0.3380,-0.4829,0.3662,2.3193,-0.5493,0.00,32.00,-8.00
613362,3921,3845,3360,3647,3971,3984,3945,3969,3961,3988,0,-0.8149,-0.3373,-0.4822,0.3052,0.4883,-0.1831,5.00,31.00,-9.00
613412,3919,3844,3357,3651,3974,3982,3946,3969,3963,3984,0,-0.8165,-0.3385,-0.4789,0.5493,1.7090,-0.3052,0.00,31.00,-3.00
613461,3920,3844,3363,3650,3973,3986,3944,3967,3963,3987,0,-0.8184,-0.3359,-0.4792,0.0610,0.3662,-0.3662,0.00,31.00,-3.00
613525,3917,3844,3357,3650,3975,3980,3941,3967,3964,3988,0,-0.8169,-0.3379,-0.4795,-0.3052,-0.8545,0.4272,0.00,32.00,1.00
613574,3918,3840,3349,3645,3974,3984,3939,3965,3964,3985,0,-0.8158,-0.3376,-0.4812,-0.1831,-0.3662,0.1221,0.00,32.00,1.00
613638,3920,3842,3340,3635,3970,3986,3936,3967,3963,3988,0,-0.8160,-0.3389,-0.4822,-0.0610,0.2441,0.0000,0.00,33.00,-6.00
613687,3915,3840,3285,3638,3970,3982,3936,3969,3966,3992,0,-0.8149,-0.3397,-0.4819,-0.2441,-1.2207,0.3052,0.00,33.00,-6.00
613751,3914,3840,3019,3634,3970,3986,3936,3965,3961,3988,1,-0.8146,-0.3384,-0.4824,-0.1221,0.3052,-0.1831,1.00,32.00,-3.00
613799,3914,3838,3020,3631,3968,3981,3932,3966,3961,3979,0,-0.8167,-0.3385,-0.4813,0.2441,0.3052,-0.1831,1.00,32.00,-3.00
613863,3914,3835,3023,3633,3972,3982,3934,3966,3959,3987,0,-0.8153,-0.3378,-0.4808,0.2441,0.9766,-0.2441,0.00,32.00,-7.00
613913,3914,3834,3053,3633,3974,3984,3934,3969,3962,3989,0,-0.8157,-0.3384,-0.4796,0.4272,1.4648,-0.4883,1.00,32.00,-5.00
613962,3913,3841,3006,3633,3970,3985,3934,3968,3961,3983,0,-0.8163,-0.3380,-0.4806,0.4272,2.0142,-0.9766,1.00,32.00,-5.00
614025,3912,3838,3025,3631,3967,3983,3933,3968,3960,3987,0,-0.8193,-0.3354,-0.4797,0.3052,0.8545,-0.2441,0.00,32.00,-5.00
614085,3911,3837,3028,3630,3970,3984,3934,3973,3960,3986,0,-0.8171,-0.3370,-0.4780,0.3052,0.3052,-0.1221,0.00,32.00,-5.00
614149,3912,3835,3014,3631,3968,3983,3932,3968,3960,3990,0,-0.8179,-0.3359,-0.4775,0.1831,0.8545,-0.1831,0.00,32.00,-3.00
614198,3911,3834,3092,3630,3969,3980,3932,3964,3961,3983,0,-0.8190,-0.3369,-0.4779,0.1221,0.7935,-0.2441,0.00,32.00,-3.00
614259,3910,3839,3015,3620,3966,3984,3931,3968,3961,3987,0,-0.8188,-0.3363,-0.4767,0.2441,0.8545,-0.0610,0.00,33.00,-4.00
614309,3909,3835,3009,3617,3965,3984,3930,3968,3958,3984,0,-0.8212,-0.3363,-0.4750,0.3662,0.7324,0.0000,-1.00,31.00,-8.00
614357,3912,3839,3043,3619,3968,3985,3929,3969,3961,3986,0,-0.8202,-0.3352,-0.4755,0.2441,-0.0610,0.0000,-1.00,31.00,-8.00
614421,3909,3839,3027,3616,3967,3985,3929,3966,3961,3987,0,-0.8209,-0.3362,-0.4750,0.1831,0.0610,0.0610,1.00,31.00,-6.00
614471,3910,3837,3011,3617,3969,3984,3930,3967,3961,3985,0,-0.8197,-0.3356,-0.4767,0.1221,0.3052,0.0610,1.00,31.00,-6.00
614534,3912,3839,3012,3615,3970,3983,3930,3967,3961,3985,0,-0.8202,-0.3363,-0.4761,0.1221,-0.2441,0.0610,0.00,31.00,-6.00
614583,3906,3838,3033,3614,3965,3979,3928,3967,3959,3987,0,-0.8203,-0.3356,-0.4753,0.3052,0.9155,0.0000,0.00,31.00,-6.00
614646,3911,3833,3047,3614,3966,3984,3927,3965,3960,3986,1,-0.8215,-0.3356,-0.4761,0.2441,1.0986,0.0000,-1.00,33.00,-3.00
614695,3910,3838,3043,3611,3965,3981,3929,3969,3959,3986,0,-0.8209,-0.3348,-0.4742,0.1831,0.3052,-0.1221,-1.00,33.00,-3.00
614758,3908,3838,3034,3612,3966,3984,3928,3968,3960,3988,0,-0.8223,-0.3348,-0.4730,0.3052,0.6714,-0.3052,1.00,32.00,-6.00
614808,3909,3837,3030,3610,3966,3984,3926,3968,3958,3984,0,-0.8207,-0.3350,-0.4740,0.1221,0.0610,-0.0610,3.00,31.00,-9.00
614868,3909,3835,3029,3609,3966,3985,3926,3968,3960,3986,0,-0.8220,-0.3361,-0.4739,0.3052,0.4883,-0.3662,3.00,31.00,-9.00
614931,3910,3838,3020,3611,3967,3986,3928,3965,3961,3989,0,-0.8224,-0.3341,-0.4722,0.1221,0.2441,0.0000,0.00,31.00,-7.00
614991,3908,3837,3014,3614,3967,3980,3927,3967,3960,3984,1,-0.8208,-0.3345,-0.4740,0.1831,0.2441,-0.1221,0.00,31.00,-7.00
615055,3911,3837,3174,3607,3965,3982,3925,3966,3961,3986,0,-0.8203,-0.3356,-0.4745,0.2441,0.0000,-0.0610,-1.00,33.00,-3.00
615103,3911,3836,3234,3616,3966,3985,3928,3966,3960,3986,0,-0.8230,-0.3352,-0.4725,0.3052,0.3662,-0.0610,-1.00,33.00,-3.00
615165,3910,3832,3282,3611,3967,3984,3928,3965,3960,3987,0,-0.8225,-0.3340,-0.4734,0.3662,0.6104,-0.3052,0.00,32.00,-4.00
615215,3910,3834,3199,3612,3967,3985,3927,3965,3955,3982,0,-0.8223,-0.3348,-0.4725,0.4272,0.6714,-0.2441,1.00,32.00,-7.00
615263,3912,3831,3172,3616,3969,3984,3929,3966,3963,3988,0,-0.8221,-0.3351,-0.4753,0.1831,-0.4272,0.3052,1.00,32.00,-7.00
615325,3912,3835,3228,3615,3966,3983,3927,3969,3964,3986,0,-0.8221,-0.3347,-0.4713,0.1221,-0.4883,0.1831,1.00,32.00,-4.00
615373,3911,3834,3033,3623,3968,3982,3931,3966,3962,3988,2,-0.8226,-0.3319,-0.4730,0.4272,0.1221,-0.0610,1.00,32.00,-4.00
615437,3914,3835,2979,3623,3966,3984,3932,3965,3962,3984,0,-0.8226,-0.3344,-0.4730,0.2441,-0.0610,0.0610,0.00,31.00,-1.00
615487,3914,3834,3027,3622,3969,3983,3933,3966,3961,3987,1,-0.8210,-0.3340,-0.4730,0.2441,0.2441,0.0000,0.00,31.00,-1.00
615550,3916,3833,2999,3627,3967,3988,3933,3965,3963,3989,0,-0.8243,-0.3337,-0.4717,0.1221,-0.1831,0.1831,2.00,31.00,-1.00
615612,3913,3835,3061,3625,3969,3983,3931,3968,3962,3989,0,-0.8223,-0.3326,-0.4730,0.3052,0.6104,0.0610,0.00,34.00,-2.00
615661,3916,3832,3018,3628,3969,3978,3934,3967,3963,3985,0,-0.8221,-0.3341,-0.4744,0.0000,-0.4272,0.3052,0.00,34.00,-2.00
615723,3917,3833,2994,3631,3967,3983,3935,3967,3959,3987,0,-0.8220,-0.3331,-0.4727,0.1831,0.0000,0.0610,-1.00,30.00,-8.00
615771,3913,3834,2990,3628,3966,3984,3931,3968,3962,3988,0,-0.8209,-0.3334,-0.4741,0.1831,-0.3662,0.1831,-1.00,30.00,-8.00
615823,3915,3835,3028,3635,3968,3986,3934,3966,3963,3987,0,-0.8239,-0.3347,-0.4749,0.1221,-0.4272,0.3052,1.00,31.00,-10.00
615874,3916,3830,3033,3635,3967,3981,3934,3968,3965,3986,0,-0.8209,-0.3351,-0.4745,0.2441,0.4883,0.1221,1.00,31.00,-10.00
615935,3919,3834,3043,3639,3974,3983,3934,3968,3963,3987,1,-0.8220,-0.3339,-0.4739,0.2441,0.0610,0.0610,2.00,34.00,-4.00
615983,3918,3836,3059,3641,3965,3984,3934,3971,3963,3987,0,-0.8229,-0.3340,-0.4750,0.1221,-0.7935,0.2441,2.00,34.00,-4.00
616036,3915,3828,3025,3643,3966,3982,3937,3965,3962,3987,0,-0.8223,-0.3359,-0.4758,0.2441,-1.1597,0.3662,0.00,32.00,-5.00
616097,3920,3835,3027,3647,3969,3983,3938,3972,3966,3986,0,-0.8181,-0.3342,-0.4758,0.3052,0.8545,-0.1221,0.00,32.00,-5.00
616160,3919,3836,3033,3651,3969,3985,3941,3967,3963,3986,0,-0.8210,-0.3335,-0.4755,0.2441,0.1831,0.0610,0.00,32.00,-5.00
616222,3921,3834,3035,3651,3969,3982,3940,3970,3962,3984,0,-0.8203,-0.3356,-0.4751,0.1221,-0.1831,0.1221,0.00,31.00,-7.00
616272,3919,3834,3027,3652,3971,3984,3940,3968,3966,3987,0,-0.8226,-0.3346,-0.4747,0.3662,0.1831,0.0610,0.00,31.00,-7.00
616336,3923,3837,3021,3652,3968,3985,3940,3970,3964,3991,0,-0.8209,-0.3339,-0.4752,0.3052,0.5493,-0.0610,1.00,33.00,-4.00
616397,3919,3830,3033,3648,3969,3981,3934,3967,3965,3987,0,-0.8213,-0.3336,-0.4764,0.3052,0.6714,0.0000,1.00,33.00,-4.00
616460,3920,3834,3040,3649,3968,3983,3939,3968,3965,3983,0,-0.8219,-0.3344,-0.4750,0.1831,0.1221,0.0610,0.00,31.00,-3.00
616511,3921,3841,3048,3652,3969,3984,3942,3971,3965,3987,0,-0.8223,-0.3342,-0.4746,0.2441,0.0610,0.1831,-1.00,33.00,-5.00
616559,3919,3837,3037,3649,3969,3985,3940,3966,3963,3989,0,-0.8213,-0.3358,-0.4751,0.2441,0.0000,0.1831,-1.00,33.00,-5.00
616623,3918,3837,3024,3652,3974,3980,3938,3972,3966,3988,0,-0.8219,-0.3350,-0.4735,0.1831,0.2441,0.0610,0.00,33.00,-6.00
616671,3919,3836,3188,3652,3971,3983,3939,3967,3964,3986,0,-0.8201,-0.3340,-0.4757,0.1831,-0.3662,0.1221,0.00,33.00,-6.00
616734,3920,3838,3408,3651,3971,3985,3939,3966,3964,3988,0,-0.8219,-0.3356,-0.4760,0.1831,0.0000,0.0610,1.00,32.00,-10.00
616784,3922,3836,3469,3659,3973,3983,3940,3966,3965,3985,0,-0.8207,-0.3351,-0.4760,0.1831,-0.3052,0.1831,1.00,32.00,-10.00
616848,3925,3834,3482,3656,3970,3983,3937,3969,3963,3988,0,-0.8203,-0.3353,-0.4761,0.2441,0.0610,0.0000,1.00,32.00,-5.00
616898,3922,3836,3484,3657,3969,3983,3939,3968,3970,3989,0,-0.8210,-0.3342,-0.4755,0.1831,-0.1831,0.0610,1.00,32.00,-5.00
616960,3920,3835,3488,3661,3969,3984,3937,3965,3964,3988,0,-0.8197,-0.3347,-0.4763,0.1831,0.2441,0.0000,0.00,31.00,-4.00
617009,3920,3834,3493,3659,3969,3984,3943,3968,3966,3987,0,-0.8217,-0.3345,-0.4768,0.3052,0.0000,0.1221,0.00,31.00,-4.00
617072,3922,3834,3496,3665,3970,3983,3942,3968,3965,3987,0,-0.8206,-0.3345,-0.4768,0.2441,0.0000,0.0610,1.00,31.00,-7.00
617122,3920,3833,3492,3659,3969,3984,3941,3971,3967,3986,0,-0.8217,-0.3353,-0.4757,0.2441,0.2441,0.0610,0.00,31.00,-4.00
617171,3925,3834,3494,3656,3973,3984,3942,3971,3969,3986,0,-0.8198,-0.3353,-0.4758,0.1831,0.1221,0.1831,0.00,31.00,-4.00
617235,3924,3831,3503,3667,3971,3982,3943,3968,3967,3990,0,-0.8203,-0.3353,-0.4750,0.2441,0.1221,-0.0610,0.00,29.00,-5.00
617285,3924,3833,3504,3665,3971,3984,3943,3970,3970,3986,0,-0.8201,-0.3342,-0.4767,0.3052,-0.3052,0.1221,0.00,29.00,-5.00
617337,3923,3836,3507,3664,3969,3985,3943,3967,3964,3982,0,-0.8193,-0.3346,-0.4762,0.1831,-0.4272,0.1221,3.00,32.00,-3.00
617385,3929,3836,3512,3668,3973,3981,3941,3970,3969,3987,0,-0.8202,-0.3357,-0.4775,0.1831,-0.9155,0.3052,3.00,32.00,-3.00
617437,3923,3834,3514,3671,3972,3983,3945,3972,3966,3987,0,-0.8199,-0.3362,-0.4783,0.0000,-0.4883,0.3052,0.00,31.00,-6.00
617497,3924,3834,3513,3669,3974,3983,3944,3971,3969,3988,0,-0.8179,-0.3357,-0.4788,-0.0610,-0.9766,0.3662,0.00,31.00,-6.00
617560,3927,3833,3510,3671,3972,3986,3946,3968,3966,3985,0,-0.8180,-0.3369,-0.4806,0.0000,-0.3052,0.3052,1.00,31.00,-7.00
617609,3924,3834,3509,3667,3967,3983,3944,3965,3967,3984,0,-0.8157,-0.3362,-0.4803,0.0610,0.1831,0.1831,1.00,31.00,-7.00
617673,3924,3833,3503,3658,3972,3984,3941,3969,3969,3988,1,-0.8152,-0.3361,-0.4800,0.1831,1.0986,-0.0610,0.00,31.00,-5.00
617723,3919,3838,3487,3645,3970,3984,3936,3971,3965,3987,0,-0.8240,-0.3358,-0.4779,0.1221,2.6245,-0.4272,0.00,32.00,-5.00
617773,3910,3838,3469,3632,3969,3986,3930,3970,3963,3990,0,-0.8209,-0.3354,-0.4761,-0.3662,1.3428,0.0000,0.00,32.00,-5.00
617824,3893,3843,3472,3635,3969,3984,3936,3968,3963,3984,0,-0.8142,-0.3406,-0.4757,0.4272,0.5493,-0.4883,2.00,31.00,-7.00
617873,3903,3851,3484,3662,3972,3984,3942,3971,3961,3987,0,-0.8173,-0.3300,-0.4735,2.6855,2.1973,-1.9531,2.00,31.00,-7.00
617937,3919,3862,3517,3681,3977,3987,0,3973,3969,3989,0,-0.8334,-0.3290,-0.4767,1.2207,0.1221,0.2441,1.00,31.00,-8.00
617997,3925,3863,3526,3682,3979,3986,4,3972,3966,3989,0,-0.8301,-0.3314,-0.4745,0.2441,1.5259,-0.1221,1.00,31.00,-8.00
618061,3927,3853,3513,3671,3973,3984,0,3968,3968,3987,0,-0.8304,-0.3385,-0.4757,-1.6479,1.0376,-0.3052,0.00,31.00,-2.00
618109,3925,3827,3484,3666,3966,3983,0,3968,3964,3988,0,-0.8193,-0.3325,-0.4723,-1.0986,-0.1221,0.6714,0.00,31.00,-2.00
618161,3915,3807,3452,3650,3952,3981,3917,3966,3962,3988,0,-0.8175,-0.3324,-0.4684,-0.6104,2.5024,0.9155,1.00,30.00,-2.00
618209,3909,3798,3428,3636,3943,3976,3909,3966,3959,3986,0,-0.8191,-0.3373,-0.4683,-0.5493,1.8311,-0.9155,1.00,30.00,-2.00
618261,3903,3801,3380,3637,3940,3976,3909,3966,3954,3983,3,-0.8275,-0.3331,-0.4673,0.2441,1.8311,-0.9155,1.00,33.00,-4.00
618309,3904,3796,3349,3631,3936,3978,3906,3959,3955,3977,1,-0.8306,-0.3336,-0.4689,0.1221,1.8311,-0.1221,1.00,33.00,-4.00
618373,3903,3774,3363,3630,3934,3978,3904,3963,3956,3982,0,-0.8236,-0.3319,-0.4653,-0.2441,0.7935,0.4883,0.00,32.00,-3.00
618425,3908,3749,3391,3644,3936,3976,3909,3965,3960,3981,0,-0.8210,-0.3304,-0.4657,0.4883,0.8545,-0.1831,-1.00,31.00,-3.00
618475,3915,3733,3409,3651,3935,3974,3914,3967,3961,3982,0,-0.8235,-0.3303,-0.4645,0.0000,0.0000,-0.4272,-1.00,31.00,-3.00
618527,3914,3730,3433,3664,3938,3969,3915,3966,3964,3979,0,-0.8369,-0.3390,-0.4664,0.0000,0.7935,-0.1831,0.00,32.00,-7.00
618576,3922,3713,3451,3676,3939,3974,3921,3964,3965,3981,0,-0.8209,-0.3303,-0.4656,-0.1221,-1.3428,0.1221,0.00,32.00,-7.00
618628,3921,3714,3461,3677,3940,3972,3922,3966,3961,3978,0,-0.8250,-0.3326,-0.4645,0.1221,0.2441,0.0000,1.00,33.00,0.00
618676,3927,3732,3475,3674,3949,3974,3924,3967,3965,3976,0,-0.8282,-0.3281,-0.4658,0.4272,1.5259,-0.1831,1.00,33.00,0.00
618740,3922,3751,3494,3670,3958,3977,3930,3966,3968,3984,0,-0.8337,-0.3346,-0.4652,-0.1831,0.3662,0.8545,0.00,33.00,-4.00
618788,3922,3739,3510,3667,3956,3977,3930,3968,3970,3983,0,-0.8265,-0.3347,-0.4642,0.3662,0.2441,-0.1221,0.00,33.00,-4.00
618840,3927,3718,3515,3672,3959,3971,3930,3968,3964,3981,0,-0.8262,-0.3331,-0.4646,0.6104,1.2207,-0.2441,0.00,33.00,-7.00
618889,3925,3708,3470,3676,3955,3971,3930,3968,3964,3987,0,-0.8275,-0.3314,-0.4633,-0.1221,0.0000,-0.7935,0.00,33.00,-7.00
618941,3928,3701,3437,3672,3947,3971,3925,3969,3964,3979,0,-0.8279,-0.3328,-0.4637,0.1221,0.5493,-0.4272,1.00,34.00,-3.00
618990,3926,3679,3379,3672,3946,3968,3923,3966,3965,3977,0,-0.8284,-0.3308,-0.4646,0.2441,-0.3052,0.0000,1.00,34.00,-3.00
619054,3926,3663,3348,3669,3933,3967,3921,3965,3965,3973,0,-0.8251,-0.3329,-0.4645,0.0610,0.5493,-0.2441,0.00,33.00,-4.00
619102,3922,3663,3324,3665,3929,3968,3915,3965,3963,3972,0,-0.8281,-0.3306,-0.4620,0.2441,1.0376,-0.6104,0.00,33.00,-4.00
619165,3918,3683,3292,3655,3928,3968,3909,3960,3960,3974,0,-0.8286,-0.3298,-0.4617,0.0000,1.5869,-0.3662,0.00,32.00,-4.00
619213,3915,3693,3284,3653,3926,3971,3906,3964,3959,3973,0,-0.8319,-0.3313,-0.4614,0.1221,0.4272,-0.3052,0.00,32.00,-4.00
619277,3913,3697,3281,3649,3924,3970,3903,3967,3956,3975,0,-0.8324,-0.3336,-0.4622,0.1831,0.9155,-0.1831,0.00,34.00,-4.00
619328,3915,3697,3280,3653,3931,3969,3905,3963,3961,3976,0,-0.8291,-0.3303,-0.4611,0.1831,-0.3052,-0.0610,0.00,30.00,-6.00
619388,3916,3702,3277,3654,3928,3971,3908,3961,3961,3975,0,-0.8303,-0.3307,-0.4615,0.4272,0.5493,-0.2441,0.00,30.00,-6.00
619452,3920,3687,3270,3657,3932,3970,3911,3966,3961,3971,0,-0.8331,-0.3300,-0.4614,0.4883,0.4272,-0.2441,0.00,30.00,-7.00
619501,3919,3687,3287,3660,3932,3971,3909,3965,3959,3976,0,-0.8303,-0.3315,-0.4624,0.4883,1.1597,0.0000,0.00,30.00,-7.00
619565,3920,3685,3291,3660,3931,3967,3911,3965,3964,3977,0,-0.8306,-0.3302,-0.4617,0.2441,-0.2441,-0.1221,-1.00,33.00,-8.00
619627,3921,3680,3290,3661,3936,3968,3913,3964,3963,3974,1,-0.8270,-0.3284,-0.4613,0.1221,0.0000,0.4272,1.00,32.00,-5.00
619675,3922,3682,3291,3663,3936,3971,3912,3968,3963,3975,0,-0.8312,-0.3303,-0.4614,0.1221,0.1221,0.1831,1.00,32.00,-5.00
619738,3920,3687,3294,3660,3935,3969,3911,3964,3963,3973,0,-0.8331,-0.3324,-0.4609,0.3662,0.7935,-0.1221,0.00,33.00,0.00
619798,3921,3691,3301,3657,3942,3969,3916,3965,3964,3980,0,-0.8320,-0.3304,-0.4608,0.1831,-0.1831,0.2441,0.00,33.00,0.00
619861,3924,3688,3308,3662,3937,3971,3916,3963,3962,3977,0,-0.8336,-0.3307,-0.4614,0.2441,-0.3052,0.1831,-1.00,35.00,-1.00
619909,3923,3680,3313,3662,3940,3971,3919,3966,3961,3973,0,-0.8284,-0.3308,-0.4623,0.1831,-0.3052,0.1831,-1.00,35.00,-1.00
619972,3926,3676,3306,3667,3941,3968,3916,3963,3964,3977,0,-0.8286,-0.3296,-0.4624,0.2441,0.0000,-0.0610,1.00,32.00,-5.00
620022,3921,3679,3308,3671,3939,3971,3919,3965,3963,3976,0,-0.8302,-0.3292,-0.4615,0.3052,0.4883,-0.1831,1.00,32.00,1.00
620071,3925,3689,3313,3669,3941,3971,3920,3966,3964,3975,3,-0.8298,-0.3296,-0.4614,0.2441,0.3662,0.0000,1.00,32.00,1.00
620133,3924,3698,3304,3668,3941,3972,3918,3967,3962,3978,0,-0.8318,-0.3284,-0.4617,0.3052,0.3052,-0.1221,0.00,32.00,-6.00
620181,3923,3708,3295,3665,3940,3972,3918,3964,3964,3976,0,-0.8297,-0.3296,-0.4631,0.1831,0.4272,0.0610,0.00,32.00,-6.00
620244,3923,3716,3260,3661,3944,3975,3917,3968,3963,3976,0,-0.8314,-0.3297,-0.4609,0.3052,0.7324,0.0610,0.00,33.00,-2.00
620292,3924,3726,3236,3656,3946,3975,3917,3964,3964,3978,0,-0.8335,-0.3297,-0.4600,0.4272,0.3052,0.0000,0.00,33.00,-2.00
620356,3922,3734,3211,3655,3947,3974,3916,3965,3964,3978,0,-0.8303,-0.3291,-0.4604,0.1831,0.1831,0.1221,1.00,31.00,-1.00
620405,3922,3743,3194,3654,3950,3974,3920,3965,3964,3978,0,-0.8268,-0.3275,-0.4606,-0.0610,-0.2441,0.8545,1.00,31.00,-1.00
620457,3923,3755,3159,3637,3956,3977,3922,3970,3966,3982,0,-0.8384,-0.3269,-0.4575,0.9155,3.9062,1.2207,1.00,32.00,-3.00
620507,3923,3763,3159,3623,3962,3979,3922,3970,3967,3982,0,-0.8373,-0.3354,-0.4578,-0.1831,0.9155,0.9155,1.00,32.00,-3.00
620558,3922,3754,3189,3613,3965,3978,3924,3970,3967,3979,0,-0.8326,-0.3346,-0.4603,0.6714,1.8921,-0.2441,1.00,31.00,-3.00
620607,3923,3729,3233,3618,3964,3975,3924,3970,3970,3979,0,-0.8347,-0.3319,-0.4587,0.1221,-0.2441,-0.1221,1.00,31.00,-3.00
620659,3919,3683,3216,3630,3959,3968,3924,3970,3969,3979,0,-0.8334,-0.3346,-0.4589,0.3052,0.3052,-1.4038,1.00,32.00,-2.00
620721,3921,3552,3185,3651,3940,3957,3921,3965,3966,3970,0,-0.8358,-0.3230,-0.4570,-0.1221,-0.6714,-1.5259,1.00,33.00,-1.00
620771,3921,3399,3160,3660,3905,3943,3913,3965,3967,3955,0,-0.8307,-0.3307,-0.4590,-0.8545,-1.0986,-0.6104,1.00,33.00,-1.00
620822,3920,3257,3133,3665,3867,3928,3904,3961,3965,3949,0,-0.8247,-0.3303,-0.4613,0.1221,0.1831,-1.1597,0.00,32.00,-7.00
620871,3913,3202,3122,3667,3849,3925,3894,3961,3964,3944,0,-0.8315,-0.3234,-0.4578,0.6104,1.7090,-2.2583,0.00,32.00,-7.00
620935,3911,3221,3113,3663,3851,3930,3890,3962,3962,3942,0,-0.8364,-0.3263,-0.4569,0.1831,1.0376,-0.4883,1.00,33.00,-2.00
620983,3908,3234,3111,3658,3861,3933,3893,3963,3962,3945,0,-0.8350,-0.3271,-0.4565,0.2441,-0.0610,-0.4883,1.00,33.00,-2.00
621035,3910,3258,3132,3655,3884,3931,3893,3963,3961,3950,0,-0.8331,-0.3203,-0.4552,0.7935,1.2207,-0.5493,1.00,35.00,-7.00
621085,3915,3382,3119,3644,3916,3942,3899,3964,3961,3959,0,-0.8346,-0.3271,-0.4573,0.2441,1.0986,0.4272,1.00,35.00,-7.00
621149,3917,3398,3137,3648,3933,3948,3907,3968,3967,3957,0,-0.8424,-0.3259,-0.4545,0.0000,-0.8545,-0.4883,1.00,32.00,-7.00
621209,3923,3379,3093,3650,3934,3944,3910,3966,3963,3963,0,-0.8336,-0.3195,-0.4556,0.5493,1.0986,-0.7324,1.00,32.00,-7.00
621272,3919,3394,3085,3648,3938,3948,3904,3966,3965,3960,1,-0.8344,-0.3221,-0.4543,0.3052,0.9155,-0.2441,1.00,33.00,-4.00
621323,3922,3447,3384,3625,3946,3951,3910,3968,3966,3962,1,-0.8347,-0.3153,-0.4559,0.1831,1.2817,-0.2441,0.00,33.00,-2.00
621373,3917,3469,3476,3590,3945,3953,3907,3968,3960,3967,0,-0.8521,-0.3341,-0.4554,0.0000,-0.6714,0.4272,0.00,33.00,-2.00
621435,3906,3388,3252,3441,3948,3948,3896,3966,3965,3964,0,-0.8383,-0.3145,-0.4601,-0.1831,-0.6714,0.9155,1.00,30.00,-4.00
621496,3592,2560,2915,2411,3937,3851,3804,3965,3900,3915,0,-0.8540,-0.3746,-0.4685,-2.1973,-5.6152,1.4038,1.00,30.00,-4.00
621558,2590,813,1337,802,3254,3403,3019,3924,3408,3337,0,-1.0261,-1.1567,-0.4888,72.9370,-46.0815,63.4766,0.00,31.00,-2.00
621620,2101,1134,736,696,2903,3565,1847,3883,2721,3311,0,-0.7656,-0.8966,0.6390,74.2188,85.7544,-15.3809,3.00,31.00,-11.00
621681,2071,947,790,709,2553,3536,1711,3854,2646,3220,0,-0.8389,-0.7018,0.5122,-34.1797,28.9917,51.6968,3.00,31.00,-11.00
621743,2185,717,851,700,2387,3440,1672,3833,2608,3081,0,-1.0939,-0.5759,-0.0195,-99.7314,62.1948,69.1528,-1.00,29.00,0.00
621804,2004,490,864,725,2288,3336,1995,3822,2712,2981,0,-1.1554,-0.5522,-0.5463,-115.8447,79.8340,39.4897,-1.00,29.00,0.00
621867,1886,401,831,871,2151,3326,2327,3821,2798,2927,0,-0.7927,-0.2356,-0.6271,-108.0322,47.9126,22.1558,-3.00,28.00,3.00
621917,1888,401,816,1007,2157,3338,2380,3828,2834,2940,0,-0.7336,-0.3320,-0.8019,-53.3447,12.6953,19.2871,-3.00,28.00,3.00
621979,2074,449,780,879,1918,3415,2199,3818,2694,3009,0,-0.7107,-0.1600,-0.7679,10.4370,5.9814,1.7700,-6.00,29.00,4.00
622029,2124,2410,816,520,2154,3800,1832,3801,2355,3572,529,-1.1760,-0.3065,-1.2832,50.8423,-76.0498,-54.0771,-4.00,30.00,1.00
622078,1428,3817,714,606,1329,3983,2021,3809,2582,3929,527,-1.3503,-0.4026,0.0455,154.9072,-146.4844,-68.8477,-4.00,30.00,1.00
622140,3832,3840,2338,3363,3936,3984,3820,3954,3885,3987,0,0.2299,0.1516,-0.9305,-2.4414,-179.1382,-20.2637,2.00,34.00,-11.00
622201,3902,3848,2995,3497,3961,3984,3901,3963,3936,3983,0,-0.7770,-0.3224,-0.4308,6.4697,24.6582,-18.4326,2.00,34.00,-11.00
622252,3910,3863,2894,3441,3971,3985,3909,3964,3941,3986,0,-0.8516,-0.3149,-0.5000,3.6621,-0.4272,4.0894,2.00,33.00,-8.00
622300,3894,3868,2891,3143,3976,3986,3874,3967,3923,3985,0,-0.8281,-0.3242,-0.4554,-0.3052,16.2964,0.3662,2.00,33.00,-8.00
622363,3879,3866,2754,2552,3978,3987,3812,3963,3874,3990,0,-0.8153,-0.3643,-0.4813,-8.4229,-16.9678,12.0239,1.00,35.00,-11.00
622425,3863,3863,2696,2004,3975,3985,3750,3968,3808,3988,0,-0.8314,-0.3284,-0.4595,4.6997,17.2729,-0.3052,1.00,32.00,-9.00
622474,3857,3859,2909,2275,3981,3983,3820,3968,3848,3988,0,-0.8357,-0.3885,-0.4534,-0.6104,-12.1460,1.0376,1.00,32.00,-9.00
622537,3920,3823,3190,3153,3984,3983,3936,3969,3956,3988,0,-0.8636,-0.3815,-0.5052,-1.1597,-37.7808,-7.7515,2.00,34.00,-8.00
622586,3963,3582,3274,3752,3984,3955,0,3970,3943,3979,541,-0.8186,-0.3167,-0.5204,15.8691,-23.7427,-15.6860,2.00,34.00,-8.00
622649,3980,0,3292,3836,3959,3334,1,3991,3982,3805,0,-0.9937,-0.3596,-0.6115,-6.7139,-21.4233,1.0376,2.00,31.00,-7.00
622699,3978,0,3328,3857,3155,1564,3968,3988,3987,1347,0,-1.0720,-0.4473,-0.6086,41.6260,-93.3838,-12.7563,2.00,31.00,-7.00
622761,3984,0,3372,3859,1528,1234,3955,3981,3987,751,406,-1.8368,-1.0116,-0.7598,115.3564,-165.5884,-36.6211,3.00,29.00,-15.00
622809,3975,0,2454,3693,2018,1137,3885,3967,3959,529,376,-1.8824,-1.3951,-0.6548,263.3057,-262.2070,-98.7549,3.00,29.00,-15.00
622873,2970,959,713,1674,866,3551,2727,3830,3376,3173,482,-0.1885,-1.3120,0.1941,220.0317,-327.9419,21.3623,18.00,22.00,-29.00
622935,2788,286,619,798,591,3181,1523,3527,2556,2860,502,-0.6844,-0.2716,0.9500,124.7559,369.8120,-10.9863,25.00,28.00,-25.00
622984,2683,339,621,441,672,3258,1554,3576,2560,2855,503,-0.7665,-0.3446,0.4244,-121.7651,184.2651,147.1558,25.00,28.00,-25.00
623047,2643,1,769,134,1131,3150,1521,3748,2436,2598,509,-1.4364,-1.0829,-0.4528,-203.9184,154.9683,203.2471,6.00,46.00,-15.00
623096,2682,0,776,3,1056,3056,1459,3735,2330,2258,514,-2.1095,-0.3918,-0.8459,-186.9507,184.3262,153.9917,6.00,46.00,-15.00
623158,2664,0,811,3,1127,3012,1580,3757,2373,2143,507,-1.0465,-0.1272,-1.7937,-185.6079,108.6426,120.1172,-6.00,37.00,13.00
623207,2733,1,830,3,1265,2972,1772,3768,2434,2201,512,-1.1525,1.0948,-2.4652,-129.6997,56.3354,15.4419,-6.00,37.00,13.00
623269,1907,3583,812,188,2433,3964,1428,3811,2201,3852,511,-1.0531,-0.9620,-2.5752,116.8823,-199.7070,-193.7866,-5.00,32.00,22.00
623331,3690,3856,2076,269,3952,3985,2972,3954,3216,3989,0,-0.0398,-0.1177,-0.8164,111.3281,-153.1372,-53.7720,-2.00,42.00,1.00
623379,3915,3856,2949,3565,3973,3986,0,3962,3923,3989,0,-0.8838,-0.2902,-0.4226,6.2866,26.0010,-13.9770,-2.00,42.00,1.00
623442,3918,3862,3251,3658,3979,3986,3925,3979,3866,3988,0,-0.8416,-0.3162,-0.5051,-6.8359,-24.8413,9.6436,0.00,39.00,0.00
623502,3914,3855,3107,3640,3973,3982,3929,3964,3943,3984,0,-0.8461,-0.2990,-0.4771,-1.7700,8.4839,-0.4272,0.00,39.00,0.00
623565,3922,3832,3034,3646,3973,3979,3938,3966,3935,3983,0,-0.8250,-0.3258,-0.4589,-8.8501,-15.5640,7.6294,0.00,40.00,3.00
623627,3938,3787,3102,3692,3975,3974,3949,3981,3958,3983,0,-0.8020,-0.3352,-0.5016,1.6479,-10.2539,-1.0376,-2.00,40.00,4.00
623675,3952,3704,3171,3743,3976,3969,3961,3983,3966,3981,0,-0.8446,-0.3147,-0.4802,7.9956,-1.2817,-10.6812,-2.00,40.00,4.00
623738,3973,3083,3394,3832,3978,3906,3974,3984,3981,3961,523,-0.8560,-0.3337,-0.5178,9.3994,-20.5078,-12.5732,-1.00,39.00,3.00
623787,3982,1,3283,3862,3893,3009,3975,3989,3984,3596,0,-1.7772,-0.5752,-0.7156,-5.9814,-23.1934,-2.5024,-1.00,39.00,3.00
623851,3988,3,3472,3877,714,1358,0,3854,3988,1151,482,-1.4235,-0.6901,-0.7341,53.2837,-121.5820,-12.2681,1.00,40.00,-1.00
623912,3976,1,2257,3847,1790,1144,3955,3914,3978,530,417,-2.0236,-1.8046,-0.5990,257.8735,-252.8686,-111.6333,1.00,40.00,-1.00
623975,3356,1,741,2294,267,2810,3046,3654,3614,2452,482,-0.9407,-1.4956,0.0547,310.6689,-364.7461,-147.5220,12.00,34.00,-21.00
624026,2600,0,631,1083,331,3028,1,3508,2955,2569,508,-1.0042,-0.5356,0.7671,-29.2969,180.2978,82.7637,23.00,29.00,-26.00
624086,2485,167,699,661,586,3147,0,3644,2894,2698,509,-0.3193,-0.5978,0.4868,-107.4829,204.7729,134.0332,23.00,29.00,-26.00
624150,2324,0,691,622,640,3083,0,3695,2952,2501,506,-1.1184,-0.6243,0.1654,-172.0581,223.1445,181.6406,9.00,39.00,-17.00
624200,2297,0,731,514,616,2838,0,3715,2953,2101,510,-2.1725,-0.7716,-0.6101,-196.3501,192.9321,199.5239,9.00,39.00,-17.00
624262,2364,0,750,707,779,2589,0,3764,2887,1720,510,-1.4514,-0.0206,-1.9547,-263.5498,179.8706,129.0283,-6.00,34.00,2.00
624312,2622,1,728,576,991,2806,2352,3773,2738,2066,509,-0.9126,1.4043,-3.6722,-182.8613,88.3789,67.3828,-6.00,34.00,2.00
624375,1627,3811,749,487,2062,3971,1409,3823,2077,3916,509,-1.4778,-0.5258,0.1707,197.7539,-212.8906,-116.8213,-5.00,33.00,21.00
624425,3807,3844,2531,2214,3960,3983,3512,3959,3788,3985,0,0.0897,0.0774,-0.9321,74.7681,-120.5444,-47.7905,-2.00,37.00,2.00
624485,3930,3857,3186,3676,3976,3984,0,3966,3948,3989,0,-0.7637,-0.3600,-0.4540,0.0610,-10.4370,-5.1270,-2.00,37.00,2.00
624549,3934,3853,3106,3684,3975,3981,3937,3961,3942,3988,0,-0.8510,-0.3130,-0.4939,-2.1973,-1.4038,1.4648,-3.00,38.00,2.00
624598,3927,3837,3041,3649,3970,3978,3930,3956,3944,3984,0,-0.8347,-0.3120,-0.4771,-1.2817,6.3477,2.3804,-3.00,38.00,2.00
624661,3927,3800,3038,3654,3970,3978,3935,3967,3940,3983,0,-0.8182,-0.3395,-0.4668,-5.1270,-8.3618,2.4414,-3.00,40.00,4.00
624709,3939,3742,3130,3694,3974,3976,3951,3967,3949,3982,0,-0.8252,-0.3312,-0.4918,3.7231,-9.8267,-3.9062,-3.00,40.00,4.00
624773,3962,3451,3217,3797,3970,3948,3971,3967,3960,3974,538,-0.8704,-0.3423,-0.4844,12.0850,-13.7329,-13.1226,-1.00,38.00,4.00
624822,3983,1408,3257,3847,3959,3742,3980,3970,3967,3914,1,-0.7187,-0.2799,-0.5317,-0.0610,-20.5688,-8.9722,-1.00,38.00,4.00
624886,3989,2,3334,3869,3099,1429,0,3992,3981,1635,0,-1.1290,-0.4976,-0.6040,21.4233,-93.3227,5.6152,-2.00,37.00,3.00
624936,3986,0,3578,3877,831,1116,0,3980,3986,897,436,-2.2352,-1.4426,-0.8867,100.3418,-139.4043,-33.3862,0.00,36.00,-4.00
624985,3969,0,2550,3766,2025,1084,3955,3925,3969,530,402,-2.6475,-1.9193,-0.3986,310.6689,-279.5410,-125.0000,0.00,36.00,-4.00
625049,2769,549,644,1031,538,3491,2032,3534,3060,3052,499,1.9506,-1.2788,2.2864,255.5542,-215.1489,-37.8418,19.00,26.00,-31.00
625098,2915,263,709,705,600,3240,1683,3470,2660,2887,511,-1.0646,-0.8311,0.7484,-56.2744,236.3891,-9.6436,19.00,26.00,-31.00
625161,2966,162,635,607,1061,3206,1626,3556,2530,2850,514,-0.4637,-0.5863,0.5361,-197.0825,161.1938,149.7803,14.00,32.00,-16.00
625221,2822,0,636,293,1010,2923,1617,3680,2480,2378,515,-1.5525,-0.9246,-0.1483,-235.3515,234.8633,180.5420,14.00,32.00,-16.00
625284,2886,0,689,2,1019,2600,1747,3709,2482,1872,514,-2.4532,-0.4204,-1.3167,-211.2427,247.9248,171.8139,0.00,27.00,1.00
625334,3110,1,678,142,1227,2398,1640,3740,2338,1868,516,-1.2422,-0.2209,-2.9243,-193.7866,197.7539,78.3691,-2.00,23.00,12.00
625384,3323,0,680,2,1405,2939,1545,3767,2101,2336,517,-1.1455,1.6652,-3.9724,-143.1274,-27.5879,3.2349,-2.00,23.00,12.00
625447,3320,3857,900,1153,3226,3987,819,3889,1755,3970,521,-1.7065,-0.1876,0.2606,219.2383,-158.4473,-104.4311,2.00,29.00,8.00
625497,3892,3855,2942,3220,3976,3984,0,3965,3742,3984,0,0.0458,0.0941,-0.9117,5.3101,-150.1465,-57.5561,2.00,29.00,8.00
625560,3938,3862,3214,3699,3976,3986,1,3970,3905,3990,0,-0.8350,-0.2509,-0.4590,0.5493,-2.3193,-2.8076,3.00,30.00,1.00
625609,3930,3855,3150,3687,3975,3983,0,3966,3943,3985,0,-0.8553,-0.3280,-0.4912,-5.0659,0.6104,0.8545,3.00,30.00,1.00
625673,3928,3809,3181,3668,3973,3976,0,3967,3947,3981,0,-0.8258,-0.3242,-0.4545,-4.0894,8.4229,-0.6714,5.00,29.00,2.00
625722,3931,3751,3196,3661,3976,3973,0,3966,3949,3982,0,-0.7875,-0.3569,-0.4802,-0.2441,-7.7515,-5.0659,5.00,29.00,2.00
625786,3951,3681,3261,3709,3979,3964,0,3971,3936,3977,0,-0.8505,-0.3246,-0.4736,10.6812,-6.0425,-9.0332,4.00,28.00,-3.00
625836,3963,3434,3255,3765,3979,3942,0,3971,3963,3974,544,-0.8745,-0.3127,-0.4833,6.2866,-21.3623,-11.1694,6.00,30.00,5.00
625897,3981,1,3350,3844,3959,3129,1,3988,3968,3753,0,-1.2804,-0.3835,-0.6322,-11.3525,-11.7798,0.1221,6.00,30.00,5.00
625960,3984,0,3578,3856,1649,1154,3947,3974,3987,1087,468,-1.3501,-0.7834,-0.6863,42.0532,-132.7515,0.3052,5.00,30.00,-1.00
626009,3981,0,3274,3842,1979,1163,3889,3954,3985,1274,384,-2.2927,-1.7531,-0.5956,247.8638,-259.7046,-85.8154,5.00,30.00,-1.00
626071,3826,0,1228,2872,1122,975,3707,3814,3876,390,446,-1.2888,-1.5549,-0.5862,336.2426,-423.8281,-151.8555,13.00,24.00,-15.00
626121,2512,159,572,1133,335,3177,3,3555,2953,2774,496,2.1953,1.2809,2.0425,29.6631,101.6846,79.5898,13.00,24.00,-15.00
626183,2522,2,747,888,454,3120,0,3624,2906,2682,506,-0.0720,-0.7509,0.3510,-80.3223,179.5044,147.5220,20.00,20.00,-26.00
626233,2410,1,808,848,432,3054,0,3659,2868,2535,503,-0.9497,-0.5063,0.3761,-158.2031,222.5952,166.1987,10.00,29.00,-17.00
626294,2305,1,832,624,458,2816,1,3700,2809,2179,505,-1.7865,-0.7017,-0.3805,-206.5430,252.6245,176.3306,10.00,29.00,-17.00
626357,2387,0,837,415,701,2306,2239,3748,2540,1659,506,-2.1995,-0.2089,-1.4736,-290.0391,212.7685,179.8706,-5.00,39.00,0.00
626406,2649,0,726,116,1126,2476,2434,3812,2441,2007,505,-1.0714,0.7125,-3.8225,-231.2622,16.9067,50.7812,-5.00,39.00,0.00
626468,1579,3775,834,305,3246,3975,0,3859,2071,3910,510,-0.7122,-0.9282,-0.3256,225.2197,-135.2539,-256.3477,-1.00,39.00,14.00
626517,3504,3857,812,665,3781,3986,2022,3929,2901,3984,511,-0.6362,-0.1396,-0.6023,118.9575,-160.2783,-61.7065,-1.00,39.00,14.00
626580,3915,3859,3170,3561,3978,3985,0,3984,3929,3989,0,-0.7822,-0.3591,-0.4946,-10.3760,-22.9492,0.7935,4.00,42.00,3.00
626642,3924,3861,3245,3589,3978,3984,0,3964,3960,3989,0,-0.8411,-0.3407,-0.4929,-5.3101,-8.1787,3.1738,6.00,42.00,0.00
626691,3905,3845,3139,3447,3982,3982,3921,3966,3958,3986,0,-0.8322,-0.3436,-0.5059,6.4697,15.0757,9.4604,6.00,42.00,0.00
626754,3886,3778,3246,3299,3985,3977,0,3965,3959,3987,0,-0.8230,-0.3636,-0.4412,-6.2256,-15.0146,3.1128,6.00,40.00,4.00
626803,3911,3669,3334,3314,3984,3972,0,3972,3967,3985,0,-0.8303,-0.3588,-0.4623,1.2207,-28.7476,-2.8076,6.00,40.00,4.00
626866,3939,3287,3333,3450,3984,3929,0,3973,3977,3978,0,-0.8145,-0.3346,-0.5009,8.2397,-12.7563,-9.6436,5.00,42.00,8.00
626915,3963,1754,3399,3637,3985,3762,0,3971,3983,3939,0,-0.7692,-0.3630,-0.5281,6.2866,-6.5918,-9.3994,5.00,42.00,8.00
626977,3986,1,3398,3827,3925,1940,0,3978,3987,3365,0,-1.2618,-0.3274,-0.5881,22.0337,-62.9883,-8.9722,6.00,41.00,3.00
627027,3986,3,3597,3845,1650,1030,9,3937,3989,1030,447,-1.3843,-0.8458,-0.7675,44.0674,-119.5679,-8.1177,6.00,41.00,3.00
627078,3984,1,3521,3820,2291,1096,0,3959,3989,1060,376,-2.3652,-1.6191,-0.4698,207.7026,-207.1533,-72.0215,9.00,41.00,-7.00
627127,3924,0,1873,2850,1670,976,0,3886,3910,490,424,-1.8984,-1.4988,-1.1019,307.5562,-447.3877,-126.5259,9.00,41.00,-7.00
627178,3011,320,731,715,673,3370,0,3653,2599,3003,499,0.8665,1.0690,1.5892,122.9858,-91.7358,101.8066,21.00,26.00,-28.00
627226,2670,102,752,656,529,3194,0,3680,2464,2832,505,0.0580,-1.1099,0.4264,-27.5269,205.3223,-49.7436,21.00,26.00,-28.00
627289,2549,1,712,273,566,3180,0,3661,2462,2794,508,-0.6504,-0.3761,0.5172,-105.6518,250.4883,114.4409,23.00,34.00,-23.00
627339,2536,0,791,127,577,3129,0,3707,2352,2568,509,-1.0951,-0.7809,0.0199,-185.5469,241.3330,175.5371,9.00,44.00,-3.00
627399,2713,0,743,1,463,2828,0,3736,2200,1931,509,-2.2729,-0.8809,-0.9318,-232.2388,228.0884,227.1118,9.00,44.00,-3.00
627462,3095,0,613,2,800,2702,1706,3774,2038,1930,511,-1.5695,0.4481,-3.5714,-259.0332,144.2261,96.1304,0.00,41.00,20.00
627510,2803,1370,639,3,1449,3643,1498,3811,1987,3138,506,-1.4924,0.4536,-3.7019,-83.7402,-131.4697,-77.6367,0.00,41.00,20.00
627573,3438,3863,1106,822,3467,3987,977,3903,1835,3977,517,-0.6511,-0.0133,-0.6792,182.8613,-138.7939,-94.7876,7.00,42.00,21.00
627635,3921,3854,3238,3595,3966,3983,0,3966,3936,3988,0,-0.7512,-0.1172,-0.5515,0.5493,-15.4419,-36.9873,10.00,44.00,9.00
627695,3943,3861,3511,3756,3969,3985,3941,3963,3952,3989,0,-0.8392,-0.2949,-0.4636,-9.9487,-24.9023,1.3428,10.00,44.00,9.00
627759,3941,3846,3521,3765,3959,3980,3940,3960,3962,3984,0,-0.8246,-0.3262,-0.5092,6.5918,10.6812,6.7139,8.00,45.00,2.00
627808,3937,3816,3537,3765,3948,3975,3935,3962,3962,3977,0,-0.8362,-0.3243,-0.4526,-0.8545,17.3340,-7.0801,8.00,45.00,2.00
627871,3946,3750,3610,3796,3948,3969,3948,3965,3970,3975,0,-0.8167,-0.3528,-0.4943,-5.3711,-24.9634,-0.1221,9.00,45.00,4.00
627933,3970,3433,3536,3835,3954,3941,3968,3967,3977,3960,539,-0.8782,-0.3256,-0.5034,9.2163,-26.6113,-14.3433,11.00,45.00,5.00
627982,3977,1356,3725,3852,3942,3717,3973,3964,3983,3886,0,-0.7281,-0.2312,-0.5352,-2.0752,-18.6768,-3.7842,11.00,45.00,5.00
628044,3992,0,3756,3867,2281,1446,1,3856,3984,1711,492,-1.2631,-0.5353,-0.6172,34.7900,-91.9800,-5.0659,10.00,46.00,7.00
628093,3985,0,3567,3873,1260,1061,3914,3959,3980,1042,431,-2.2411,-1.4352,-0.9153,136.9629,-170.1660,-52.4292,10.00,46.00,7.00
628156,3957,0,1739,3629,1783,1009,3929,3910,3952,496,423,-2.4169,-1.6981,-0.7396,366.9433,-337.0361,-173.0957,19.00,39.00,-11.00
628205,2939,456,595,1238,363,3501,2155,3499,3032,2981,503,1.9962,-0.7283,2.3361,297.6074,-293.3350,-23.6816,19.00,39.00,-11.00
628268,2599,0,591,708,511,3091,2038,3481,2797,2649,508,-0.5734,-0.8794,0.3289,-95.5200,205.3223,23.7427,32.00,35.00,-30.00
628318,2440,2,606,740,898,3056,2114,3572,2751,2563,509,-0.5059,-0.4517,0.4385,-175.5371,161.4380,168.3960,32.00,35.00,-30.00
628381,2252,0,709,560,1053,2816,2139,3668,2741,2345,511,-1.1315,-0.7117,0.0610,-208.4961,222.4121,186.2182,15.00,42.00,-19.00
628430,2436,0,716,427,1011,2598,2209,3679,2659,1797,511,-2.2389,-0.5634,-0.5253,-214.3555,219.3603,157.9590,15.00,42.00,-19.00
628492,2656,0,630,535,988,2242,2046,3708,2346,1413,512,-1.5011,0.0532,-2.1320,-256.4697,167.0532,122.6196,-10.00,52.00,11.00
628542,2802,0,522,428,1197,2401,2150,3811,2219,1738,511,-0.6818,1.2191,-4.0000,-169.4946,27.3437,-0.4272,15.00,42.00,34.00
628603,2524,3831,807,1120,3444,3977,0,3869,1755,3945,517,-1.8970,-0.0680,0.1056,239.8071,-75.9277,-156.7993,15.00,42.00,34.00
628666,3900,3851,3252,3225,3971,3983,0,3964,3833,3988,1,-0.4080,0.0093,-0.8076,8.7280,-66.0400,-62.1948,12.00,48.00,25.00
628726,3937,3863,3470,3656,3978,3985,2,3964,3955,3989,0,-0.8300,-0.2694,-0.4712,-15.6860,-43.4570,8.9722,12.00,48.00,25.00
628790,3926,3845,3494,3604,3968,3979,3912,3963,3957,3984,0,-0.8066,-0.3508,-0.5002,1.0376,13.2446,-1.5259,15.00,50.00,18.00
628841,3921,3827,3388,3577,3973,3979,1,3964,3959,3982,0,-0.8149,-0.3411,-0.4752,0.1221,12.2681,-1.3428,14.00,50.00,22.00
628902,3935,3752,3184,3646,3974,3976,0,3968,3960,3984,0,-0.8413,-0.3580,-0.4722,-4.9438,-22.0337,0.0610,14.00,50.00,22.00
628953,3961,3497,3429,3743,3984,3950,1,3968,3974,3977,0,-0.8220,-0.3306,-0.5229,11.7798,-31.1890,-6.4697,17.00,49.00,21.00
629002,3975,2580,3665,3805,3976,3854,0,3970,3950,3947,0,-0.7333,-0.3352,-0.5558,5.7983,-24.1699,-6.4087,17.00,49.00,21.00
629064,3983,1,3283,3852,3848,1926,0,3984,3974,3248,0,-1.6958,-0.5057,-0.7007,32.4707,-44.9219,-25.6958,15.00,53.00,16.00
629113,3989,1,3307,3860,925,1040,0,3986,3986,1034,454,-1.3292,-0.8320,-0.7534,41.7480,-120.1172,3.6011,15.00,53.00,16.00
629175,3981,2,2578,3831,2175,1051,3949,3962,3974,906,376,-2.2949,-1.8931,-0.6202,279.8462,-273.2544,-96.3135,13.00,48.00,2.00
629224,3879,0,1252,2888,1400,942,3708,3844,3875,329,437,-1.6660,-1.2892,-0.8799,336.6089,-421.2646,-164.3677,13.00,48.00,2.00
629287,2844,0,526,1085,431,2966,1713,3507,2785,2639,504,-1.1625,-0.4121,0.7517,-32.8979,228.2104,55.6030,23.00,32.00,-29.00
629337,2585,0,589,616,680,3153,1854,3565,2728,2773,507,0.0128,-0.4266,0.5071,-92.5293,166.9922,90.0879,12.00,42.00,-21.00
629385,2445,0,596,578,865,3075,1805,3637,2678,2630,507,-0.8474,-0.7195,0.2163,-173.6450,222.9614,138.0005,12.00,42.00,-21.00
629449,2435,1,620,114,822,2908,0,3705,2630,2377,510,-1.6052,-0.8164,-0.3475,-203.6743,256.3477,168.3960,-2.00,44.00,2.00
629497,2468,0,646,125,786,2644,0,3738,2534,1790,511,-2.3470,-0.4695,-1.1780,-226.3183,202.3926,194.3359,-2.00,44.00,2.00
629561,2673,1,620,113,1038,2468,1907,3773,2452,1855,509,-1.3990,0.1974,-3.1639,-187.9272,160.2783,66.4673,-7.00,33.00,21.00
629622,1546,3519,678,0,3371,3954,0,3854,1997,3869,509,-0.4294,-0.8019,-1.1416,124.0845,-285.8276,-249.6338,-7.00,33.00,21.00
629685,3806,3857,2240,473,3958,3985,3027,3952,3384,3982,0,0.0493,-0.0305,-0.9530,134.6436,-144.3481,-49.0112,-2.00,39.00,17.00
629735,3928,3851,3311,3645,3975,3982,0,3984,3877,3988,1,-0.8192,-0.2535,-0.4927,14.2212,15.7471,-21.5454,0.00,43.00,14.00
629795,3945,3847,3322,3735,3977,3982,3946,3968,3934,3988,0,-0.8354,-0.3141,-0.5267,-2.9297,-18.1274,0.7935,0.00,43.00,14.00
629859,3947,3793,3322,3723,3976,3974,3946,3966,3967,3984,0,-0.8362,-0.2803,-0.4858,1.0376,4.8828,2.4414,0.00,41.00,14.00
629907,3958,3619,3372,3745,3973,3961,3949,3983,3973,3978,0,-0.8107,-0.3455,-0.4899,-4.5166,-14.7705,0.8545,0.00,41.00,14.00
629970,3971,2973,3293,3790,3970,3906,3963,3988,3976,3959,0,-0.7760,-0.3623,-0.5372,9.2773,-26.4893,-6.1646,1.00,43.00,9.00
630019,3982,1,3360,3824,3964,3600,0,3986,3986,3889,0,-0.8237,-0.3140,-0.5676,5.5542,-12.3291,-8.1177,1.00,43.00,9.00
630081,3984,2,3350,3853,3689,1584,0,3985,3982,2924,487,-1.1812,-0.2552,-0.5913,22.3389,-56.6406,-16.7236,1.00,40.00,6.00
630130,3985,1,3351,3868,841,1005,0,3983,3983,637,452,-1.2698,-0.8329,-0.8008,23.9868,-112.9150,7.0190,1.00,40.00,6.00
630192,3982,0,2919,3852,2166,1099,3950,3947,3980,655,378,-2.2183,-1.7722,-0.7148,257.6294,-239.7461,-84.7168,0.00,45.00,0.00
630243,3923,0,1304,3298,1605,998,3856,3882,3926,436,424,-1.9825,-1.2617,-0.9050,349.7924,-413.6352,-166.6260,16.00,38.00,-22.00
630303,2723,181,508,945,235,3206,2287,3427,2935,2677,503,1.9871,1.4753,1.8860,28.5645,57.6172,90.4541,16.00,38.00,-22.00
630366,2598,0,661,872,529,3039,2111,3584,2825,2596,509,-0.0193,-0.7672,0.2872,-116.0278,184.9975,131.6528,16.00,37.00,-23.00
630427,2468,0,647,501,721,3002,0,3652,2747,2563,507,-1.0853,-0.6711,0.2041,-161.0718,268.3716,157.4707,16.00,37.00,-23.00
630489,2400,0,644,115,802,2795,0,3698,2683,2201,509,-1.9988,-0.7618,-0.4545,-229.1870,253.1738,191.7114,2.00,42.00,1.00
630540,2420,1,575,1,973,2823,1860,3764,2322,2169,508,-2.4141,-0.6193,-1.6780,-277.2827,215.5762,179.6875,-10.00,30.00,29.00
630588,2744,0,687,2,1495,2972,1985,3797,2347,2686,506,-1.0406,0.3511,-3.3201,-205.9936,135.5591,110.3516,-10.00,30.00,29.00
630651,1542,3803,689,158,3356,3985,1,3869,1955,3933,515,-1.1255,-0.3280,-1.4155,161.9873,-213.7451,-225.5859,-2.00,25.00,35.00
630701,3537,3835,1837,478,3923,3982,2615,3946,3419,3984,0,-0.6161,-0.1753,-0.7228,131.6528,-180.9692,-53.5889,-2.00,25.00,35.00
630764,3926,3844,3141,3712,3974,3982,0,3985,3223,3982,0,-0.8079,-0.3777,-0.4456,10.0708,39.0015,-3.7842,0.00,32.00,27.00
630812,3933,3851,3146,3743,3976,3983,3944,3959,3961,3991,0,-0.8220,-0.3158,-0.5208,-3.2349,-15.9302,5.1270,0.00,32.00,27.00
630875,3916,3840,3153,3749,3959,3983,3936,3959,3960,3983,0,-0.8379,-0.3176,-0.4780,4.9438,22.8271,1.8311,-2.00,30.00,27.00
630924,3902,3823,3081,3757,3938,3980,3931,3953,3957,3984,0,-0.8225,-0.3065,-0.4539,-8.5449,-12.8174,-1.5869,-2.00,30.00,27.00
630976,3912,3812,3100,3775,3935,3976,3942,3950,3961,3984,1,-0.8420,-0.3318,-0.4854,-2.6855,-23.1323,-3.1738,-1.00,30.00,29.00
631026,3944,3750,3242,3820,3957,3973,3960,3964,3973,3981,0,-0.8678,-0.3147,-0.5002,8.2397,-20.0806,-7.8125,-1.00,30.00,29.00
631088,3972,2973,3275,3854,3947,3904,3974,3982,3981,3949,541,-0.8517,-0.3220,-0.5682,9.9487,-36.0107,-16.3574,0.00,32.00,22.00
631139,3982,0,3330,3871,3525,2578,3971,3982,3985,3351,0,-1.9906,-0.6095,-0.7905,7.9346,-21.4233,-18.1885,1.00,34.00,21.00
631188,3987,0,3290,3879,483,1112,0,3977,3989,1252,492,-2.1855,-1.3765,-1.0034,83.0688,-126.0376,-16.4795,1.00,34.00,21.00
631249,3955,0,1886,3812,1808,1046,3951,3877,3947,591,428,-3.1726,-2.1868,-0.1876,358.2763,-311.2793,-135.6201,3.00,35.00,-1.00
631309,2953,663,530,1230,370,3520,0,3404,2985,3071,505,2.5732,-0.2672,2.4342,295.2881,-311.6455,-86.1816,3.00,35.00,-1.00
631372,2666,95,555,1019,329,3136,2317,3469,2937,2724,513,-0.4642,-1.0961,0.1667,-98.9990,147.8882,60.7300,19.00,28.00,-6.00
631433,2536,0,598,806,478,3066,0,3574,2885,2541,513,-0.6255,-0.5780,0.3546,-187.1338,212.3413,177.1850,19.00,28.00,-6.00
631485,2372,3,632,642,629,2933,0,3647,2870,2383,512,-1.1028,-0.6263,0.0016,-210.8764,219.5434,184.8144,14.00,30.00,-4.00
631534,2523,0,668,435,783,2640,0,3664,2815,2100,512,-2.3105,-0.5570,-0.7262,-242.3096,260.2539,190.1245,14.00,30.00,-4.00
631585,2643,1,676,292,888,2308,0,3749,2667,1774,513,-1.9034,-0.4969,-1.9448,-276.6113,192.3828,177.7954,7.00,28.00,16.00
631647,2902,1,763,1,1375,2678,2188,3799,2605,2232,513,-0.9124,1.9999,-4.0000,-116.6992,36.9873,88.6230,10.00,23.00,20.00
631708,1474,3779,741,522,3425,3980,0,3869,1940,3919,518,-1.6676,-0.4226,0.2430,229.3701,-87.0361,-275.7568,10.00,23.00,20.00
631771,3690,3848,2149,511,3947,3983,3168,3955,3633,3985,0,-0.5511,-0.2258,-0.6205,84.8999,-225.6470,-52.0019,15.00,27.00,18.00
631819,3944,3841,3273,3746,3976,3986,0,3967,3940,3989,0,-0.9510,-0.3268,-0.5212,3.1738,21.7285,9.4604,15.00,27.00,18.00
631882,3959,3782,3291,3808,3972,3971,3965,3961,3973,3983,554,-0.7867,-0.2906,-0.5166,-7.8735,-22.3389,-0.8545,12.00,28.00,6.00
631931,3969,3613,3295,3824,3972,3958,3971,3964,3978,3979,549,-0.8212,-0.2982,-0.4965,4.5166,21.5454,4.0283,12.00,28.00,6.00
631995,3975,2199,3323,3830,3951,3833,3960,3962,3979,3930,0,-0.7738,-0.3185,-0.5077,-17.4561,-10.5591,12.9395,13.00,27.00,6.00
632045,3977,0,3357,3840,3864,3255,3957,3965,3982,3696,0,-1.3273,-0.5309,-0.5562,-0.5493,-22.6440,12.2070,13.00,31.00,8.00
632106,3983,1,3386,3849,3294,1984,0,3959,3983,2934,0,-0.6808,-0.3949,-0.5151,22.2778,-45.5322,-3.2349,13.00,31.00,8.00
632169,3985,0,3374,3857,2764,801,1,3962,3986,1574,505,-0.7880,-0.2996,-0.5531,27.0386,-18.4326,-14.2212,11.00,29.00,7.00
632229,3984,1,3518,3853,2099,765,3899,3868,3991,303,496,-0.9219,-0.5438,-0.6716,29.7852,-46.6309,-14.4043,11.00,29.00,7.00
632291,3969,2,3340,3746,1794,889,3860,3947,3979,441,451,-2.0217,-0.6611,-0.7804,96.8018,-99.9756,-48.4009,13.00,31.00,3.00
632353,3891,1,1906,2686,2147,1742,3410,3901,3857,2040,469,-0.1747,-0.4847,-0.7379,103.6987,-200.4394,20.6299,14.00,31.00,-6.00
632402,2800,0,568,1329,2055,2936,1952,3809,2931,2797,502,0.1123,-0.9607,0.6732,152.5269,132.6294,85.2661,14.00,31.00,-6.00
632463,2660,3,469,1185,1808,3015,1601,3719,2702,2635,510,-0.8350,-0.0135,0.2317,5.2490,160.7666,79.2847,14.00,30.00,1.00
632513,2353,0,576,1174,1642,2926,1666,3728,2724,2357,512,-0.9194,-0.2552,-0.2150,-69.8242,103.0273,101.5015,14.00,30.00,1.00
