719677,3934,3818,3490,3625,3968,3983,2,3919,3764,3986,0,-0.8209,-0.3389,-0.4696,0.1221,1.0986,-0.2441,20.00,23.00,-22.00
719739,3928,3826,3471,3601,3969,3984,1,3917,3761,3988,0,-0.8258,-0.3398,-0.4675,0.1221,1.4038,-0.3662,19.00,23.00,-19.00
719801,3923,3827,3458,3584,3964,3984,1,3916,3759,3988,0,-0.8239,-0.3387,-0.4674,0.0610,0.6714,-0.3052,21.00,19.00,-21.00
719850,3920,3831,3449,3572,3967,3982,0,3917,3759,3988,0,-0.8296,-0.3409,-0.4653,0.2441,1.0986,-0.1831,21.00,19.00,-21.00
719913,3923,3829,3452,3576,3965,3982,0,3917,3754,3985,0,-0.8208,-0.3385,-0.4666,0.3052,0.1221,0.0000,18.00,22.00,-19.00
719973,3924,3828,3451,3575,3965,3984,0,3916,3757,3987,0,-0.8240,-0.3380,-0.4648,0.1221,0.3662,-0.0610,18.00,22.00,-19.00
720036,3923,3831,3448,3570,3967,3981,0,3917,3761,3987,0,-0.8260,-0.3397,-0.4667,0.2441,0.6104,-0.0610,20.00,22.00,-17.00
720098,3922,3830,3448,3568,3968,3982,0,3909,3758,3987,0,-0.8265,-0.3392,-0.4656,0.0610,-0.4272,0.4272,21.00,21.00,-19.00
720158,3921,3829,3448,3566,3967,3983,0,3917,3760,3987,0,-0.8230,-0.3401,-0.4666,-0.1221,0.0000,0.6104,21.00,21.00,-19.00
720222,3922,3826,3447,3563,3966,3983,0,3916,3758,3989,0,-0.8236,-0.3407,-0.4647,0.0610,0.1221,-0.1221,20.00,21.00,-16.00
720271,3924,3824,3453,3571,3966,3982,0,3919,3755,3988,0,-0.8229,-0.3394,-0.4662,0.6714,0.6104,-0.6104,20.00,21.00,-16.00
720333,3926,3825,3458,3576,3965,3979,0,3917,3760,3985,0,-0.8228,-0.3392,-0.4668,0.5493,0.9766,-0.5493,19.00,22.00,-19.00
720381,3926,3823,3469,3576,3968,3980,0,3917,3760,3984,0,-0.8278,-0.3389,-0.4652,0.6714,0.9155,-0.4272,19.00,22.00,-19.00
720444,3929,3818,3355,3600,3966,3981,0,3915,3762,3985,0,-0.8331,-0.3411,-0.4645,0.4883,-0.4272,0.3052,19.00,22.00,-20.00
720506,3935,3807,3414,3639,3968,3980,0,3920,3766,3985,1,-0.8269,-0.3412,-0.4663,0.3052,-1.2817,0.5493,19.00,21.00,-20.00
720554,3940,3794,3466,3657,3969,3980,0,3919,3765,3984,0,-0.8218,-0.3411,-0.4689,0.2441,-1.0986,0.3052,19.00,21.00,-20.00
720617,3939,3791,3465,3663,3971,3978,0,3919,3767,3988,0,-0.8208,-0.3361,-0.4677,0.6104,0.9155,-0.3662,19.00,20.00,-20.00
720678,3940,3794,3477,3655,3971,3980,0,3923,3769,3985,0,-0.8214,-0.3363,-0.4672,-0.0610,0.6104,0.0000,19.00,20.00,-20.00
720741,3937,3798,3493,3641,3967,3983,0,3921,3767,3986,0,-0.8259,-0.3370,-0.4662,0.3052,1.2207,-0.1831,20.00,22.00,-15.00
720803,3933,3806,3493,3630,3965,3985,0,3920,3765,3986,0,-0.8245,-0.3395,-0.4664,-0.0610,0.5493,0.1221,20.00,20.00,-19.00
720851,3931,3804,3498,3626,3964,3983,0,3919,3764,3986,0,-0.8285,-0.3385,-0.4656,0.1831,0.4272,0.0610,20.00,20.00,-19.00
720913,3935,3806,3507,3627,3968,3981,0,3918,3765,3988,0,-0.8226,-0.3374,-0.4670,0.2441,0.0000,0.2441,20.00,22.00,-21.00
720972,3934,3800,3507,3627,3965,3979,1,3919,3762,3987,0,-0.8248,-0.3379,-0.4656,0.1221,0.0610,0.1831,20.00,22.00,-21.00
721024,3935,3803,3514,3628,3968,3981,2,3919,3765,3987,0,-0.8264,-0.3384,-0.4658,0.0000,0.0610,0.1831,18.00,20.00,-21.00
721073,3934,3800,3502,3631,3964,3978,0,3921,3763,3986,0,-0.8240,-0.3380,-0.4658,-0.1831,0.0000,0.4272,18.00,20.00,-21.00
721135,3933,3803,3486,3628,3966,3980,0,3920,3766,3986,1,-0.8234,-0.3391,-0.4642,0.0000,0.1831,-0.0610,19.00,23.00,-22.00
721186,3935,3806,3485,3616,3963,3980,0,3920,3767,3988,0,-0.8232,-0.3383,-0.4655,0.1831,0.3662,-0.2441,19.00,23.00,-22.00
721234,3933,3808,3484,3626,3965,3983,0,3920,3765,3984,0,-0.8276,-0.3392,-0.4658,0.4272,0.5493,-0.3052,19.00,23.00,-22.00
721298,3935,3812,3421,3622,3965,3983,0,3921,3767,3985,0,-0.8267,-0.3370,-0.4646,0.3662,0.6104,-0.2441,20.00,20.00,-17.00
721346,3934,3816,3480,3612,3967,3982,0,3921,3762,3987,0,-0.8240,-0.3378,-0.4650,0.2441,0.5493,-0.1831,20.00,20.00,-17.00
721409,3924,3825,3471,3588,3965,3980,0,3913,3762,3985,0,-0.8314,-0.3385,-0.4634,0.1221,0.9766,0.0000,18.00,22.00,-19.00
721458,3923,3817,3467,3575,3959,3985,0,3921,3760,3987,0,-0.8256,-0.3385,-0.4635,-0.0610,-0.3662,0.2441,18.00,22.00,-19.00
721521,3920,3827,3462,3575,3966,3987,0,3919,3761,3987,0,-0.8270,-0.3383,-0.4639,0.1831,0.6104,0.0610,18.00,21.00,-18.00
721569,3919,3825,3461,3564,3966,3985,0,3919,3762,3987,0,-0.8263,-0.3378,-0.4639,0.1831,0.2441,0.0610,18.00,21.00,-18.00
721621,3920,3830,3460,3564,3966,3983,0,3918,3761,3989,0,-0.8267,-0.3374,-0.4634,0.1221,-0.0610,0.1831,18.00,22.00,-14.00
721670,3920,3829,3459,3562,3965,3986,0,3919,3758,3987,0,-0.8259,-0.3376,-0.4625,0.1831,0.1221,0.0610,18.00,22.00,-14.00
721734,3920,3830,3449,3558,3967,3982,0,3920,3756,3990,0,-0.8274,-0.3378,-0.4630,0.0610,-0.1221,0.1221,20.00,22.00,-21.00
721783,3918,3832,3450,3553,3967,3984,0,3917,3759,3988,0,-0.8250,-0.3386,-0.4639,0.0610,-0.1831,0.2441,20.00,22.00,-21.00
721835,3919,3832,3457,3551,3966,3984,1,3921,3758,3988,1,-0.8287,-0.3402,-0.4634,0.4272,-0.2441,0.0000,23.00,20.00,-18.00
721897,3921,3834,3460,3559,3967,3984,0,3920,3757,3987,0,-0.8237,-0.3384,-0.4651,0.3052,0.0000,0.1221,20.00,21.00,-17.00
721957,3921,3832,3463,3563,3967,3986,0,3919,3761,3990,0,-0.8260,-0.3396,-0.4661,0.0610,-0.3662,0.1221,20.00,21.00,-17.00
722021,3921,3834,3462,3564,3967,3983,0,3915,3756,3988,0,-0.8258,-0.3381,-0.4650,0.1221,-0.1221,0.2441,19.00,23.00,-19.00
722082,3920,3834,3463,3568,3966,3984,0,3921,3758,3983,0,-0.8289,-0.3409,-0.4653,0.1221,-0.6714,0.3052,19.00,23.00,-19.00
722145,3921,3834,3465,3568,3964,3984,0,3918,3758,3988,0,-0.8250,-0.3394,-0.4653,0.3052,-0.3052,0.1831,20.00,22.00,-17.00
722196,3922,3834,3467,3576,3967,3984,0,3920,3760,3983,0,-0.8258,-0.3390,-0.4656,0.2441,0.2441,0.0000,19.00,22.00,-21.00
722245,3921,3830,3473,3578,3969,3980,0,3920,3760,3985,1,-0.8237,-0.3389,-0.4653,0.0610,-0.3052,0.3052,19.00,22.00,-21.00
722296,3924,3831,3475,3586,3968,3985,0,3918,3762,3984,0,-0.8229,-0.3392,-0.4675,0.1831,-0.4883,0.1831,19.00,22.00,-20.00
722357,3925,3831,3488,3589,3966,3985,0,3920,3759,3987,3,-0.8245,-0.3383,-0.4657,0.1831,-0.1221,0.3662,19.00,22.00,-20.00
722420,3926,3830,3475,3595,3969,3983,1,3919,3762,3988,0,-0.8234,-0.3381,-0.4669,0.1831,0.3052,-0.0610,19.00,21.00,-20.00
722468,3931,3832,3477,3594,3968,3985,0,3918,3765,3989,0,-0.8252,-0.3392,-0.4662,0.1221,-0.1221,0.1831,19.00,21.00,-20.00
722532,3927,3832,3494,3596,3971,3983,0,3919,3762,3989,1,-0.8240,-0.3396,-0.4659,0.3052,0.4883,-0.1221,20.00,23.00,-19.00
722582,3929,3832,3499,3594,3968,3985,0,3924,3763,3987,0,-0.8253,-0.3380,-0.4662,0.2441,0.1831,0.0000,20.00,23.00,-19.00
722644,3928,3832,3498,3592,3968,3983,0,3921,3770,3989,0,-0.8245,-0.3385,-0.4667,0.0610,0.1221,0.0610,20.00,23.00,-22.00
722694,3927,3833,3494,3595,3968,3984,0,3918,3764,3985,0,-0.8254,-0.3379,-0.4651,0.0610,0.1831,0.0610,19.00,23.00,-21.00
722742,3929,3828,3497,3597,3964,3985,0,3919,3761,3982,0,-0.8236,-0.3398,-0.4662,0.1221,0.1221,0.0000,19.00,23.00,-21.00
722794,3927,3832,3496,3597,3968,3985,0,3919,3762,3988,0,-0.8235,-0.3397,-0.4652,0.4883,0.7935,-0.3662,20.00,20.00,-19.00
722843,3927,3829,3499,3597,3965,3985,4,3918,3764,3987,1,-0.8262,-0.3379,-0.4642,0.6714,1.5259,-0.4883,20.00,20.00,-19.00
722907,3925,3830,3501,3596,3967,3982,0,3918,3763,3985,2,-0.8285,-0.3364,-0.4651,0.3662,0.7324,-0.2441,20.00,21.00,-22.00
722958,3926,3831,3502,3593,3967,3985,0,3922,3763,3986,0,-0.8278,-0.3370,-0.4640,0.1831,0.6104,0.0000,20.00,21.00,-22.00
723009,3927,3830,3500,3592,3967,3984,0,3919,3764,3989,1,-0.8264,-0.3372,-0.4642,0.1831,0.3052,0.0610,22.00,20.00,-16.00
723059,3925,3827,3498,3592,3972,3984,0,3922,3764,3988,0,-0.8278,-0.3378,-0.4633,0.3662,0.4272,-0.1221,22.00,20.00,-16.00
723122,3924,3826,3501,3594,3967,3985,0,3919,3760,3987,1,-0.8273,-0.3356,-0.4637,0.3662,0.5493,-0.1831,19.00,22.00,-21.00
723171,3926,3830,3502,3596,3965,3983,0,3918,3766,3985,2,-0.8278,-0.3376,-0.4650,0.3052,0.1221,0.0610,19.00,22.00,-21.00
723235,3926,3830,3511,3600,3965,3983,0,3921,3763,3986,0,-0.8300,-0.3374,-0.4626,0.4883,0.1221,0.1831,20.00,23.00,-22.00
723283,3929,3826,3516,3605,3967,3983,0,3919,3761,3988,0,-0.8253,-0.3367,-0.4642,0.2441,-0.1831,0.1831,20.00,23.00,-22.00
723347,3931,3822,3528,3618,3969,3982,0,3922,3763,3986,3,-0.8237,-0.3351,-0.4640,0.1221,-0.8545,0.1221,20.00,22.00,-21.00
723397,3932,3821,3529,3621,3967,3983,0,3916,3764,3989,0,-0.8274,-0.3357,-0.4637,0.1831,-0.3662,0.1221,21.00,22.00,-21.00
723457,3932,3821,3537,3626,3970,3980,0,3919,3767,3988,0,-0.8253,-0.3373,-0.4659,0.1221,-0.1831,0.1221,21.00,22.00,-21.00
723521,3933,3822,3537,3626,3968,3984,0,3921,3761,3986,1,-0.8262,-0.3374,-0.4648,0.0610,-0.2441,0.1221,21.00,21.00,-18.00
723570,3935,3818,3537,3625,3967,3983,0,3920,3767,3986,0,-0.8251,-0.3376,-0.4658,0.0610,0.0610,0.1221,21.00,21.00,-18.00
723633,3929,3822,3534,3623,3970,3981,2,3921,3762,3988,1,-0.8269,-0.3374,-0.4661,0.1221,0.4883,0.0610,20.00,21.00,-20.00
723682,3933,3821,3493,3619,3969,3983,0,3919,3764,3988,2,-0.8247,-0.3384,-0.4661,-0.0610,-0.1831,0.1831,20.00,21.00,-20.00
723734,3930,3825,3502,3616,3964,3983,0,3922,3762,3988,0,-0.8254,-0.3378,-0.4658,0.0610,0.4272,-0.0610,19.00,22.00,-19.00
723782,3928,3828,3499,3606,3971,3983,1,3922,3765,3988,0,-0.8230,-0.3362,-0.4652,0.1831,0.9766,-0.2441,19.00,22.00,-19.00
723846,3924,3835,3490,3594,3970,3982,0,3916,3763,3985,0,-0.8278,-0.3394,-0.4644,0.1831,1.0986,-0.0610,20.00,22.00,-17.00
723896,3927,3830,3487,3589,3966,3985,0,3919,3760,3989,0,-0.8263,-0.3358,-0.4648,0.2441,0.6714,-0.0610,19.00,22.00,-19.00
723945,3925,3832,3480,3587,3966,3979,0,3919,3760,3988,2,-0.8267,-0.3375,-0.4626,0.1221,0.3052,-0.0610,19.00,22.00,-19.00
724008,3924,3832,3480,3582,3963,3982,0,3920,3762,3988,0,-0.8281,-0.3369,-0.4629,0.1831,0.1831,0.0000,20.00,23.00,-22.00
724058,3924,3833,3480,3584,3968,3983,0,3920,3761,3987,1,-0.8260,-0.3380,-0.4642,0.0000,-0.1831,0.1221,20.00,23.00,-22.00
724121,3925,3830,3481,3588,3965,3987,0,3917,3761,3987,1,-0.8259,-0.3372,-0.4640,0.1221,0.0000,0.0610,20.00,24.00,-21.00
724171,3922,3832,3482,3588,3969,3982,0,3921,3763,3986,0,-0.8292,-0.3385,-0.4639,0.2441,-0.0610,0.1831,20.00,24.00,-21.00
724232,3929,3830,3488,3594,3967,3985,0,3920,3764,3987,0,-0.8250,-0.3367,-0.4639,0.1221,-0.6104,0.2441,20.00,20.00,-14.00
724282,3926,3831,3491,3592,3969,3986,0,3921,3761,3988,0,-0.8269,-0.3383,-0.4640,0.2441,0.3052,0.1831,20.00,20.00,-14.00
724333,3927,3831,3495,3597,3969,3982,0,3921,3758,3989,0,-0.8264,-0.3369,-0.4639,0.3052,0.2441,-0.1221,21.00,20.00,-21.00
724395,3926,3830,3497,3598,3968,3983,0,3920,3760,3987,0,-0.8259,-0.3372,-0.4645,0.0610,-0.5493,0.1831,21.00,21.00,-23.00
724443,3929,3829,3494,3600,3966,3986,0,3925,3763,3988,0,-0.8243,-0.3383,-0.4674,-0.3662,-1.7090,0.6714,21.00,21.00,-23.00
724507,3928,3831,3497,3600,3976,3984,0,3921,3763,3990,1,-0.8245,-0.3381,-0.4656,0.2441,0.4272,-0.0610,19.00,22.00,-20.00
724556,3930,3832,3500,3600,3971,3990,1,3920,3764,3990,1,-0.8252,-0.3383,-0.4657,0.2441,0.1831,0.1221,19.00,22.00,-20.00
724619,3929,3832,3502,3601,3966,3985,0,3919,3763,3989,0,-0.8251,-0.3384,-0.4653,0.1831,0.3662,0.0000,20.00,20.00,-17.00
724667,3930,3830,3506,3601,3967,3984,0,3921,3761,3984,0,-0.8256,-0.3390,-0.4663,0.0610,-0.1221,0.1221,20.00,20.00,-17.00
724719,3928,3832,3500,3601,3968,3983,0,3921,3760,3986,0,-0.8258,-0.3391,-0.4658,0.1831,0.4883,-0.0610,19.00,22.00,-15.00
724769,3926,3834,3507,3600,3966,3985,0,3922,3762,3985,0,-0.8257,-0.3387,-0.4650,0.3052,0.6104,0.0610,19.00,22.00,-15.00
724821,3929,3832,3511,3599,3969,3984,0,3923,3758,3988,0,-0.8250,-0.3396,-0.4663,0.2441,0.1831,0.0000,20.00,24.00,-16.00
724871,3929,3830,3516,3599,3969,3984,0,3921,3761,3983,0,-0.8258,-0.3384,-0.4653,0.2441,0.4272,0.0610,20.00,24.00,-16.00
724934,3930,3831,3517,3599,3969,3983,0,3920,3758,3988,0,-0.8252,-0.3385,-0.4651,0.2441,0.6104,0.0000,20.00,21.00,-19.00
724983,3930,3829,3521,3599,3970,3983,0,3921,3763,3988,0,-0.8242,-0.3379,-0.4653,0.1831,0.3662,0.0000,20.00,21.00,-19.00
725035,3929,3831,3515,3600,3969,3985,0,3918,3761,3987,0,-0.8247,-0.3384,-0.4652,0.3052,0.4883,-0.1221,22.00,22.00,-24.00
725085,3928,3835,3519,3598,3965,3984,0,3918,3757,3987,0,-0.8250,-0.3381,-0.4650,0.2441,0.1831,0.0000,22.00,22.00,-24.00
725136,3926,3833,3514,3592,3966,3985,0,3919,3757,3987,0,-0.8267,-0.3378,-0.4634,0.3052,0.6714,-0.1831,19.00,19.00,-17.00
725186,3926,3836,3513,3589,3967,3986,0,3920,3761,3987,0,-0.8258,-0.3384,-0.4651,0.0610,0.4883,0.0610,19.00,19.00,-17.00
725238,3925,3836,3509,3587,3969,3984,0,3918,3761,3986,0,-0.8284,-0.3383,-0.4635,0.1831,0.3052,0.0000,20.00,22.00,-19.00
725286,3927,3837,3512,3588,3969,3985,0,3919,3758,3988,0,-0.8248,-0.3372,-0.4639,0.0610,-0.1221,0.1221,20.00,22.00,-19.00
725338,3924,3839,3510,3587,3968,3986,0,3921,3756,3988,0,-0.8267,-0.3375,-0.4640,0.1221,0.1221,0.1221,21.00,21.00,-16.00
725389,3927,3836,3510,3590,3968,3984,0,3919,3761,3990,0,-0.8258,-0.3383,-0.4642,0.2441,0.2441,0.0610,21.00,21.00,-16.00
725440,3925,3838,3505,3585,3966,3987,0,3921,3758,3988,0,-0.8263,-0.3369,-0.4633,0.1221,0.2441,0.0610,19.00,21.00,-17.00
725488,3926,3838,3501,3577,3966,3985,0,3921,3763,3987,0,-0.8268,-0.3385,-0.4647,0.1221,0.2441,0.0610,19.00,21.00,-17.00
725540,3918,3836,3500,3574,3968,3985,0,3917,3759,3984,0,-0.8265,-0.3381,-0.4635,0.2441,0.3662,0.0610,20.00,22.00,-20.00
725590,3924,3839,3499,3575,3968,3984,0,3918,3758,3986,0,-0.8267,-0.3387,-0.4634,0.1831,0.4883,-0.0610,20.00,22.00,-20.00
725652,3922,3840,3498,3572,3968,3982,0,3920,3753,3988,0,-0.8268,-0.3374,-0.4625,0.1221,-0.0610,0.0610,19.00,23.00,-20.00
725703,3922,3838,3492,3573,3965,3985,0,3919,3758,3987,0,-0.8267,-0.3378,-0.4633,0.1831,0.3052,0.0610,21.00,23.00,-21.00
725753,3921,3840,3485,3566,3964,3983,0,3918,3754,3987,0,-0.8280,-0.3379,-0.4645,0.1221,0.2441,0.0000,21.00,23.00,-21.00
725815,3920,3841,3482,3565,3965,3987,0,3919,3758,3989,0,-0.8279,-0.3381,-0.4635,0.1831,0.1221,0.1221,21.00,22.00,-17.00
725865,3921,3839,3484,3562,3964,3984,0,3920,3758,3988,0,-0.8267,-0.3386,-0.4639,0.1831,0.1221,0.1221,21.00,22.00,-17.00
725917,3920,3840,3480,3567,3968,3985,0,3915,3755,3987,0,-0.8281,-0.3380,-0.4639,0.3052,0.3662,-0.0610,21.00,21.00,-21.00
725977,3921,3838,3483,3566,3966,3985,0,3919,3757,3989,0,-0.8267,-0.3378,-0.4634,0.2441,0.4883,-0.0610,21.00,21.00,-21.00
726041,3921,3840,3483,3568,3966,3985,0,3918,3758,3987,0,-0.8265,-0.3375,-0.4635,0.1221,0.0610,0.0610,18.00,19.00,-16.00
726090,3924,3840,3484,3566,3967,3985,1,3921,3756,3987,0,-0.8273,-0.3370,-0.4633,0.1221,0.0000,0.0000,18.00,19.00,-16.00
726142,3920,3837,3482,3568,3964,3980,0,3920,3757,3986,0,-0.8274,-0.3381,-0.4644,0.1831,0.1221,0.0610,19.00,24.00,-19.00
726191,3918,3839,3484,3571,3964,3984,0,3919,3756,3987,0,-0.8271,-0.3370,-0.4629,0.0610,-0.3052,0.0610,19.00,24.00,-19.00
726254,3920,3839,3485,3570,3965,3985,2,3921,3759,3989,0,-0.8270,-0.3375,-0.4640,0.3052,0.2441,-0.1221,22.00,22.00,-16.00
726305,3923,3841,3484,3569,3966,3986,0,3920,3757,3988,0,-0.8262,-0.3390,-0.4642,0.1221,-0.0610,0.0610,18.00,22.00,-20.00
726354,3922,3837,3488,3574,3966,3986,0,3920,3756,3988,0,-0.8259,-0.3378,-0.4637,0.2441,0.3052,0.0000,18.00,22.00,-20.00
726405,3921,3837,3487,3576,3965,3981,0,3918,3758,3984,2,-0.8276,-0.3368,-0.4635,0.2441,-0.0610,0.0610,21.00,22.00,-16.00
726454,3923,3836,3495,3582,3969,3985,0,3921,3757,3988,0,-0.8265,-0.3378,-0.4629,0.1831,-0.0610,0.1221,21.00,22.00,-16.00
726506,3924,3837,3495,3582,3968,3982,1,3921,3760,3989,0,-0.8264,-0.3368,-0.4636,0.0610,-0.3052,0.1221,22.00,23.00,-16.00
726554,3925,3837,3499,3584,3968,3982,0,3919,3759,3987,0,-0.8268,-0.3380,-0.4656,0.1221,-0.0610,0.1221,22.00,23.00,-16.00
726618,3924,3837,3494,3581,3967,3986,0,3919,3757,3985,0,-0.8264,-0.3385,-0.4639,0.0000,-0.1831,0.1831,19.00,23.00,-20.00
726678,3927,3835,3496,3588,3967,3984,1,3917,3757,3986,0,-0.8256,-0.3385,-0.4651,-0.0610,-0.4883,0.3662,19.00,23.00,-20.00
726730,3920,3839,3492,3584,3968,3984,0,3920,3758,3990,0,-0.8267,-0.3389,-0.4666,0.0610,-0.1221,0.1221,18.00,20.00,-17.00
726778,3925,3837,3492,3583,3963,3984,0,3918,3758,3987,0,-0.8252,-0.3385,-0.4656,0.1221,-0.2441,0.2441,18.00,20.00,-17.00
726830,3926,3837,3498,3584,3967,3983,3,3920,3760,3989,0,-0.8257,-0.3387,-0.4648,0.1221,-0.1831,0.1831,19.00,23.00,-17.00
726890,3925,3834,3495,3586,3963,3987,0,3922,3758,3988,0,-0.8243,-0.3394,-0.4653,0.2441,0.2441,0.1221,19.00,23.00,-17.00
726942,3927,3837,3494,3588,3967,3985,1,3919,3760,3992,0,-0.8246,-0.3390,-0.4667,0.2441,0.3052,0.0610,22.00,24.00,-24.00
726993,3924,3833,3494,3590,3968,3983,3,3918,3759,3982,0,-0.8259,-0.3385,-0.4656,0.1221,0.3052,0.0000,22.00,24.00,-24.00
727055,3924,3836,3495,3585,3965,3981,0,3918,3758,3986,0,-0.8257,-0.3386,-0.4658,0.2441,-0.1831,0.1221,20.00,22.00,-17.00
727106,3926,3835,3494,3587,3966,3988,0,3918,3757,3982,0,-0.8241,-0.3381,-0.4661,0.2441,0.0610,0.1831,20.00,22.00,-18.00
727157,3924,3838,3498,3588,3966,3983,0,3921,3756,3988,0,-0.8245,-0.3392,-0.4663,0.1831,0.4272,0.0000,20.00,22.00,-18.00
727220,3926,3836,3498,3589,3967,3987,0,3920,3757,3987,1,-0.8245,-0.3390,-0.4659,0.2441,0.3052,0.0000,22.00,22.00,-22.00
727270,3925,3837,3497,3585,3967,3981,0,3923,3756,3986,0,-0.8247,-0.3381,-0.4664,0.2441,-0.1831,0.1221,22.00,22.00,-22.00
727321,3923,3837,3498,3589,3966,3985,0,3920,3760,3987,0,-0.8243,-0.3402,-0.4664,0.2441,0.3662,0.3052,21.00,21.00,-18.00
727371,3923,3837,3496,3585,3966,3983,0,3921,3759,3986,0,-0.8236,-0.3397,-0.4674,0.0000,-0.3052,0.1221,21.00,21.00,-18.00
727422,3923,3837,3502,3583,3963,3986,0,3920,3763,3986,0,-0.8259,-0.3387,-0.4668,0.1831,0.0610,0.1831,19.00,23.00,-23.00
727471,3924,3839,3496,3583,3969,3983,0,3925,3765,3987,0,-0.8240,-0.3400,-0.4679,0.3052,0.3052,0.1221,19.00,23.00,-23.00
727522,3924,3841,3493,3581,3968,3983,1,3920,3769,3985,0,-0.8237,-0.3385,-0.4653,0.2441,0.4272,0.0000,20.00,23.00,-19.00
727571,3925,3840,3492,3579,3966,3986,1,3920,3765,3989,0,-0.8245,-0.3385,-0.4659,0.1831,0.6714,0.0000,20.00,23.00,-19.00
727622,3922,3840,3487,3572,3966,3992,0,3920,3767,3987,0,-0.8239,-0.3389,-0.4657,0.0610,0.5493,-0.0610,18.00,23.00,-19.00
727672,3920,3842,3482,3565,3966,3983,0,3920,3766,3989,0,-0.8250,-0.3389,-0.4648,0.3662,1.0376,-0.1221,18.00,23.00,-19.00
727723,3919,3847,3477,3560,3965,3984,0,3919,3770,3985,0,-0.8264,-0.3402,-0.4657,0.2441,0.9155,-0.2441,19.00,19.00,-17.00
727772,3920,3842,3478,3558,3965,3988,0,3917,3760,3987,0,-0.8263,-0.3375,-0.4629,0.1831,0.4272,-0.1831,19.00,19.00,-17.00
727823,3921,3844,3477,3559,3968,3985,1,3919,3759,3989,0,-0.8253,-0.3387,-0.4651,0.3662,0.6104,-0.0610,20.00,19.00,-18.00
727874,3921,3847,3475,3557,3967,3983,0,3921,3761,3989,1,-0.8276,-0.3383,-0.4639,0.1831,0.1831,-0.0610,20.00,19.00,-18.00
727936,3921,3845,3474,3553,3966,3984,0,3919,3761,3986,0,-0.8263,-0.3383,-0.4645,0.1831,0.3052,0.0610,20.00,20.00,-20.00
727998,3922,3844,3476,3558,3967,3984,0,3918,3758,3986,0,-0.8270,-0.3389,-0.4630,0.2441,0.1831,-0.0610,20.00,20.00,-14.00
728049,3929,3846,3478,3556,3966,3985,0,3919,3760,3989,0,-0.8274,-0.3386,-0.4636,0.2441,0.3662,0.0000,20.00,20.00,-14.00
728112,3922,3842,3477,3562,3964,3985,0,3916,3757,3988,0,-0.8265,-0.3389,-0.4646,0.1221,-0.1221,0.0000,20.00,22.00,-21.00
728161,3921,3842,3479,3566,3968,3987,0,3921,3757,3990,0,-0.8268,-0.3381,-0.4642,0.1221,-0.2441,0.0610,20.00,22.00,-21.00
728212,3933,3841,3482,3570,3966,3985,0,3919,3758,3987,0,-0.8274,-0.3408,-0.4645,0.1831,0.3052,0.0610,19.00,23.00,-17.00
728261,3934,3836,3483,3573,3967,3986,0,3920,3754,3989,0,-0.8245,-0.3391,-0.4639,0.1221,-0.4272,0.0000,19.00,23.00,-17.00
728325,3938,3838,3484,3575,3963,3985,0,3917,3758,3985,0,-0.8267,-0.3387,-0.4650,0.2441,0.0000,0.0000,21.00,20.00,-18.00
728375,3941,3832,3487,3581,3968,3984,0,3919,3759,3989,0,-0.8260,-0.3379,-0.4645,0.4272,0.0610,-0.3052,21.00,20.00,-18.00
728438,3942,3831,3492,3590,3964,3984,0,3919,3759,3987,1,-0.8236,-0.3387,-0.4650,0.2441,-0.0610,0.0000,20.00,21.00,-19.00
728487,3943,3833,3495,3592,3970,3983,2,3920,3757,3988,0,-0.8252,-0.3376,-0.4650,0.1831,0.3052,-0.1221,20.00,21.00,-19.00
728550,3942,3831,3500,3596,3966,3983,0,3921,3760,3987,0,-0.8254,-0.3380,-0.4652,0.1831,0.5493,-0.1831,19.00,23.00,-19.00
728601,3942,3830,3501,3592,3965,3986,0,3918,3761,3983,0,-0.8271,-0.3372,-0.4646,0.1831,0.1221,0.0000,18.00,23.00,-12.00
728652,3944,3831,3501,3590,3964,3984,1,3921,3759,3987,0,-0.8259,-0.3372,-0.4642,0.0610,-0.7324,0.2441,18.00,23.00,-12.00
728703,3939,3833,3500,3594,3966,3982,0,3919,3757,3987,0,-0.8252,-0.3370,-0.4657,-0.0610,-1.3428,0.3662,20.00,22.00,-17.00
728752,3932,3833,3511,3595,3968,3981,0,3919,3758,3987,1,-0.8253,-0.3403,-0.4661,-0.0610,-0.4272,0.6104,20.00,22.00,-17.00
728815,3928,3833,3515,3600,3968,3984,1,3919,3757,3988,0,-0.8223,-0.3389,-0.4679,0.0000,-0.6104,0.4883,19.00,21.00,-16.00
728864,3933,3831,3518,3599,3967,3983,3,3920,3760,3987,0,-0.8246,-0.3395,-0.4662,0.1831,-0.3662,0.3662,19.00,21.00,-16.00
728927,3924,3831,3519,3602,3968,3980,0,3919,3758,3986,0,-0.8253,-0.3391,-0.4681,0.3052,0.3052,0.1221,20.00,20.00,-20.00
728988,3900,3831,3523,3611,3968,3984,0,3918,3763,3986,2,-0.8232,-0.3401,-0.4684,0.3052,0.0000,0.0610,20.00,20.00,-20.00
729050,3913,3830,3530,3613,3968,3981,0,3921,3758,3986,0,-0.8253,-0.3396,-0.4669,0.1831,0.4272,0.0000,19.00,22.00,-16.00
729100,3930,3834,3525,3615,3965,3981,0,3921,3762,3986,0,-0.8235,-0.3385,-0.4668,0.1221,0.4272,0.0610,20.00,19.00,-18.00
729161,3941,3832,3515,3606,3966,3982,0,3914,3756,3986,0,-0.8253,-0.3378,-0.4640,0.2441,-0.4272,-0.1221,20.00,19.00,-18.00
729223,3940,3834,3503,3596,3965,3983,0,3919,3756,3986,0,-0.8237,-0.3391,-0.4703,0.1831,0.0000,0.1221,20.00,20.00,-17.00
729284,3943,3837,3500,3584,3965,3984,0,3917,3756,3988,2,-0.8262,-0.3387,-0.4672,0.4883,1.8311,-0.3052,20.00,20.00,-17.00
729346,3937,3836,3499,3584,3968,3985,0,3918,3759,3987,0,-0.8257,-0.3384,-0.4655,0.3662,0.6104,0.0000,19.00,23.00,-22.00
729407,3940,3835,3496,3581,3965,3986,0,3920,3757,3991,0,-0.8257,-0.3381,-0.4659,0.1221,-0.1221,0.1831,18.00,22.00,-19.00
729467,3934,3837,3510,3584,3966,3983,0,3920,3757,3986,0,-0.8236,-0.3392,-0.4659,0.1831,0.7935,0.0610,18.00,22.00,-19.00
729529,3930,3839,3511,3583,3964,3985,0,3917,3756,3987,0,-0.8253,-0.3381,-0.4646,0.0610,-0.2441,0.1831,22.00,22.00,-17.00
729590,3931,3834,3512,3587,3966,3984,0,3920,3765,3989,0,-0.8259,-0.3380,-0.4652,0.1831,0.3052,0.0610,22.00,22.00,-17.00
729652,3930,3838,3509,3583,3967,3983,0,3921,3757,3986,0,-0.8256,-0.3386,-0.4652,0.3052,0.1831,-0.1221,21.00,22.00,-18.00
729702,3932,3835,3509,3585,3969,3985,0,3922,3760,3987,0,-0.8235,-0.3386,-0.4642,0.1221,0.3662,-0.0610,20.00,21.00,-21.00
729753,3935,3837,3507,3583,3966,3985,0,3920,3758,3988,0,-0.8258,-0.3383,-0.4657,0.1221,0.4272,-0.1221,20.00,21.00,-21.00
729804,3939,3840,3501,3577,3966,3984,1,3918,3759,3988,0,-0.8271,-0.3385,-0.4637,0.1831,0.4272,-0.1221,20.00,20.00,-18.00
729854,3937,3842,3491,3565,3966,3985,0,3918,3752,3989,0,-0.8259,-0.3380,-0.4656,0.1221,0.1221,0.0000,20.00,20.00,-18.00
729905,3936,3838,3485,3555,3967,3986,0,3920,3755,3988,0,-0.8257,-0.3378,-0.4653,0.2441,0.0610,-0.0610,23.00,22.00,-19.00
729953,3937,3842,3482,3554,3969,3985,0,3915,3751,3989,0,-0.8267,-0.3394,-0.4646,0.2441,0.4272,0.0000,23.00,22.00,-19.00
730005,3940,3837,3483,3554,3965,3984,0,3920,3753,3986,0,-0.8270,-0.3383,-0.4636,0.2441,0.3662,0.0000,21.00,20.00,-21.00
730066,3937,3841,3481,3554,3967,3983,0,3915,3752,3988,1,-0.8262,-0.3386,-0.4648,0.2441,0.2441,0.0000,21.00,20.00,-21.00
730118,3935,3841,3487,3553,3966,3987,1,3919,3751,3987,0,-0.8248,-0.3372,-0.4637,0.1831,-0.0610,0.0000,20.00,20.00,-22.00
730178,3927,3841,3492,3552,3966,3985,0,3920,3754,3990,0,-0.8257,-0.3398,-0.4647,0.0000,-0.7935,0.3662,20.00,20.00,-22.00
730242,3931,3842,3494,3555,3967,3985,0,3919,3754,3986,0,-0.8253,-0.3376,-0.4629,0.3052,0.6714,-0.0610,20.00,22.00,-21.00
730291,3929,3839,3497,3559,3968,3987,0,3919,3755,3988,0,-0.8256,-0.3383,-0.4648,0.2441,-0.2441,0.0610,20.00,22.00,-21.00
730355,3921,3840,3497,3556,3969,3988,0,3922,3754,3990,0,-0.8242,-0.3394,-0.4657,-0.0610,-0.6104,0.3052,19.00,22.00,-16.00
730417,3911,3841,3496,3557,3968,3986,1,3919,3756,3988,0,-0.8253,-0.3387,-0.4653,0.1831,0.4883,-0.0610,20.00,23.00,-23.00
730467,3881,3843,3497,3555,3965,3985,0,3919,3756,3989,0,-0.8262,-0.3379,-0.4646,0.3052,0.4883,-0.0610,20.00,23.00,-23.00
730520,3886,3841,3497,3562,3969,3983,0,3916,3758,3989,0,-0.8259,-0.3391,-0.4646,0.0610,0.0000,0.0610,23.00,21.00,-18.00
730568,3887,3839,3496,3563,3966,3984,0,3917,3758,3986,0,-0.8250,-0.3394,-0.4661,0.4883,1.4648,-0.2441,23.00,21.00,-18.00
730632,3891,3841,3495,3566,3966,3983,0,3920,3758,3985,0,-0.8269,-0.3378,-0.4631,0.3052,0.3662,-0.2441,20.00,21.00,-16.00
730681,3893,3841,3496,3564,3966,3987,1,3921,3757,3985,0,-0.8270,-0.3378,-0.4641,0.2441,0.0610,0.0000,20.00,21.00,-16.00
730744,3890,3842,3499,3566,3967,3986,0,3919,3755,3984,0,-0.8257,-0.3383,-0.4640,0.3052,0.0000,0.0610,20.00,20.00,-22.00
730794,3895,3843,3496,3566,3968,3984,0,3919,3752,3987,1,-0.8250,-0.3384,-0.4661,0.1831,0.2441,0.1221,20.00,20.00,-22.00
730857,3893,3844,3496,3560,3968,3984,1,3916,3755,3987,0,-0.8274,-0.3373,-0.4620,0.2441,0.5493,-0.1831,21.00,23.00,-18.00
730908,3894,3843,3496,3560,3967,3987,0,3921,3755,3986,1,-0.8273,-0.3387,-0.4655,0.2441,-0.1831,0.1221,22.00,20.00,-21.00
730957,3896,3841,3495,3556,3964,3986,0,3918,3753,3985,0,-0.8262,-0.3383,-0.4631,0.1221,0.3662,-0.0610,22.00,20.00,-21.00
731021,3894,3842,3491,3560,3967,3984,0,3919,3842,3986,0,-0.8269,-0.3381,-0.4636,0.1831,0.6714,-0.0610,19.00,23.00,-18.00
731070,3891,3841,3488,3558,3966,3984,0,3919,3850,3987,0,-0.8268,-0.3365,-0.4640,0.2441,0.6714,0.0000,19.00,23.00,-18.00
731132,3890,3842,3482,3559,3966,3983,0,3917,3791,3989,0,-0.8253,-0.3365,-0.4636,0.3662,1.3428,-0.1831,20.00,22.00,-20.00
731180,3892,3839,3483,3555,3962,3985,0,3917,3753,3987,0,-0.8271,-0.3367,-0.4618,0.0610,-0.4272,0.2441,20.00,22.00,-20.00
731244,3891,3844,3484,3561,3965,3984,0,3919,3756,3986,0,-0.8265,-0.3381,-0.4642,0.3052,0.4883,0.0000,19.00,20.00,-18.00
731293,3893,3839,3481,3562,3966,3984,0,3919,3796,3989,0,-0.8282,-0.3373,-0.4623,0.3052,1.0986,-0.1221,19.00,20.00,-18.00
731345,3894,3838,3482,3559,3965,3986,0,3918,3755,3989,0,-0.8273,-0.3367,-0.4628,0.1831,0.0000,-0.0610,18.00,21.00,-19.00
731393,3892,3845,3482,3559,3964,3985,0,3919,3756,3986,0,-0.8279,-0.3364,-0.4608,0.3052,0.3052,0.0000,18.00,21.00,-19.00
731456,3896,3842,3482,3553,3965,3984,0,3916,3753,3983,0,-0.8271,-0.3368,-0.4631,0.2441,0.4272,-0.1221,20.00,21.00,-16.00
731507,3898,3839,3483,3560,3967,3986,0,3916,3755,3989,0,-0.8279,-0.3373,-0.4624,0.0610,0.1221,-0.0610,20.00,23.00,-16.00
731555,3898,3840,3481,3560,3966,3980,0,3921,3753,3983,0,-0.8278,-0.3368,-0.4624,0.1831,0.0610,0.0610,20.00,23.00,-16.00
731608,3898,3843,3488,3562,3966,3986,1,3919,3754,3989,0,-0.8275,-0.3372,-0.4628,0.1831,-0.2441,0.0610,18.00,23.00,-19.00
731656,3900,3842,3486,3567,3967,3985,0,3918,3757,3985,0,-0.8303,-0.3365,-0.4624,0.2441,-0.2441,0.0000,18.00,23.00,-19.00
731720,3897,3842,3486,3570,3963,3984,0,3916,3754,3988,0,-0.8268,-0.3372,-0.4640,0.1221,-0.3052,0.2441,19.00,22.00,-21.00
731769,3900,3843,3485,3569,3967,3985,0,3919,3752,3986,0,-0.8273,-0.3365,-0.4622,0.3662,0.4883,-0.1221,19.00,22.00,-21.00
731821,3904,3840,3495,3583,3968,3984,1,3919,3754,3988,0,-0.8337,-0.3414,-0.4639,0.5493,-0.2441,-0.0610,20.00,22.00,-25.00
731870,3910,3835,3524,3604,3966,3984,0,3918,3753,3987,1,-0.8236,-0.3397,-0.4630,0.6104,-1.2207,0.0610,20.00,22.00,-25.00
731933,3916,3830,3539,3618,3965,3981,0,3922,3759,3985,0,-0.8253,-0.3329,-0.4650,0.7935,0.6104,-0.2441,20.00,23.00,-22.00
731993,3918,3842,3542,3633,3972,3985,0,3921,3757,3990,0,-0.8069,-0.3334,-0.4602,1.1597,1.2817,-2.6245,20.00,23.00,-22.00
732056,3890,3859,3522,3602,3974,3983,1,3918,3757,3989,564,-0.8353,-0.3285,-0.4619,1.2817,2.6855,-3.1738,21.00,21.00,-20.00
732118,3843,3867,3467,3534,3976,3989,2,3922,3750,3992,0,-0.8518,-0.3234,-0.4613,1.5869,4.8828,-1.0376,21.00,23.00,-16.00
732178,3768,3867,3354,3141,3972,3990,1,3921,3798,3989,0,-0.8384,-0.3176,-0.4568,-3.5400,1.4648,2.6245,21.00,23.00,-16.00
732242,3451,3851,2854,1864,3965,3985,3650,3915,3697,3988,1,-0.8491,-0.3621,-0.4603,-9.9487,-2.6245,10.0098,22.00,20.00,-21.00
732290,2288,3528,1822,1257,3915,3941,3099,3904,3393,3942,0,-0.9281,-0.4276,-0.4783,4.4556,-6.7749,12.6343,22.00,20.00,-21.00
732353,1476,1097,821,364,2930,3535,0,3821,3010,3338,0,-1.3438,-1.2518,0.1156,165.2832,3.7842,57.6172,22.00,23.00,-21.00
732401,1421,1137,763,643,2897,3534,0,3816,2966,3372,0,-0.7633,-0.8837,0.4081,5.3711,59.7534,-17.5781,22.00,23.00,-21.00
732465,1313,1135,802,724,2643,3501,0,3814,2948,3316,0,-0.6776,-0.7728,0.2606,-85.2051,19.2871,41.6870,24.00,24.00,-18.00
732516,1320,843,858,930,2417,3439,0,3793,2926,3246,1,-1.0623,-0.7048,-0.1693,-78.9185,65.6738,59.9365,19.00,27.00,-20.00
732565,1414,921,919,917,2139,3417,0,3778,3010,3221,0,-1.0653,-0.4622,-0.4076,-80.2612,119.9341,45.0439,19.00,27.00,-20.00
732628,1442,806,879,1052,1991,3401,1,3776,2969,3190,526,-1.1755,-0.2297,-0.6477,-99.9756,31.1890,7.8125,13.00,32.00,-18.00
732677,1502,712,880,1102,2047,3393,0,3778,2946,3198,526,-0.7587,-0.0671,-0.6215,-94.9097,14.1602,17.3340,13.00,32.00,-18.00
732739,1582,624,862,1153,2165,3375,0,3776,2946,3175,529,-0.7754,-0.3024,-0.8164,-11.7187,-9.6436,-13.0005,10.00,33.00,-14.00
732788,1587,638,857,1056,2202,3387,0,3767,2924,3181,529,-0.6779,-0.1807,-0.5842,-4.2114,-28.8696,-13.3057,10.00,33.00,-14.00
732851,1331,3784,879,419,2980,3982,0,3787,2502,3925,532,-1.6650,-0.0540,0.0833,164.8559,-119.5679,-143.4326,10.00,32.00,-19.00
732900,1039,3845,1121,533,3562,3991,1577,3850,2974,3974,531,-0.8514,-0.2668,-0.4331,56.3354,-159.1187,-30.3345,10.00,32.00,-19.00
732964,3806,3848,3014,3092,3969,3985,3765,3913,3560,3988,0,-0.7153,-0.2062,-0.5735,14.4653,4.6387,-29.7241,18.00,27.00,-25.00
733015,3902,3864,3246,3607,3973,3985,3927,3920,3848,3988,0,-0.8457,-0.2832,-0.4806,4.1504,-11.4746,-10.8643,22.00,23.00,-30.00
733064,3908,3864,3119,3654,3972,3984,3940,3917,3898,3990,0,-0.8369,-0.3157,-0.5139,5.3711,11.5967,-0.9766,22.00,23.00,-30.00
733128,3913,3849,3142,3667,3965,3984,3943,3917,3899,3986,0,-0.8226,-0.3237,-0.4803,-7.2632,-11.5356,3.2349,20.00,23.00,-29.00
733176,3921,3841,3115,3696,3966,3984,3949,3916,3901,3987,0,-0.8115,-0.3179,-0.4836,0.4883,0.7935,-1.7090,20.00,23.00,-29.00
733240,3916,3836,3149,3695,3971,3985,3953,3920,3904,3988,0,-0.8086,-0.3182,-0.4849,-0.4883,0.4883,-1.0986,20.00,24.00,-29.00
733288,3913,3830,3223,3699,3971,3982,3961,3919,3908,3987,552,-0.8855,-0.3544,-0.4744,0.9155,6.4087,-1.7090,20.00,24.00,-29.00
733351,3961,3666,3374,3784,3983,3964,3974,3923,3932,3983,539,-0.8718,-0.2860,-0.4829,-2.6855,-38.0859,-2.5024,20.00,22.00,-30.00
733399,3981,1668,3432,3826,3977,3737,3980,3926,3978,3919,0,-0.7227,-0.3955,-0.5278,-3.4180,-36.6821,0.6104,20.00,22.00,-30.00
733462,3984,3,3489,3840,2780,1859,0,3923,3696,1538,484,-1.3528,-0.5515,-0.6293,66.2231,-96.4966,-33.8135,22.00,22.00,-28.00
733524,3975,2,2936,3732,2229,1620,8,3900,3310,1084,404,-2.1652,-1.4263,-0.4412,227.1118,-280.0293,-106.8726,28.00,11.00,-33.00
733584,2895,966,867,1781,707,3438,0,3695,3284,2992,490,0.4518,-1.5317,0.9323,293.1519,-340.6372,-120.9106,28.00,11.00,-33.00
733647,2598,379,715,770,922,3268,0,3527,2698,2887,505,-0.5544,-0.7152,0.4634,65.1245,156.4941,34.2407,43.00,-1.00,-30.00
733709,2179,284,867,585,1375,3224,0,3611,2772,2889,511,-0.4475,-0.3676,0.4937,-122.5586,151.0010,153.5645,41.00,12.00,-28.00
733769,1581,1,843,659,1402,3003,0,3693,2697,2611,509,-1.1379,-0.8612,0.0452,-197.2656,187.8662,193.7256,41.00,12.00,-28.00
733832,1685,0,860,954,963,2737,0,3692,2844,2111,512,-2.2283,-0.4951,-0.7618,-200.1343,204.1626,176.8188,23.00,29.00,-26.00
733892,1667,0,884,1212,777,2408,0,3701,2890,1685,509,-1.3068,0.0668,-2.2235,-259.2163,93.9331,91.8579,23.00,29.00,-26.00
733954,1666,1,883,1096,1359,2468,2949,3800,2936,2010,508,-0.6715,1.4623,-3.4700,-157.2876,31.7993,13.3667,7.00,30.00,-9.00
734016,1349,3796,946,318,3314,3980,2103,3865,2541,3921,512,-1.7639,-0.9678,0.7837,196.2280,-79.0405,-211.0596,11.00,30.00,-20.00
734076,3584,3848,2435,517,3960,3983,2901,1,3607,3986,0,-0.3706,-0.1710,-0.6453,62.7441,-210.6323,-44.0674,11.00,30.00,-20.00
734139,3912,3861,3281,3674,3972,3988,1,3935,3802,3987,0,-0.8024,-0.3280,-0.5190,11.7187,15.5029,-4.8218,18.00,26.00,-26.00
734199,3910,3860,3217,3714,3968,3982,3939,3935,3807,3989,0,-0.8402,-0.2701,-0.5436,-16.6016,-42.6636,1.8311,18.00,26.00,-26.00
734262,3855,3847,3006,3682,3945,3979,3924,3928,3857,3985,0,-0.8403,-0.3131,-0.4620,2.5635,33.7524,0.8545,16.00,24.00,-25.00
734312,3844,3832,2908,3694,3941,3982,3931,3927,3824,3980,0,-0.8301,-0.3110,-0.4525,-11.1694,-14.7705,6.2256,18.00,24.00,-24.00
734360,3899,3819,3131,3730,3958,3978,3950,3930,3294,3985,0,-0.7992,-0.3279,-0.5001,3.1128,-4.8218,-2.1362,18.00,24.00,-24.00
734412,3941,3800,3349,3749,3972,3980,3966,3937,3632,3988,551,-0.8589,-0.2944,-0.4773,-2.6855,-48.8281,-3.1128,18.00,23.00,-26.00
734461,3967,3614,3442,3807,3979,3955,3975,3926,3884,3976,537,-0.8955,-0.3557,-0.5424,3.0518,-35.3394,-2.0142,18.00,23.00,-26.00
734524,3979,1,3487,3851,3909,2539,1,3990,3961,3309,0,-1.6443,-0.7267,-0.8386,13.5498,-22.1558,-10.6812,17.00,22.00,-29.00
734573,3980,0,3514,3856,1534,1513,0,3894,3836,1411,451,-2.3065,-1.0731,-0.8560,95.7031,-143.2495,-32.9590,17.00,22.00,-29.00
734637,3947,0,2179,3568,1969,1563,3912,3860,3897,798,425,-2.4169,-1.8519,-0.7030,315.6128,-389.6484,-165.5273,29.00,9.00,-34.00
734686,2362,1230,693,1188,800,3561,0,3560,2913,3037,501,1.7355,-1.2332,2.2689,243.1640,-216.9800,-73.6084,29.00,9.00,-34.00
734749,2247,334,768,631,512,3282,2233,3541,2887,2786,507,-0.6626,-0.9049,0.4424,-32.2876,208.4350,66.8335,42.00,-2.00,-29.00
734798,2076,115,803,655,516,3233,0,3621,2891,2755,510,-0.7183,-0.4691,0.4821,-110.0464,213.2568,182.1899,42.00,-2.00,-29.00
734861,1966,0,803,423,660,3064,0,3686,2892,2559,514,-1.3862,-0.6185,0.1279,-186.4624,251.4038,216.3086,36.00,12.00,-31.00
734911,2044,0,859,427,777,2874,0,3700,2781,2197,509,-2.5234,-0.3945,-0.8286,-229.6753,229.0649,196.7163,14.00,32.00,-25.00
734960,1944,535,942,4,1217,3361,1920,3756,2363,2811,514,-0.8987,0.3182,-2.3099,-256.3477,80.2002,107.2998,14.00,32.00,-25.00
735022,2402,635,870,2,1465,3408,1869,3825,2381,3008,510,-1.3711,1.0867,-3.9917,-78.9185,10.6201,35.5835,4.00,33.00,-13.00
735082,2490,3841,1088,974,3325,3987,1436,3899,2283,3960,519,-1.4325,-0.3865,0.2072,171.5698,-149.8413,-99.1821,4.00,33.00,-13.00
735146,3869,3839,3239,3257,3963,3977,3740,3929,3871,3983,0,-0.3418,-0.0168,-0.6978,13.5498,-73.3032,-50.2319,14.00,29.00,-19.00
735194,3925,3857,3499,3688,3970,3983,1,3933,3709,3987,0,-0.8073,-0.2891,-0.5187,5.6152,-5.6152,-6.8970,14.00,29.00,-19.00
735258,3925,3849,3484,3700,3975,3981,3932,3932,3711,3986,0,-0.8621,-0.2876,-0.4829,-3.5400,-8.6060,3.5400,16.00,29.00,-21.00
735306,3922,3833,3439,3648,3962,3981,3922,3933,3656,3982,0,-0.8357,-0.3043,-0.4528,0.0000,19.7144,3.1128,16.00,29.00,-21.00
735369,3896,3816,3431,3613,3965,3980,3874,3931,3870,3983,0,-0.8328,-0.3176,-0.4424,-4.2114,-6.5918,4.2114,18.00,27.00,-19.00
735419,3903,3809,3532,3683,3972,3980,0,3932,3837,3981,0,-0.8524,-0.3235,-0.4327,3.9062,-3.9062,-5.4321,16.00,30.00,-19.00
735467,3952,3730,3463,3801,3969,3972,3968,3933,3965,3977,563,-0.8892,-0.3115,-0.4792,4.5166,-48.0957,-14.3433,16.00,30.00,-19.00
735531,3983,2793,3602,3857,3965,3879,3980,3936,3915,3942,531,-0.8119,-0.3667,-0.5360,-5.4321,-47.8516,9.3994,16.00,26.00,-23.00
735579,3988,2,3562,3871,3462,2199,0,3937,3986,2765,1,-2.0889,-0.8634,-0.8030,41.9311,-65.9180,-12.9395,16.00,26.00,-23.00
735632,3981,0,3516,3874,984,1324,0,3913,3989,1245,448,-1.9235,-1.1409,-0.8396,113.2202,-160.8276,-31.2500,17.00,21.00,-30.00
735681,3972,1,2439,3778,1987,1371,3955,3874,3948,849,416,-2.2021,-1.8069,-0.4209,310.8521,-257.3242,-133.1177,17.00,21.00,-30.00
735744,3040,1153,600,1385,182,3584,2328,3472,3071,3016,510,0.8428,-1.1232,1.8761,279.9072,-371.4599,-20.6909,36.00,1.00,-27.00
735793,2778,66,682,821,676,3207,0,3490,2947,2765,514,-1.2606,-0.7360,0.6675,-149.1699,172.4243,-42.4805,36.00,1.00,-27.00
735856,2465,119,737,896,711,3287,1,3620,2887,2747,514,-0.0804,-0.7520,0.3896,-154.9683,133.1177,65.8569,36.00,-1.00,-28.00
735905,2240,0,786,549,747,3149,0,3648,2776,2604,517,-0.9299,-0.7681,0.1959,-140.1367,281.5552,131.2256,36.00,-1.00,-28.00
735968,2335,0,764,140,924,3012,0,3699,2537,2279,518,-1.9932,-0.7927,-0.4410,-155.7617,280.4565,185.2417,26.00,11.00,-21.00
736018,2693,1,793,138,866,2768,1,3709,2327,1845,517,-2.4835,-0.2817,-1.8794,-222.5952,232.1167,188.5986,13.00,19.00,-9.00
736067,3088,0,727,2,999,2911,1756,3720,2158,2170,520,-1.3579,1.3394,-3.9286,-200.4394,86.2427,53.3447,13.00,19.00,-9.00
736130,2225,3691,805,3,2972,3973,1810,3858,1999,3890,519,-1.3125,-1.2302,0.3619,99.9145,-177.9175,-229.6753,12.00,17.00,-15.00
736191,3552,3855,1640,940,3884,3986,736,3900,2759,3981,0,-0.5806,-0.1438,-0.5371,98.9990,-167.8467,-73.1201,12.00,17.00,-15.00
736254,3910,3858,3185,3596,3978,3983,1,3919,3770,3989,0,-0.8253,-0.1671,-0.5468,11.4746,-10.5591,-11.9629,20.00,13.00,-19.00
736302,3921,3862,3204,3691,3978,3984,3944,3919,3926,3986,0,-0.8754,-0.2698,-0.4408,0.7935,18.9209,-7.3853,20.00,13.00,-19.00
736366,3900,3842,3078,3688,3967,3980,3939,3928,3951,3988,0,-0.8347,-0.3107,-0.5117,3.6621,22.7661,8.1177,20.00,12.00,-24.00
736416,3882,3811,3069,3700,3953,3980,3937,3925,3942,3982,0,-0.8341,-0.3016,-0.4165,-4.2725,10.5591,-2.6855,17.00,13.00,-18.00
736464,3884,3795,3184,3726,3957,3978,3949,3928,3947,3981,0,-0.8439,-0.3390,-0.4564,-4.3945,-21.2402,1.3428,17.00,13.00,-18.00
736527,3951,3650,3467,3823,3974,3961,3972,3933,3965,3977,554,-0.8972,-0.2731,-0.4482,9.0942,-27.6489,-16.2964,18.00,11.00,-17.00
736576,3978,2669,3563,3860,3955,3869,3980,3937,3941,3937,531,-0.7775,-0.3597,-0.5426,-1.8311,-57.3120,0.9766,18.00,11.00,-17.00
736640,3989,3,3571,3879,2495,1793,0,3923,3987,1983,516,-1.4144,-0.6099,-0.6771,49.3774,-91.3086,-7.0801,21.00,9.00,-19.00
736700,3985,1,3185,3877,1427,1391,3917,3884,3979,869,452,-1.9838,-1.3599,-0.7483,168.6401,-190.7348,-79.4067,21.00,9.00,-19.00
736764,3913,2,1793,3498,1816,1138,3880,3772,3926,516,449,-2.0247,-1.3557,-1.1686,342.5903,-340.6982,-172.9126,28.00,3.00,-24.00
736814,2518,355,609,1311,288,3360,0,3430,2968,2845,507,1.6602,0.0764,1.7863,236.0840,-155.7007,37.2925,40.00,-8.00,-16.00
736863,2520,146,618,809,434,3228,0,3448,3014,2712,513,-0.6176,-0.4601,0.4990,-23.8647,170.6543,40.0391,40.00,-8.00,-16.00
736925,2294,0,716,947,532,3189,0,3607,3010,2697,517,-0.4645,-0.5374,0.4900,-151.7944,165.7104,141.7847,38.00,0.00,-21.00
736973,2092,0,758,740,641,3072,0,3656,2981,2513,515,-1.1864,-0.7418,0.0665,-191.2842,206.2378,184.9365,38.00,0.00,-21.00
737037,2098,0,834,746,617,2759,0,3674,2943,1968,515,-2.2899,-0.8173,-0.7706,-230.4687,220.5200,192.9931,22.00,19.00,-21.00
737086,2145,0,819,733,871,2317,0,3726,2783,1715,516,-1.8560,-0.4388,-1.9565,-276.4893,177.2461,155.8838,22.00,19.00,-21.00
737149,2635,0,699,235,1085,2706,2443,3822,2605,2089,517,-0.5179,2.1453,-4.0000,-159.9731,-84.4726,25.7568,5.00,23.00,-13.00
737197,1595,3660,853,247,3517,3954,2014,3797,2034,3886,516,-0.5209,-1.1495,-0.4409,127.8686,-83.6792,-275.3906,5.00,23.00,-13.00
737261,3559,3861,1799,981,3914,3986,1745,3898,2957,3982,0,-0.5668,-0.2720,-0.5718,119.9341,-230.0415,-67.4438,11.00,22.00,-16.00
737309,3926,3863,3246,3687,3979,3984,3920,3982,3722,3988,0,-0.8929,-0.0983,-0.6196,0.9766,-58.2886,-24.8413,11.00,22.00,-16.00
737373,3940,3858,3294,3750,3975,3981,3949,3919,3892,3990,1,-0.8644,-0.2609,-0.5078,-11.8408,-17.7612,0.0610,14.00,18.00,-21.00
737423,3943,3832,3311,3743,3972,3984,3947,3920,3837,3983,0,-0.7950,-0.2893,-0.5393,1.8921,22.5220,10.5591,16.00,16.00,-22.00
737471,3934,3794,3327,3703,3968,3978,3939,3919,3907,3984,0,-0.8026,-0.3445,-0.4922,-1.5869,15.1367,-2.2583,16.00,16.00,-22.00
737523,3927,3789,3352,3674,3972,3976,3938,3917,3884,3980,0,-0.7958,-0.3218,-0.4789,-5.1880,-25.4517,1.8311,14.00,18.00,-27.00
737574,3947,3720,3384,3752,3976,3968,3965,3923,3923,3980,0,-0.8927,-0.3571,-0.5029,15.1978,-11.1084,-8.7280,14.00,18.00,-27.00
737636,3981,2871,3613,3850,3967,3890,3976,3925,3909,3944,1,-0.7581,-0.2551,-0.5363,3.8452,-34.1797,-5.1270,13.00,18.00,-26.00
737684,3990,2,3671,3869,3807,2769,0,3943,3878,3342,0,-1.8973,-0.8030,-0.7942,9.2773,-38.6963,-2.5635,13.00,18.00,-26.00
737748,3985,0,3555,3875,1387,1189,0,3926,3760,1270,448,-1.6459,-0.8855,-0.7689,83.6182,-140.7471,-29.3579,19.00,16.00,-20.00
737796,3981,1,2641,3821,2048,1228,0,3889,3876,948,406,-2.3950,-1.7482,-0.5848,242.9809,-239.2578,-85.8154,19.00,16.00,-20.00
737859,3558,0,795,2383,757,2639,0,3669,3691,2174,478,-1.2833,-1.3285,-0.1807,285.0952,-407.7148,-40.7104,31.00,-2.00,-24.00
737908,2827,0,563,1284,333,3125,1,3479,2965,2734,507,-0.0632,0.4681,1.1064,-28.3813,226.8066,19.5313,31.00,-2.00,-24.00
737971,2664,0,705,1094,563,3204,0,3551,2820,2714,513,-0.0775,-0.4456,0.6384,-134.9487,178.8330,144.9585,35.00,-7.00,-23.00
738021,2416,0,768,858,468,3027,1,3626,2714,2592,510,-1.0122,-0.7477,0.3062,-217.2851,244.5679,174.8047,27.00,10.00,-30.00
738070,2319,0,782,689,378,2806,0,3677,2844,2238,511,-1.7041,-0.9198,-0.3882,-221.9238,254.9438,187.2558,27.00,10.00,-30.00
738131,2438,0,779,474,508,2633,0,3751,2512,1779,516,-2.4722,-0.1627,-1.5632,-230.4687,221.6186,154.9072,13.00,26.00,-14.00
738180,2973,0,774,79,923,2749,1888,3732,2298,2046,514,-1.3472,0.8304,-3.6195,-200.0732,151.8555,81.7871,13.00,26.00,-14.00
738241,2464,3368,858,139,2246,3924,1517,3770,1983,3773,519,-0.5819,-1.3007,-1.5903,36.2549,-146.3623,-162.4756,5.00,29.00,-17.00
738289,3613,3863,1132,1049,3452,3987,1071,3866,1721,3978,523,-0.5142,-0.0873,-0.7761,201.0498,-132.4463,-66.4063,5.00,29.00,-17.00
738352,3921,3847,3372,3499,3974,3984,0,3919,3886,3987,0,-0.7753,-0.1100,-0.5588,4.3335,-78.6133,-41.8701,18.00,23.00,-22.00
738400,3939,3859,3470,3684,3977,3982,3936,3932,3939,3988,0,-0.8127,-0.2799,-0.5107,3.5400,11.2915,0.3662,18.00,23.00,-22.00
738463,3928,3849,3415,3631,3973,3982,3922,3928,3927,3987,0,-0.8254,-0.3114,-0.5154,-6.3477,-2.5635,6.7139,20.00,23.00,-22.00
738525,3914,3826,3397,3598,3963,3978,3908,3931,3936,3979,0,-0.8171,-0.3326,-0.4592,-4.2114,8.0566,0.7324,16.00,24.00,-19.00
738573,3915,3808,3463,3624,3964,3979,3918,3931,3943,3986,0,-0.8129,-0.3363,-0.4850,-1.7700,-5.0049,1.4038,16.00,24.00,-19.00
738636,3943,3757,3606,3730,3974,3971,3957,3937,3938,3980,1,-0.8743,-0.3378,-0.4844,14.6484,5.8594,-14.0991,19.00,24.00,-26.00
738696,3979,3166,3741,3832,3976,3918,3974,3929,3952,3964,529,-0.8811,-0.3209,-0.4967,0.1831,-15.7471,1.5869,19.00,24.00,-26.00
738760,3986,1,3768,3858,3721,1847,0,3925,3975,2810,492,-2.0616,-0.8629,-0.7108,17.1509,-53.8330,-5.1880,17.00,22.00,-24.00
738822,3983,0,3540,3865,1594,1204,0,3913,3967,1337,414,-2.2939,-1.3243,-0.8079,144.1040,-193.5425,-53.5278,21.00,13.00,-25.00
738870,3971,1,2327,3649,2071,1152,0,3885,3768,823,407,-2.5514,-1.6667,-0.3621,319.7021,-333.2519,-140.9302,21.00,13.00,-25.00
738934,2865,679,482,1182,320,3535,0,3541,3162,2996,502,2.1506,-0.3737,2.4938,252.8076,-316.5894,38.0249,36.00,-10.00,-20.00
738983,2663,0,641,1083,348,3073,2440,3509,2984,2728,508,-1.0945,-1.1112,0.4719,-93.2617,258.9111,-48.7061,36.00,-10.00,-20.00
739045,2329,1,799,906,462,3125,0,3598,2951,2668,509,-0.5485,-0.4651,0.4454,-127.8076,202.6367,130.4321,33.00,1.00,-24.00
739093,2146,0,817,620,380,3016,0,3655,2963,2560,511,-1.0409,-0.7039,0.1295,-194.7021,238.1592,168.0908,33.00,1.00,-24.00
739156,2172,0,775,702,481,2652,2390,3692,2864,2006,512,-2.1653,-1.0105,-1.0551,-210.6323,249.3896,191.8335,21.00,16.00,-26.00
739204,2268,1,854,356,666,2657,2302,3726,2528,1934,511,-2.1279,-0.1439,-2.2408,-227.1728,236.7554,166.3818,21.00,16.00,-26.00
739267,2649,1,771,377,876,2698,2403,3815,2513,2112,510,-0.4272,1.5256,-3.9324,-113.2812,-43.6401,-9.7046,5.00,24.00,-16.00
739317,1551,3807,883,528,3268,3978,1690,3813,2053,3931,517,-1.5513,-0.5127,0.1555,162.5366,-102.7222,-256.5918,10.00,23.00,-17.00
739365,3722,3843,2055,541,3941,3982,2130,3917,3203,3986,0,-0.4927,-0.0099,-0.6960,87.2192,-173.2788,-58.3496,10.00,23.00,-17.00
739428,3930,3844,3363,3697,3976,3983,3938,3982,3804,3987,0,-0.7789,-0.3629,-0.5298,4.2114,-24.0478,0.7324,14.00,20.00,-21.00
739476,3939,3853,3374,3736,3975,3983,3952,3983,3814,3989,0,-0.8582,-0.2905,-0.4799,-1.7090,1.8311,-2.8076,14.00,20.00,-21.00
739539,3947,3830,3442,3743,3976,3983,3952,3920,3794,3984,0,-0.8169,-0.3163,-0.5037,3.7231,20.2026,5.0049,13.00,18.00,-24.00
739589,3942,3787,3455,3740,3969,3974,3951,3919,3807,3983,0,-0.8127,-0.3062,-0.4741,-4.2725,-6.4697,-2.6245,13.00,18.00,-24.00
739651,3951,3669,3541,3760,3974,3965,3957,3923,3852,3980,0,-0.8247,-0.3627,-0.5082,3.7231,-7.9956,-1.5869,14.00,22.00,-21.00
739699,3962,3397,3609,3795,3976,3941,3971,3924,3874,3970,0,-0.8643,-0.3030,-0.4919,12.4512,0.5493,-12.0239,14.00,22.00,-21.00
739763,3979,1,3679,3843,3968,3624,3979,3925,3974,3882,0,-0.7399,-0.2241,-0.5134,-8.2397,-26.6113,-1.4038,16.00,20.00,-18.00
739812,3989,0,3707,3863,3716,1553,1,3989,3990,2345,474,-1.2454,-0.4078,-0.5916,18.8599,-81.2378,8.9111,16.00,20.00,-18.00
739874,3987,0,3611,3868,1089,1039,0,3925,3986,964,429,-2.0748,-1.2977,-0.8821,112.7930,-144.7144,-36.5601,16.00,16.00,-19.00
739936,3966,0,2453,3673,2124,1099,0,3901,3800,717,396,-2.5643,-1.5717,-0.4214,326.7212,-305.2368,-138.1836,28.00,6.00,-26.00
739986,2971,0,564,2055,331,2637,2950,3616,3492,2340,481,-1.1079,-1.9510,0.2605,304.4434,-421.8139,-68.9087,28.00,6.00,-26.00
740050,2389,0,595,878,251,2939,0,3524,3054,2526,501,-1.2207,-0.7742,0.5671,-123.5351,286.0107,-32.8979,41.00,-8.00,-17.00
740099,2186,0,656,1134,316,3091,0,3605,3012,2558,503,-0.1317,-0.5060,0.4178,-125.1221,191.8945,171.3257,41.00,-8.00,-17.00
740163,2101,0,725,854,338,2957,0,3659,2991,2357,506,-1.0978,-0.6962,0.0508,-193.7866,239.9902,184.9365,37.00,6.00,-25.00
740225,2080,0,691,767,366,2623,0,3704,2911,1863,504,-2.2163,-0.7784,-0.8928,-224.9145,246.8872,196.1059,23.00,22.00,-21.00
740274,2230,2,688,461,738,2453,2,3736,2566,1748,509,-2.1890,-0.2092,-2.2227,-276.9165,204.3457,167.4805,23.00,22.00,-21.00
740338,2584,0,710,84,986,3065,2304,3822,2322,2494,508,-0.8416,1.2323,-4.0000,-110.1684,-66.7725,-6.8359,10.00,27.00,-16.00
740386,1733,3837,916,924,3211,3982,1522,3890,1978,3947,515,-2.1008,-0.5322,0.7639,164.2456,-117.6758,-211.6699,10.00,27.00,-16.00
740449,3809,3840,2738,1998,3960,3981,3550,974,3470,3980,0,-0.0757,-0.0562,-0.8876,24.8413,-149.4141,-37.2925,22.00,24.00,-23.00
740509,3925,3846,3308,3670,3977,3983,0,3918,3957,3990,0,-0.8336,-0.2640,-0.5067,7.6904,7.3242,-3.2349,22.00,24.00,-23.00
740572,3931,3844,3269,3690,3972,3978,3943,3915,3952,3984,0,-0.8589,-0.3075,-0.4904,-3.0518,-12.5122,3.2959,24.00,21.00,-23.00
740622,3933,3814,3408,3699,3970,3974,3944,3915,3962,3980,0,-0.8424,-0.3234,-0.4561,2.5635,17.5781,2.1973,23.00,20.00,-25.00
740682,3941,3714,3528,3740,3968,3964,3948,3929,3966,3975,0,-0.8308,-0.3225,-0.4716,-3.6621,-19.3481,4.5776,23.00,20.00,-25.00
740744,3962,3394,3639,3791,3973,3936,3961,3923,3973,3969,0,-0.8763,-0.3494,-0.4550,10.8643,-23.0713,-13.8550,22.00,21.00,-26.00
740792,3981,1680,3704,3833,3968,3765,3976,3933,3979,3920,0,-0.7644,-0.2438,-0.5132,2.4414,-30.2124,-5.1270,22.00,21.00,-26.00
740856,3985,1,3560,3864,3685,1561,0,3939,3987,2588,488,-1.2264,-0.3416,-0.5731,24.2920,-76.9043,4.3335,22.00,17.00,-27.00
740904,3988,0,3801,3874,1063,983,0,3740,3987,1039,444,-1.8921,-1.2712,-0.9103,68.2983,-126.7700,-12.6953,22.00,17.00,-27.00
740968,3974,1,2926,3793,2214,936,3949,3896,3968,838,377,-2.5680,-1.7533,-0.3605,291.5039,-253.4790,-96.3135,27.00,12.00,-31.00
741030,3090,880,592,1745,569,3604,2394,3607,3311,3141,487,0.2008,-1.6000,0.7969,282.4097,-368.4082,118.4082,43.00,-6.00,-23.00
741090,2714,0,657,897,694,3116,1988,3534,2816,2807,505,-1.0265,-1.3563,0.5183,-62.1338,212.8296,-55.6030,43.00,-6.00,-23.00
741153,2466,0,709,1149,740,3144,0,3562,2886,2717,509,-0.6177,-0.4176,0.5623,-119.9951,217.2241,135.8032,43.00,3.00,-22.00
741201,2267,1,701,865,766,3013,0,3636,2926,2498,512,-1.2095,-0.6077,0.1754,-209.4726,248.5351,165.4663,43.00,3.00,-22.00
741263,2255,1,728,567,800,2660,0,3694,2710,1978,513,-2.2710,-0.8474,-0.9705,-268.9819,222.1680,192.4438,27.00,23.00,-23.00
741313,2365,589,830,203,1461,3455,1,3741,2104,3079,513,-0.8438,0.2700,-2.6567,-232.4219,132.2632,41.9922,27.00,23.00,-23.00
741377,2770,305,855,1,1320,3311,1968,3765,2140,2892,515,-0.9061,1.1426,-4.0000,-75.0122,-81.0547,-54.2603,10.00,28.00,-18.00
741428,1347,3838,926,867,3419,3981,1486,3840,2093,3952,518,-2.0123,-0.2535,0.2383,211.4868,-117.7368,-196.4111,12.00,23.00,-18.00
741487,3830,3842,2940,1713,3962,3982,3509,22,3758,3990,0,-0.0167,-0.0077,-0.8630,41.9922,-121.0327,-54.4434,12.00,23.00,-18.00
741539,3923,3854,3473,3654,3973,3982,3927,3985,3897,3989,1,-0.7866,-0.3590,-0.5216,7.9346,10.1318,-5.3101,17.00,20.00,-27.00
741599,3936,3856,3484,3685,3977,3983,3945,3921,3796,3988,0,-0.8599,-0.2826,-0.4867,-6.9580,-13.0615,-0.1831,17.00,20.00,-27.00
741662,3929,3828,3521,3631,3976,3982,3936,3920,3823,3984,0,-0.8203,-0.3229,-0.4844,3.8452,26.0010,5.3711,16.00,18.00,-26.00
741710,3928,3794,3548,3624,3973,3978,3936,3936,3824,3987,0,-0.8184,-0.3334,-0.4785,-5.3101,-6.9580,0.4883,16.00,18.00,-26.00
741774,3948,3671,3673,3695,3979,3964,3958,3939,3867,3982,0,-0.8103,-0.3229,-0.4891,11.1084,0.1831,-7.6904,18.00,19.00,-26.00
741824,3967,3345,3736,3770,3982,3937,3970,3941,3905,3972,1,-0.8868,-0.3109,-0.4833,9.0942,-10.4370,-7.4463,19.00,18.00,-30.00
741872,3981,0,3761,3842,3967,3614,3978,3943,3946,3890,1,-0.7383,-0.2308,-0.5267,-9.5825,-39.4897,1.7700,19.00,18.00,-30.00
741935,3989,2,3803,3864,3158,1421,0,839,3987,1569,480,-1.2159,-0.5298,-0.6307,33.5083,-98.1445,8.1177,19.00,15.00,-25.00
741983,3988,1,3705,3864,1754,1014,0,3934,3981,1268,405,-2.3700,-1.4998,-0.9437,142.2729,-167.3584,-53.0395,19.00,15.00,-25.00
742046,3952,1,2140,3538,2101,969,0,3871,3956,720,399,-2.8441,-1.3096,-0.6732,362.7319,-392.2119,-158.3252,32.00,0.00,-31.00
742094,2759,739,451,1444,283,3551,0,3615,3203,3017,494,2.1460,-0.6030,2.4425,253.9673,-369.0185,39.7339,32.00,0.00,-31.00
742157,2653,0,661,1268,340,3046,0,3609,2955,2638,502,-0.6332,-1.1379,0.2778,-73.8525,257.3242,-31.6772,41.00,-10.00,-27.00
742205,2430,0,687,1120,340,3085,1,3626,2962,2643,500,-0.6200,-0.4487,0.4553,-107.5439,243.9575,116.5771,41.00,-10.00,-27.00
742269,2189,0,743,996,339,2938,1,3678,2970,2461,506,-1.0663,-0.6517,0.0918,-201.4770,234.4971,175.3540,34.00,7.00,-29.00
742317,2305,0,782,1063,358,2594,0,3692,2835,2007,505,-2.1643,-0.9303,-0.8519,-201.1108,266.2354,218.5669,34.00,7.00,-29.00
742380,2640,0,780,974,730,2181,0,3725,2327,1674,507,-1.9568,-0.1326,-2.3783,-280.7617,172.7295,139.8926,14.00,24.00,-29.00
742430,2830,0,798,325,948,2550,0,3758,2190,1997,509,-0.4863,1.5013,-3.9706,-175.3540,-126.3428,22.5220,0.00,23.00,-15.00
742478,1576,3825,843,810,3222,3976,0,3816,1779,3934,513,-1.6350,-0.6975,0.4191,180.6030,-115.6616,-219.1772,0.00,23.00,-15.00
742542,3850,3854,2644,240,3967,3986,3443,3917,3675,3986,0,-0.0199,-0.0812,-0.8365,65.1855,-175.7202,-69.3359,12.00,20.00,-28.00
742590,3940,3851,3477,3634,3979,3987,1,3939,3943,3988,0,-0.7832,-0.3661,-0.5775,0.3662,-17.7612,0.9766,12.00,20.00,-28.00
742653,3951,3842,3556,3717,3980,3982,3948,3938,3954,3985,0,-0.8361,-0.3103,-0.5177,-5.7983,-19.2261,2.0142,10.00,16.00,-28.00
742713,3951,3801,3585,3699,3978,3977,3942,3938,3965,3986,0,-0.8087,-0.3346,-0.4867,1.0986,21.8506,2.1973,10.00,16.00,-28.00
742776,3950,3744,3604,3691,3975,3973,3943,3922,3950,3983,0,-0.7966,-0.3109,-0.4882,-5.5542,-18.3105,8.3008,9.00,19.00,-24.00
742826,3954,3704,3657,3675,3976,3966,3951,3930,3972,3984,0,-0.7980,-0.3437,-0.5046,9.2773,7.0190,-8.1787,7.00,19.00,-26.00
742886,3973,3326,3735,3777,3981,3935,3969,3925,3976,3971,0,-0.8427,-0.3031,-0.5284,13.9160,-31.8603,-10.8643,7.00,19.00,-26.00
742949,3986,1,3795,3849,3952,3063,2,3925,3975,3726,0,-1.4861,-0.6163,-0.7513,-10.9253,-23.1323,-5.3711,9.00,18.00,-23.00
742998,3986,1,3808,3865,2088,1214,0,3924,3991,1548,478,-1.3198,-0.7333,-0.6737,51.5137,-94.4214,-14.0381,9.00,18.00,-23.00
743061,3979,0,3300,3852,2035,1064,0,3905,3972,1381,383,-2.3391,-1.6780,-0.6666,233.9477,-268.4937,-74.6460,14.00,12.00,-33.00
743123,3830,1,1181,2941,1422,983,0,3780,3874,592,441,-1.5361,-1.1868,-0.6803,320.6787,-439.1479,-140.8081,32.00,-13.00,-25.00
743172,2726,135,468,983,282,3279,0,3469,2933,2722,504,2.0797,1.1365,1.9581,62.0728,36.9263,69.1528,32.00,-13.00,-25.00
743235,2532,0,655,1055,340,3170,1,3521,2874,2612,504,-0.0168,-0.6265,0.3605,-85.9985,194.0307,86.3037,32.00,-6.00,-23.00
743283,2388,4,757,681,324,3097,0,3544,2993,2483,504,-0.8303,-0.6132,0.2274,-166.3818,253.9062,121.4600,32.00,-6.00,-23.00
743346,2150,1,721,854,322,2784,0,3622,2940,2234,508,-1.5586,-0.8656,-0.4078,-245.0561,239.0747,170.7764,20.00,8.00,-24.00
743406,2073,0,772,872,323,2300,1,3681,2901,1743,508,-2.3906,-0.4551,-1.4495,-220.4590,207.6416,185.9131,20.00,8.00,-24.00
743470,2396,0,810,581,500,2510,0,3732,2718,2059,508,-0.8984,0.7598,-3.3688,-219.6045,29.2358,54.7485,4.00,18.00,-18.00
743518,1926,1566,759,3,1123,3736,0,3758,2320,3344,508,-0.9708,0.4647,-3.3555,21.0571,-130.5542,-136.8408,4.00,18.00,-18.00
743582,3183,3859,1221,990,3534,3988,0,3858,2566,3978,513,-0.5161,-0.1632,-0.7156,187.0727,-128.1738,-50.9033,3.00,20.00,-21.00
743644,3914,3853,3390,3454,3978,3985,0,3984,3922,3993,0,-0.7314,-0.1382,-0.6292,7.7515,-87.8296,-24.7803,10.00,13.00,-25.00
743692,3933,3857,3485,3656,3977,3983,3931,3985,3940,3989,0,-0.8149,-0.2924,-0.4911,9.7046,29.1138,-10.2539,10.00,13.00,-25.00
743756,3929,3838,3477,3641,3975,3980,3933,3982,3962,3989,0,-0.7878,-0.3527,-0.5593,4.0283,13.4277,0.0000,10.00,11.00,-28.00
743804,3928,3820,3509,3629,3976,3978,3932,3918,3959,3983,0,-0.8013,-0.3317,-0.4805,-4.6387,2.6245,4.2114,10.00,11.00,-28.00
743868,3930,3779,3576,3656,3979,3977,3942,3919,3962,3985,0,-0.7908,-0.3700,-0.5310,-0.9766,-17.7002,-1.7090,6.00,15.00,-23.00
743917,3949,3703,3676,3686,3981,3969,3958,3919,3970,3982,1,-0.8207,-0.3368,-0.5403,11.5967,-13.6719,-5.4932,6.00,15.00,-23.00
743981,3972,3010,3766,3798,3979,3909,3975,3923,3978,3965,0,-0.7513,-0.2977,-0.5614,12.4512,-12.2070,-6.4697,11.00,10.00,-26.00
744031,3987,0,3795,3844,3955,2873,3975,3924,3983,3695,0,-1.5547,-0.6228,-0.7563,-19.4092,-23.0103,9.2773,11.00,12.00,-24.00
744092,3987,1,3694,3862,1499,1159,0,3539,3985,1298,455,-1.1917,-0.6930,-0.7122,67.2607,-124.7559,-21.3013,11.00,12.00,-24.00
744155,3977,1,3034,3798,2187,1000,0,3903,3977,1011,384,-2.1921,-1.6439,-0.5770,261.2305,-257.6294,-90.1489,15.00,5.00,-34.00
744204,3877,1,1196,2851,1452,963,0,3787,3885,586,440,-1.9535,-1.4047,-0.9297,324.4018,-430.1147,-120.8496,15.00,5.00,-34.00
744267,2599,0,447,1474,252,3121,0,3506,3094,2659,499,0.0157,0.6964,1.0692,22.6440,85.9985,47.4853,35.00,-15.00,-21.00
744329,2507,0,666,1138,333,3047,0,3601,3001,2551,501,-0.1167,-0.4574,0.4910,-118.8354,179.2602,122.7417,31.00,-2.00,-26.00
744390,2434,1,649,960,430,2803,1,3630,2947,2468,503,-1.1278,-0.5836,0.2163,-190.8569,263.3057,139.2212,31.00,-2.00,-26.00
744452,2567,0,750,407,738,2295,0,3726,2760,1940,506,-1.9271,-1.3191,-1.0548,-207.8857,217.0410,192.9321,20.00,10.00,-21.00
744513,2644,0,797,424,1018,1678,0,3859,2873,1343,506,-1.5015,-0.2649,-2.3083,-257.9346,85.0220,139.7705,20.00,10.00,-21.00
744575,2947,0,732,216,1058,2287,0,3788,2432,1851,505,0.3011,0.7446,-3.9698,-166.6870,85.5102,-29.1138,10.00,14.00,-18.00
744637,1266,3839,984,912,3411,3988,0,3843,2152,3952,511,-2.0482,-0.4855,0.4690,224.6094,-94.6655,-212.0361,12.00,16.00,-24.00
744696,3853,3853,3108,3006,3970,3981,0,3920,3894,3990,0,-0.0380,0.0775,-0.8682,20.5078,-155.2124,-63.7817,12.00,16.00,-24.00
744760,3932,3857,3501,3689,3976,3983,3933,3981,3958,3991,0,-0.7406,-0.3478,-0.5708,7.9346,14.0381,-6.1646,16.00,11.00,-21.00
744820,3936,3850,3521,3682,3976,3980,3940,3983,3921,3987,0,-0.7894,-0.3390,-0.5569,-3.1738,-9.2163,2.7466,16.00,11.00,-21.00
744883,3931,3821,3537,3628,3977,3981,3934,3925,3956,3985,2,-0.8136,-0.3329,-0.5045,-0.1221,12.9395,3.2349,16.00,9.00,-23.00
744945,3943,3715,3632,3690,3979,3967,3944,3927,3927,3984,0,-0.7715,-0.3696,-0.5453,0.4883,-22.7051,-2.1973,16.00,10.00,-21.00
744993,3962,3438,3712,3745,3978,3944,3963,3927,3951,3969,2,-0.8060,-0.3396,-0.5532,17.8223,-4.0894,-6.9580,16.00,10.00,-21.00
745056,3982,953,3789,3812,3978,3704,0,3929,3977,3922,1,-0.7367,-0.3052,-0.5778,1.1597,-8.0566,-4.2725,18.00,10.00,-22.00
745105,3987,1,3815,3845,3924,2282,0,3931,3974,3428,489,-1.3606,-0.3437,-0.6450,17.0288,-57.9834,1.5869,18.00,10.00,-22.00
745167,3984,0,3821,3853,1327,1055,3946,3989,3985,1228,446,-1.0521,-0.7771,-0.7472,54.9927,-102.9053,-18.0664,18.00,8.00,-22.00
745216,3982,1,3560,3835,2321,944,3947,3919,3986,1198,377,-2.2187,-1.6335,-0.7133,195.8618,-203.7964,-66.2842,18.00,8.00,-22.00
745279,3898,0,1500,2856,1444,952,0,3822,3895,603,432,-1.8792,-1.4869,-0.6439,325.2563,-438.9038,-135.4370,28.00,-2.00,-24.00
745329,2359,520,516,1583,348,3407,0,3677,3212,2830,490,1.8279,0.5997,2.2820,312.6221,-296.9971,48.3398,37.00,-14.00,-14.00
745390,2454,0,674,1340,596,2730,0,3668,2955,2434,501,-1.1217,-1.5928,0.4049,-173.4619,330.1391,101.7456,37.00,-14.00,-14.00
745453,2276,0,692,1010,586,2695,0,3682,2778,2469,502,-1.3511,-0.7687,0.1967,-214.5996,344.5434,159.9731,31.00,0.00,-19.00
745502,2266,1,718,673,722,2576,0,3727,2745,2060,503,-1.7594,-1.0963,-0.4373,-239.1357,257.2632,181.9458,31.00,0.00,-19.00
745565,2253,0,749,568,693,2264,0,3725,2698,1664,504,-1.6975,-0.6696,-2.0599,-184.8755,188.0493,132.5684,32.00,9.00,-33.00
745614,2512,0,774,467,849,2297,0,3756,2598,1823,502,-1.2522,1.0452,-2.9414,-172.3633,136.3525,134.5215,32.00,9.00,-33.00
745677,2072,1568,799,0,1423,3703,0,3773,2188,3310,508,-0.8060,0.3977,-2.7928,35.8276,-169.1894,-120.6665,9.00,26.00,-32.00
745727,3227,3860,1055,1225,3233,3986,1272,3856,2045,3969,516,-1.3196,-0.1354,-0.2013,200.0122,-168.0908,-81.0547,20.00,20.00,-33.00
745787,3919,3863,3352,3479,3975,3984,3847,3981,2647,3988,0,-0.3176,-0.0496,-0.8293,3.8452,-128.9062,-38.4521,20.00,20.00,-33.00
745850,3944,3860,3507,3760,3975,3984,3954,3984,3959,3988,564,-0.7880,-0.3091,-0.5138,9.8877,17.8223,-8.9722,22.00,15.00,-38.00
745898,3938,3848,3478,3777,3964,3981,3953,3921,3952,3984,0,-0.8068,-0.3196,-0.5662,-0.7935,-5.8594,6.1646,22.00,15.00,-38.00
745962,3928,3805,3446,3781,3933,3978,3952,3918,3955,3981,0,-0.8015,-0.3385,-0.4731,-2.8687,15.5640,1.5259,21.00,15.00,-36.00
746010,3924,3787,3465,3790,3933,3975,3955,3919,3958,3976,0,-0.7734,-0.3529,-0.5507,-11.2915,-42.4805,1.4648,21.00,15.00,-36.00
746074,3957,3696,3627,3826,3961,3968,3974,3924,3962,3979,562,-0.8396,-0.3400,-0.5431,16.6626,4.2114,-10.4370,20.00,13.00,-38.00
746122,3980,2983,3711,3857,3963,3907,3979,3928,3955,3949,543,-0.8768,-0.3507,-0.5518,0.2441,-30.5786,-1.4038,20.00,13.00,-38.00
746185,3984,0,3754,3873,3139,1905,3976,3977,3961,2892,519,-1.7684,-0.6544,-0.7423,48.4619,-73.0591,-16.4795,22.00,13.00,-38.00
746247,3988,1,3424,3875,1600,1113,0,3909,3968,1488,443,-1.9198,-1.4587,-0.9833,166.9311,-160.4004,-67.6880,27.00,6.00,-36.00
746308,3952,1,1896,3574,1952,1065,3918,3809,3938,581,437,-2.4210,-1.5715,-0.7664,399.5971,-350.4638,-178.6499,27.00,6.00,-36.00
746371,3063,274,432,1237,126,3326,0,3416,2855,2865,513,1.2102,0.6991,1.6056,22.2168,135.5591,44.0063,47.00,-19.00,-23.00
746420,2915,172,592,790,452,3246,0,3474,2792,2770,515,-0.0272,-0.8845,0.3456,-110.5347,131.3477,97.5952,47.00,-19.00,-23.00
746482,2758,0,708,737,598,3097,0,3592,2803,2516,518,-0.7378,-0.5986,0.2943,-177.6123,199.4629,185.7910,45.00,-9.00,-29.00
746544,2533,0,663,714,724,2907,0,3647,2763,2179,517,-1.5144,-0.5007,-0.1340,-202.2095,219.8486,211.9140,33.00,12.00,-38.00
746605,2472,0,723,625,759,2462,0,3687,2691,1722,518,-2.3898,-0.3888,-1.3967,-281.1890,208.4961,189.2090,33.00,12.00,-38.00
746668,2784,0,807,162,901,2512,0,3792,2553,2054,516,-1.1151,0.4816,-3.6934,-207.5195,77.5146,31.2500,10.00,28.00,-31.00
746730,1530,3643,738,1,3259,3970,0,3838,2141,3888,518,0.0452,-1.4880,-1.2659,217.1631,-196.7163,-213.3179,14.00,28.00,-36.00
746791,3760,3849,2655,405,3963,3983,3129,3917,3581,3987,0,0.0392,-0.0618,-0.9552,90.9424,-173.3398,-65.2466,14.00,28.00,-36.00
746853,3918,3849,3408,3640,3977,3984,3920,3981,3927,3989,566,-0.7561,-0.3618,-0.5295,3.4790,-0.7324,-3.2349,22.00,20.00,-38.00
746902,3940,3846,3470,3723,3980,3983,3950,3985,3919,3987,563,-0.8118,-0.3430,-0.5286,-0.5493,-3.2959,2.9297,22.00,20.00,-38.00
746965,3950,3805,3606,3744,3975,3978,3951,3920,3967,3987,558,-0.8132,-0.3148,-0.5145,4.4556,11.9019,2.0752,19.00,21.00,-39.00
747025,3947,3701,3630,3762,3969,3969,3956,3921,3968,3978,4,-0.8136,-0.3481,-0.4967,-6.8970,-23.8037,2.3804,19.00,21.00,-39.00
747088,3966,3461,3693,3793,3972,3947,3965,3926,3968,3970,1,-0.7847,-0.3673,-0.5377,12.9395,-5.5542,-6.4087,20.00,20.00,-34.00
747138,3974,2827,3748,3830,3970,3889,3975,3930,3956,3954,0,-0.8218,-0.3518,-0.5560,14.3433,-13.1836,-10.0708,22.00,19.00,-38.00
747188,3982,2,3786,3854,3951,3235,3979,3939,3962,3774,0,-1.2444,-0.4136,-0.6548,-8.0566,-6.5308,1.0376,22.00,19.00,-38.00
747250,3989,0,3791,3869,2346,1213,0,2,3983,1306,492,-1.1818,-0.8621,-0.7314,25.1465,-96.1914,4.5776,22.00,14.00,-40.00
747299,3986,2,3584,3868,1605,970,1,3919,3978,1331,420,-2.2072,-1.5098,-0.9431,148.1323,-143.9819,-63.2935,22.00,14.00,-40.00
747361,3933,1,1941,3510,1881,1071,3906,3838,3815,569,427,-2.4752,-1.7621,-0.9940,373.9624,-327.6977,-134.2773,37.00,0.00,-37.00
747411,2638,225,403,1204,434,3258,0,3566,3178,2794,500,2.2665,-0.4325,2.5048,229.3091,-97.6562,-27.5879,37.00,0.00,-37.00
747474,2527,0,594,1176,488,3092,0,3525,3042,2589,507,-0.2749,-0.6340,0.3844,-71.2280,148.4985,33.1421,50.00,-9.00,-24.00
747523,2331,0,645,1151,611,3041,0,3564,3018,2406,512,-0.3961,-0.5659,0.3766,-184.0820,168.5791,146.6064,50.00,-9.00,-24.00
747586,2155,0,639,778,644,2683,0,3640,3010,2092,510,-1.1693,-0.8569,-0.1626,-245.9106,211.6089,181.8848,41.00,5.00,-37.00
747636,2063,0,714,722,764,2288,1,3678,2937,1741,512,-2.1752,-0.7749,-1.2158,-255.4931,198.9136,217.8345,29.00,1.00,-25.00
747685,2155,0,751,620,812,2031,0,3720,2794,1573,512,-1.8491,-0.4204,-2.4849,-271.2402,209.9609,131.2866,29.00,1.00,-25.00
747748,2518,0,848,665,923,2520,0,3822,2775,1951,512,-0.9366,2.1544,-4.0000,-132.2021,-16.7236,66.3452,-4.00,30.00,-36.00
747797,1435,3752,792,140,3498,3983,0,3815,2227,3924,517,-1.2047,-0.8501,0.3302,181.0303,-86.5478,-255.0049,-4.00,30.00,-36.00
747859,3747,3858,2642,396,3960,3984,3240,3917,3612,3989,0,-0.0304,-0.0354,-0.8882,68.9087,-179.4433,-58.1055,7.00,24.00,-47.00
747907,3915,3857,3503,3636,3975,3984,3927,3984,3952,3986,0,-0.7742,-0.2987,-0.5731,5.8594,1.7700,-2.0752,7.00,24.00,-47.00
747959,3933,3855,3536,3717,3977,3980,3950,3983,3840,3990,2,-0.8124,-0.3313,-0.5376,0.3662,-18.0054,3.7231,11.00,20.00,-48.00
748007,3938,3839,3540,3719,3979,3983,3949,3981,3953,3991,0,-0.7937,-0.3154,-0.5490,-0.3052,2.5635,4.6387,11.00,20.00,-48.00
748070,3933,3798,3542,3732,3961,3976,3946,3982,3955,3985,0,-0.7764,-0.3396,-0.5155,-7.6294,-9.8877,5.4321,14.00,21.00,-49.00
748132,3939,3767,3575,3770,3964,3974,3958,3985,3957,3983,4,-0.7705,-0.3607,-0.5569,7.6904,-0.0610,-6.1646,11.00,20.00,-45.00
748182,3960,3622,3670,3813,3971,3962,3970,3983,3963,3975,558,-0.8485,-0.3351,-0.5515,14.4043,5.0659,-10.1318,11.00,20.00,-45.00
748243,3981,2050,3733,3854,3963,3828,3977,3985,3971,3925,0,-0.6949,-0.3285,-0.5822,-0.8545,-23.4985,-1.8921,11.00,22.00,-50.00
748293,3985,0,3791,3870,3572,2003,3975,3984,3981,3116,0,-1.5652,-0.6355,-0.7300,38.4521,-57.3730,-16.9067,11.00,22.00,-50.00
748356,3985,0,3629,3875,1086,1105,0,3974,3983,1387,452,-1.9648,-1.3643,-1.0111,130.5542,-140.9912,-52.1240,18.00,13.00,-53.00
748406,3965,0,2247,3763,2066,1093,3952,3857,3954,676,426,-2.4961,-2.0339,-0.5579,350.2807,-290.5273,-107.5439,18.00,13.00,-53.00
748469,2801,417,421,1247,128,3498,0,3481,3136,2984,503,1.2872,-0.9193,2.1783,343.9941,-286.7432,-69.3359,42.00,-10.00,-35.00
748518,2653,174,490,956,127,3136,0,3435,3023,2646,511,-0.9569,-0.8127,0.3842,-78.7964,189.5141,12.0850,42.00,-10.00,-35.00
748580,2332,0,569,1070,260,3074,1,3567,2862,2431,513,-0.4634,-0.6395,0.3104,-142.4561,176.0254,154.4800,43.00,-4.00,-32.00
748642,2137,0,624,1106,301,2894,0,3641,2982,2178,515,-1.1096,-0.4933,0.1444,-216.1255,224.4873,207.8247,27.00,11.00,-30.00
748692,2126,1,655,959,425,2559,0,3662,3011,1869,514,-2.1097,-0.6617,-0.5151,-265.0146,171.0815,195.4956,27.00,11.00,-30.00
748755,2035,0,740,726,714,2517,0,3710,2798,1875,516,-1.5518,-0.1300,-2.6604,-280.7617,177.7954,107.2388,5.00,22.00,-27.00
748816,2120,607,785,197,1121,3506,0,3812,2562,3067,512,-1.0647,1.1736,-4.0000,-141.8457,-54.4434,-3.8452,5.00,22.00,-27.00
748879,3451,3858,1090,1254,3595,3984,1323,3860,1940,3974,522,-1.1752,-0.1774,-0.2466,195.5566,-185.0586,-93.9331,1.00,22.00,-27.00
748941,3910,3851,3386,3520,3976,3983,0,3983,3627,3986,0,-0.7140,-0.0029,-0.6342,1.7090,-11.7798,-19.6533,9.00,16.00,-32.00
749001,3932,3857,3511,3697,3976,3985,3947,3983,3954,3990,0,-0.8082,-0.3203,-0.5310,-1.4648,-4.0894,6.2866,9.00,16.00,-32.00
749065,3937,3839,3493,3720,3975,3979,3950,3919,3956,3983,0,-0.7913,-0.3153,-0.5417,1.8311,2.2583,-0.6714,6.00,18.00,-30.00
749114,3938,3814,3493,3714,3971,3979,3942,3919,3947,3988,0,-0.7699,-0.3514,-0.5178,-2.9907,-1.4038,0.3662,6.00,18.00,-30.00
749176,3942,3747,3591,3736,3969,3972,3955,3926,3949,3982,0,-0.7701,-0.3584,-0.5468,1.8311,-17.2729,-1.3428,8.00,15.00,-32.00
749225,3959,3552,3667,3793,3973,3953,3966,3926,3953,3979,559,-0.8254,-0.3337,-0.5471,19.2261,-2.8687,-10.4980,8.00,15.00,-32.00
749288,3983,1802,3723,3849,3967,3796,3978,3928,3978,3925,0,-0.6874,-0.3141,-0.5735,2.4414,-14.2822,-5.6152,10.00,17.00,-35.00
749338,3987,3,3733,3864,3775,2254,0,3990,3981,3264,0,-1.6456,-0.5405,-0.7260,21.5454,-55.9082,-5.0049,6.00,15.00,-32.00
749386,3991,1,3769,3868,1136,1088,1,3955,3966,1325,471,-1.3733,-0.9723,-0.8524,68.2373,-123.9624,-17.4561,6.00,15.00,-32.00
749449,3977,0,2737,3809,2087,1135,3956,3891,3965,884,404,-2.6899,-1.9871,-0.4724,310.6689,-279.2358,-84.5337,23.00,1.00,-38.00
749497,3738,2,831,2836,976,858,3510,3676,3794,1027,466,-0.9249,-1.6471,-0.1415,381.8359,-414.4287,-147.3389,23.00,1.00,-38.00
749560,2713,0,443,930,125,3003,0,3437,2994,2600,508,-0.7727,-0.1517,0.6787,-67.4438,205.9326,8.0566,41.00,-14.00,-25.00
749620,2376,0,668,1371,264,3095,1,3562,2996,2533,513,-0.0879,-0.5864,0.3502,-151.2451,190.1855,174.8657,41.00,-14.00,-25.00
749683,2274,1,667,1077,281,2912,0,3620,2956,2285,514,-1.0631,-0.7018,0.0706,-204.8340,242.6147,194.4580,33.00,3.00,-35.00
749745,2377,0,698,816,385,2518,0,3659,2940,1971,513,-2.2253,-0.7203,-0.6261,-250.9155,260.1318,192.7490,17.00,24.00,-32.00
749805,2487,0,788,623,652,2123,0,3710,2795,1816,514,-1.6840,-0.2573,-2.5782,-273.8647,194.3970,134.0942,17.00,24.00,-32.00
749868,2561,0,847,395,889,2623,0,3754,2681,2092,513,-0.6053,1.7764,-3.9736,-130.4932,-74.3408,13.7939,-3.00,39.00,-16.00
749928,2303,3857,1164,1171,3305,3988,0,3863,2408,3965,518,-1.9446,-0.3092,0.2379,208.0688,-137.1460,-117.2485,-3.00,39.00,-16.00
749991,3865,3855,3331,3281,3974,3985,0,3981,3745,3991,0,-0.0924,0.0760,-0.8804,13.3667,-158.8135,-59.3262,7.00,38.00,-22.00
750053,3928,3859,3542,3684,3979,3983,3944,3983,3962,3987,0,-0.8059,-0.2954,-0.5251,4.2114,7.0190,-1.7700,14.00,32.00,-25.00
750112,3932,3844,3539,3674,3975,3982,3946,3919,3960,3991,0,-0.7987,-0.3191,-0.5601,-2.5635,-17.1509,6.1646,14.00,32.00,-25.00
750175,3935,3793,3561,3681,3975,3976,3947,3922,3969,3986,0,-0.7980,-0.3254,-0.5043,-5.1880,-4.7607,3.4180,12.00,33.00,-28.00
750223,3947,3720,3619,3728,3975,3972,3954,3925,3968,3978,1,-0.7854,-0.3464,-0.5593,-0.9155,-25.6348,2.5024,12.00,33.00,-28.00
750286,3966,3439,3698,3788,3972,3945,3971,3926,3973,3970,2,-0.8104,-0.3376,-0.5699,14.7095,-0.8545,-9.3994,12.00,31.00,-31.00
750347,3981,1004,3759,3844,3968,3725,3979,3927,3983,3912,0,-0.7216,-0.2615,-0.5955,1.0986,-15.8691,-4.2114,14.00,31.00,-24.00
750407,3990,0,3789,3865,3609,1351,0,3,3983,2449,494,-1.2019,-0.4791,-0.6980,26.1841,-79.8950,1.8921,14.00,31.00,-24.00
750470,3987,2,3689,3868,1650,1001,0,3981,3930,1444,414,-2.2466,-1.6879,-1.0433,140.9302,-149.5972,-52.0630,15.00,24.00,-30.00
750530,3942,1,1847,3518,1874,1057,0,3847,3939,627,421,-2.3857,-1.7246,-0.9513,390.4419,-353.6377,-107.4219,15.00,24.00,-30.00
750593,2635,392,404,1240,127,3436,0,3423,3014,2803,501,-0.3586,-0.6967,1.5292,366.7602,-245.9106,18.0054,40.00,3.00,-28.00
750655,2651,0,614,1612,409,3083,0,3311,2926,2535,509,-1.2484,-1.5948,0.1771,-237.8540,296.8140,54.1992,45.00,1.00,-26.00
750715,2532,1,581,1414,506,2909,0,3476,2889,2419,510,-1.1138,-0.5679,0.2455,-186.9507,283.0811,205.9936,45.00,1.00,-26.00
750778,2322,0,672,1161,701,2699,0,3617,2911,2173,510,-1.5819,-0.7498,-0.2069,-248.6572,238.8306,193.4204,30.00,19.00,-23.00
750826,2220,0,736,946,747,2369,0,3679,2820,1741,513,-2.3867,-0.5535,-1.4647,-261.4136,194.3359,189.6362,30.00,19.00,-23.00
750889,2567,0,806,538,898,2252,0,3739,2713,1879,513,-1.4047,0.2322,-3.9630,-238.2812,158.9355,59.7534,17.00,28.00,-14.00
750951,1661,3463,690,1,3302,3939,2052,3796,2168,3856,516,-0.3612,-0.5842,-1.4774,130.6763,-193.6035,-290.0391,16.00,28.00,-17.00
751011,3615,3860,1867,506,3933,3986,2257,3898,3085,3987,1,-0.4631,-0.1272,-0.8043,132.5684,-211.1206,-65.5518,16.00,28.00,-17.00
751074,3925,3860,3425,3707,3978,3985,3939,3983,3949,3989,1,-0.7841,-0.3688,-0.5360,8.5449,23.4985,-3.7231,24.00,21.00,-20.00
751136,3939,3853,3411,3766,3977,3984,3957,3916,3966,3989,1,-0.8153,-0.2866,-0.5359,-4.3335,-30.7617,3.1738,25.00,20.00,-23.00
751196,3937,3813,3444,3775,3966,3979,3956,3914,3966,3987,0,-0.7826,-0.3235,-0.5309,-1.4038,8.4839,8.9722,25.00,20.00,-23.00
751259,3951,3719,3522,3786,3963,3968,3957,3988,3972,3982,1,-0.7803,-0.3718,-0.5441,-2.1973,-33.0811,5.3101,24.00,22.00,-18.00
751307,3962,3505,3634,3810,3973,3954,3968,3987,3959,3973,0,-0.7916,-0.3638,-0.5580,13.7329,-29.7241,-14.4653,24.00,22.00,-18.00
751370,3988,1909,3711,3841,3969,3805,3979,3989,3901,3934,1,-0.6882,-0.3101,-0.6067,13.0615,-9.2773,-7.6294,25.00,19.00,-19.00
751431,3988,1,3732,3862,3790,2240,0,3988,3744,3184,504,-1.1251,-0.4045,-0.6812,22.7661,-58.5937,-4.8218,25.00,19.00,-19.00
751493,3989,0,3670,3866,1297,1012,1,3983,3885,1329,434,-1.9419,-1.3970,-1.0929,83.1909,-126.4038,-25.1465,24.00,19.00,-22.00
751555,3965,1,2177,3622,2065,1152,0,3122,3912,665,410,-2.9312,-1.9053,-0.5948,375.3662,-324.1577,-100.5859,35.00,5.00,-24.00
751616,2642,440,467,1149,345,3439,0,2861,3037,2916,499,0.9822,-1.2223,2.1187,285.0342,-232.2388,47.6685,35.00,5.00,-24.00
751678,2641,0,604,1266,338,3062,0,3553,2980,2581,505,-0.3247,-0.6649,0.4048,-54.9927,221.8017,48.7061,46.00,-5.00,-17.00
751739,2532,1,598,1196,481,3064,0,3632,2976,2456,507,-0.8551,-0.5077,0.4047,-159.1187,220.5200,160.5225,41.00,13.00,-23.00
751800,2470,1,683,764,683,2954,0,3682,2835,2244,511,-1.6362,-0.4552,0.0056,-207.5806,249.6948,203.9184,41.00,13.00,-23.00
751862,2571,1,727,696,766,2612,0,2999,2610,1838,510,-2.4927,-0.2799,-1.1923,-270.2637,191.7724,189.9414,21.00,31.00,-20.00
751922,2865,2,721,231,874,2542,3,3031,2452,2005,513,-1.0214,0.2578,-3.5491,-221.8017,129.9438,30.9448,21.00,31.00,-20.00
751985,1711,3795,720,148,2708,3978,1651,3838,1999,3911,515,-1.5568,-0.8196,0.3595,162.9639,-207.3364,-208.3130,7.00,37.00,-17.00
752033,3512,3856,1074,584,3817,3982,1174,3709,2884,3984,520,-0.5056,-0.1218,-0.7335,135.3760,-151.2451,-57.4951,7.00,37.00,-17.00
752096,3893,3856,3261,3198,3967,3982,2,3793,3895,3987,0,-0.7209,-0.2977,-0.5255,12.7563,7.9346,-15.4419,21.00,31.00,-29.00
752158,3893,3866,3276,3372,3974,3982,1,3853,3903,3987,0,-0.8545,-0.2844,-0.4954,-7.8125,-11.7798,4.5166,20.00,29.00,-27.00
752218,3860,3853,3264,3205,3976,3983,0,3869,3901,3988,0,-0.8164,-0.3228,-0.4990,-1.1597,13.2446,5.3101,20.00,29.00,-27.00
752281,3854,3836,3342,3231,3975,3981,0,3877,3921,3985,0,-0.8022,-0.3477,-0.4744,-1.5259,-2.0142,0.5493,20.00,30.00,-29.00
752343,3888,3816,3508,3451,3977,3978,0,3880,3946,3988,0,-0.8176,-0.3490,-0.5342,2.9297,-37.4756,-8.7280,20.00,28.00,-32.00
752403,3959,3673,3647,3757,3980,3966,0,3889,3968,3983,559,-0.8448,-0.2571,-0.5385,16.1743,-10.1318,-21.3013,20.00,28.00,-32.00
752466,3980,265,3716,3844,3953,3659,0,3987,3813,3887,0,-0.5985,-0.3839,-0.6146,-1.2207,-31.1890,-6.0425,23.00,28.00,-30.00
752527,3986,1,3742,3862,1890,1376,0,3987,3984,1876,489,-1.4430,-0.5931,-0.7491,60.6689,-126.4038,-17.3950,23.00,28.00,-30.00
752589,3974,1,3065,3852,2075,1126,3945,3962,3976,1197,0,-2.2849,-1.7356,-0.7711,233.4595,-224.3652,-70.3735,26.00,22.00,-35.00
752651,3793,0,953,2857,1079,815,3570,3665,3734,948,467,-0.7676,-1.7484,-0.2195,359.3750,-438.0493,-186.9507,44.00,-1.00,-29.00
752711,2763,1,554,1047,136,3056,2383,3411,2982,2652,510,-0.1970,0.4485,1.0627,-165.2832,269.2261,-47.7905,44.00,-1.00,-29.00
752774,2488,1,601,1035,496,3045,2272,3518,2896,2624,514,-0.0583,-0.8202,0.2311,-151.7334,190.6128,155.3345,45.00,0.00,-32.00
752834,2359,2,713,791,581,2849,2238,3555,2831,2468,511,-1.1608,-0.8020,-0.0283,-203.7353,287.7808,149.8413,45.00,0.00,-32.00
752897,2287,0,786,479,722,2447,2263,3638,2696,2048,515,-2.0997,-1.0806,-1.0902,-269.7144,242.9199,184.1431,29.00,24.00,-34.00
752959,2484,0,813,123,847,2101,2333,3710,2627,1846,511,-1.7268,-0.8092,-2.4984,-252.9907,185.2417,160.7666,7.00,34.00,-21.00
753020,2652,0,825,130,1215,2448,2435,3734,2639,2137,510,-1.3068,1.7002,-3.7916,-79.4678,-50.6592,35.5225,7.00,34.00,-21.00
753083,1483,3532,825,309,3580,3956,0,3778,2190,3899,515,-0.6304,-0.7963,-0.3740,153.9917,-152.2217,-312.0117,-1.00,36.00,-23.00
753132,3461,3859,1869,798,3901,3989,2178,3859,3031,3985,0,-0.4678,-0.2382,-0.6873,140.0146,-257.0801,-55.1147,-1.00,36.00,-23.00
753195,3929,3864,3503,3699,3976,3985,0,3985,3959,3987,0,-0.8058,-0.3964,-0.5336,3.7842,35.7666,3.6011,16.00,26.00,-36.00
753257,3944,3856,3462,3759,3973,3983,3951,3984,3954,3987,0,-0.8237,-0.2885,-0.5480,-3.1738,-17.9443,1.8311,16.00,29.00,-34.00
753317,3941,3814,3453,3759,3964,3979,3950,3884,3953,3984,0,-0.8153,-0.2892,-0.5160,0.7935,27.0996,8.5449,16.00,29.00,-34.00
753380,3951,3698,3525,3771,3962,3966,3952,3886,3965,3976,0,-0.7640,-0.3693,-0.5253,-7.0801,-34.9121,6.8359,18.00,31.00,-35.00
753442,3970,3386,3617,3802,3969,3936,3962,3887,3964,3969,0,-0.8008,-0.3521,-0.5497,19.1650,-2.6855,-13.8550,18.00,27.00,-32.00
753490,3980,2286,3662,3829,3970,3853,0,3889,3976,3945,0,-0.7449,-0.2937,-0.5673,9.6436,-4.4556,-6.9580,18.00,27.00,-32.00
753553,3985,0,3685,3856,3907,2810,0,3906,3919,3540,415,-1.5505,-0.4590,-0.6842,6.5308,-18.7988,-4.9438,16.00,28.00,-35.00
753614,3989,1,3763,3856,1567,976,0,3898,3990,1375,445,-1.4333,-0.9644,-0.8329,71.8994,-124.2676,-23.3765,16.00,28.00,-35.00
753676,3972,0,2677,3711,2180,1131,3894,3878,3949,901,394,-2.5011,-1.5410,-0.5177,288.5742,-285.5225,-84.7168,24.00,18.00,-41.00
753738,3095,216,557,1544,328,3404,2525,3625,3302,2923,497,-0.6636,-1.7439,0.2151,300.8423,-373.9624,-11.5967,44.00,-4.00,-32.00
753787,2801,0,482,1219,347,2925,0,3542,2900,2619,503,-0.6774,-0.3163,0.7339,-24.1699,245.6055,25.8789,44.00,-4.00,-32.00
753849,2508,2,630,1167,442,3091,0,3577,2927,2698,511,-0.3280,-0.3182,0.4299,-90.6372,164.4897,138.4277,40.00,15.00,-30.00
753910,2285,3,732,1061,454,2909,0,3645,2926,2480,509,-0.9233,-0.6747,0.1066,-209.1064,191.5893,179.0161,40.00,15.00,-30.00
753972,2253,1,758,849,638,2526,0,3687,2873,2034,511,-2.0740,-0.6528,-0.6694,-259.1553,207.6416,189.0869,15.00,32.00,-24.00
754033,2368,0,818,728,811,2520,1,3817,2807,1987,510,-1.7688,-0.5835,-1.8002,-238.3423,184.2651,108.7646,15.00,32.00,-24.00
754095,2572,0,848,389,1011,2838,1,3847,2791,2521,510,-0.7772,0.8459,-2.3153,-120.8496,72.2656,72.2656,0.00,35.00,-5.00
754157,2255,2054,775,240,1252,3773,0,3844,2357,3534,515,-1.1929,-0.6152,-1.8579,21.4844,-95.2759,-67.7490,0.00,33.00,0.00
754218,3230,3855,1175,560,3158,3983,1063,3836,2650,3970,520,-0.8403,-0.2625,-0.4792,137.5122,-252.1973,-95.6421,0.00,33.00,0.00
754280,3930,3844,3459,3672,3976,3982,3896,3984,2985,3989,0,-0.5736,0.1952,-0.8196,19.6533,0.9155,-31.0059,14.00,28.00,-19.00
754342,3952,3833,3546,3761,3978,3981,3948,3982,3939,3987,568,-0.7828,-0.2924,-0.5693,0.6104,-16.9678,-4.2114,15.00,31.00,-18.00
754390,3961,3815,3525,3782,3977,3976,3957,3983,3918,3983,559,-0.7773,-0.2946,-0.5670,0.8545,-4.5166,2.5635,15.00,31.00,-18.00
754453,3960,3766,3538,3776,3973,3970,3954,3984,3977,3984,0,-0.7762,-0.3416,-0.5276,-9.5825,6.5308,10.2539,16.00,29.00,-19.00
754502,3963,3691,3558,3775,3973,3965,3952,3987,3972,3978,0,-0.7727,-0.3280,-0.5515,-4.3945,-7.9956,1.2817,16.00,29.00,-19.00
754553,3971,3569,3597,3796,3974,3955,3963,3985,3723,3980,555,-0.7880,-0.3197,-0.5447,7.2632,2.2583,-3.9673,15.00,29.00,-17.00
754614,3978,3364,3637,3821,3979,3942,3970,3986,3905,3976,547,-0.7888,-0.3285,-0.5583,6.6528,-2.0142,-7.9956,15.00,29.00,-17.00
754677,3983,2695,3669,3831,3974,3887,3975,3988,3923,3953,0,-0.7703,-0.3425,-0.5593,4.8218,1.2817,-5.6152,14.00,29.00,-18.00
754726,3982,1,3703,3826,3966,3641,3965,3988,3952,3897,1,-0.7833,-0.2860,-0.5510,3.2349,5.6152,-12.0850,14.00,29.00,-18.00
754789,3974,2,3689,3757,3824,2198,0,2827,3949,3500,556,-1.3135,-0.3846,-0.6354,33.3862,-40.6494,-8.0566,16.00,30.00,-22.00
754840,3934,1,3528,3526,3191,1141,0,1855,3936,2505,502,-1.1515,-0.6379,-0.6371,71.8994,-128.6011,3.7842,19.00,27.00,-22.00
754889,3836,1,1946,2281,2581,2428,0,3821,3770,2938,489,-0.2159,-0.7510,-0.6677,102.8442,-140.6250,50.9644,19.00,27.00,-22.00
754951,2704,0,736,1286,2174,3158,1792,3757,2956,3118,514,-0.2865,-0.2246,0.3651,125.0610,88.3179,31.7383,22.00,22.00,-24.00
755000,2653,1,749,1169,2113,3180,1722,3733,2842,2987,518,-0.7078,-0.1219,0.0486,34.4238,112.0605,35.6445,22.00,22.00,-24.00
755062,2413,0,781,1063,1947,3117,1809,3732,2860,2842,519,-0.8423,-0.2795,-0.3065,-72.9980,57.3730,50.6592,22.00,27.00,-28.00
755111,2252,2,814,1066,1761,2963,2065,3731,2903,2687,519,-0.9142,-0.4867,-0.6493,-71.6553,53.6499,34.9731,22.00,27.00,-28.00
755173,2347,1,820,1143,1567,2940,0,3715,2918,2608,521,-0.8154,-0.4060,-0.8777,-30.7007,88.6841,49.0112,18.00,28.00,-18.00
755221,2283,2,878,1392,1250,2899,0,3713,2989,2403,521,-0.9369,-0.2592,-0.7977,-12.6953,47.8516,56.1523,18.00,28.00,-18.00
755284,2223,0,886,1719,895,2835,2604,3690,3074,2230,519,-1.0583,0.1410,-0.6824,11.4746,16.1133,5.1270,14.00,32.00,-11.00
755333,2401,1,833,1715,769,2902,1,3682,2979,2205,519,-1.2780,0.3712,-0.6719,-31.9824,7.1411,-26.5503,14.00,32.00,-11.00
